48	179	0
156	344	0
12	378	0
18	102	0
62	120	0
317	155	0
377	293	0
360	79	0
21	64	0
418	159	0
420	523	0
143	335	0
181	335	0
562	159	0
444	74	0
555	442	0
474	471	0
228	264	0
61	519	0
45	12	0
396	199	0
507	42	0
360	194	0
480	298	0
562	298	0
253	2	0
20	264	0
322	532	0
61	12	0
39	507	0
451	196	0
350	523	0
21	320	0
39	476	0
143	249	0
266	264	0
341	101	0
37	548	0
328	22	0
85	160	0
320	108	0
388	501	0
159	220	0
335	551	0
37	181	0
290	525	0
124	117	0
523	211	0
514	501	0
360	501	0
156	14	0
511	437	0
377	308	0
50	21	0
228	111	0
341	229	0
388	62	0
519	417	0
119	147	0
37	177	0
156	311	0
497	128	0
440	564	0
466	62	0
523	569	0
410	79	0
371	102	0
20	437	0
414	316	0
20	490	0
143	341	0
124	523	0
119	255	0
238	405	0
28	501	0
124	425	0
54	160	0
414	14	0
220	30	0
322	114	0
140	378	0
39	421	0
467	68	0
200	111	0
378	249	0
378	64	0
39	517	0
360	363	0
511	457	0
98	234	0
498	501	0
280	341	0
448	437	0
158	330	0
238	21	0
108	316	0
177	102	0
563	264	0
418	344	0
12	452	0
99	525	0
20	256	0
393	525	0
455	44	0
196	392	0
45	442	0
253	337	0
407	471	0
414	79	0
320	39	0
249	258	0
519	256	0
61	249	0
532	60	0
458	50	0
159	77	0
98	294	0
341	181	0
155	264	0
505	440	0
317	347	0
119	378	0
324	525	0
469	378	0
320	290	0
20	278	0
356	471	0
49	479	0
213	344	0
39	355	0
25	140	0
50	229	0
23	340	0
49	144	0
108	195	0
110	259	0
348	471	0
68	548	0
35	199	0
317	213	0
46	440	0
474	20	0
253	156	0
18	30	0
57	111	0
279	300	0
345	471	0
49	225	0
466	405	0
18	290	0
22	487	0
429	119	0
418	22	0
60	64	0
231	440	0
566	344	0
272	62	0
504	335	0
338	471	0
522	159	0
86	179	0
71	44	0
25	252	0
377	348	0
173	62	0
347	67	0
60	363	0
2	16	0
293	298	0
228	440	0
315	344	0
440	569	0
44	99	0
69	497	0
522	30	0
484	160	0
288	160	0
57	2	0
367	386	0
39	14	0
290	299	0
12	205	0
378	359	0
102	229	0
50	318	0
156	264	0
22	229	0
347	442	0
311	152	0
430	30	0
320	298	0
480	440	0
376	471	0
49	262	0
566	133	0
16	44	0
148	108	0
490	30	0
111	457	0
369	60	0
2	451	0
39	154	0
467	264	0
396	30	0
156	177	0
168	22	0
417	160	0
133	64	0
39	262	0
564	298	0
330	378	0
411	523	0
249	148	0
18	440	0
111	152	0
388	290	0
206	67	0
515	360	0
322	336	0
14	65	0
296	159	0
366	159	0
23	79	0
68	567	0
14	195	0
98	102	0
322	153	0
456	12	0
452	341	0
140	48	0
98	28	0
57	23	0
472	317	0
440	417	0
410	199	0
98	378	0
237	60	0
253	48	0
254	12	0
412	440	0
347	179	0
157	117	0
553	497	0
455	239	0
440	207	0
60	487	0
110	279	0
44	319	0
49	212	0
35	109	0
456	264	0
515	119	0
523	66	0
35	67	0
117	64	0
110	121	0
439	30	0
307	199	0
363	159	0
62	190	0
322	349	0
452	159	0
440	213	0
173	300	0
351	525	0
566	62	0
17	298	0
360	170	0
49	512	0
9	14	0
123	159	0
416	335	0
132	111	0
44	285	0
21	129	0
499	179	0
20	200	0
523	391	0
50	378	0
410	471	0
488	440	0
328	20	0
191	219	0
360	205	0
340	249	0
159	48	0
118	199	0
418	48	0
320	440	0
437	264	0
18	60	0
226	199	0
469	345	0
68	508	0
300	367	0
183	37	0
21	512	0
332	199	0
168	471	0
283	211	0
205	102	0
18	110	0
360	274	0
350	109	0
108	99	0
46	37	0
523	354	0
296	223	0
49	386	0
71	102	0
98	525	0
238	102	0
12	354	0
479	177	0
360	299	0
332	44	0
341	107	0
298	471	0
337	67	0
60	498	0
200	108	0
134	12	0
119	310	0
50	302	0
298	223	0
497	117	0
168	108	0
49	76	0
272	341	0
37	338	0
466	440	0
511	195	0
562	519	0
74	101	0
445	79	0
17	120	0
322	278	0
377	442	0
156	90	0
299	160	0
35	523	0
196	324	0
133	308	0
479	30	0
283	207	0
553	68	0
412	42	0
177	335	0
37	447	0
200	39	0
44	79	0
30	349	0
254	440	0
337	444	0
74	296	0
523	13	0
50	272	0
411	12	0
229	179	0
68	445	0
448	396	0
322	541	0
272	501	0
453	62	0
119	161	0
360	519	0
322	295	0
417	199	0
39	152	0
14	227	0
298	160	0
20	127	0
322	9	0
355	44	0
33	37	0
2	457	0
49	445	0
455	134	0
369	20	0
50	143	0
111	195	0
37	229	0
440	442	0
377	65	0
382	86	0
49	58	0
50	161	0
455	256	0
497	457	0
437	133	0
260	12	0
50	119	0
341	48	0
39	288	0
469	78	0
337	54	0
290	347	0
163	497	0
117	345	0
28	160	0
336	457	0
376	179	0
134	22	0
293	471	0
264	101	0
128	300	0
436	109	0
336	427	0
290	371	0
76	335	0
298	77	0
419	68	0
497	355	0
98	442	0
23	445	0
271	377	0
140	14	0
283	487	0
421	471	0
20	194	0
469	508	0
541	341	0
440	471	0
525	457	0
120	54	0
455	107	0
2	180	0
50	199	0
474	119	0
140	160	0
505	14	0
264	344	0
369	14	0
440	153	0
528	20	0
156	279	0
308	341	0
14	214	0
196	14	0
232	2	0
50	35	0
283	482	0
21	157	0
410	335	0
228	298	0
228	497	0
237	39	0
565	160	0
337	124	0
206	133	0
102	101	0
566	296	0
49	73	0
173	341	0
444	39	0
388	264	0
277	405	0
155	62	0
311	316	0
29	160	0
541	109	0
296	160	0
119	152	0
228	2	0
49	366	0
456	42	0
378	160	0
12	148	0
2	548	0
206	367	0
213	525	0
48	471	0
21	161	0
106	108	0
322	121	0
55	497	0
101	179	0
399	37	0
298	181	0
161	67	0
378	205	0
119	445	0
117	28	0
196	264	0
74	279	0
298	299	0
360	295	0
39	170	0
505	335	0
427	14	0
45	27	0
35	377	0
148	67	0
39	354	0
33	440	0
490	2	0
22	482	0
39	231	0
37	67	0
74	332	0
53	298	0
22	417	0
128	525	0
322	556	0
261	30	0
28	199	0
45	156	0
317	293	0
253	39	0
565	62	0
12	420	0
469	294	0
110	332	0
440	295	0
469	453	0
175	471	0
322	239	0
39	445	0
59	497	0
50	487	0
17	156	0
317	452	0
453	315	0
410	20	0
87	14	0
111	68	0
20	558	0
523	457	0
356	39	0
271	37	0
505	39	0
238	111	0
386	344	0
453	298	0
567	62	0
231	377	0
118	160	0
25	565	0
460	39	0
128	22	0
119	195	0
322	357	0
21	39	0
55	442	0
157	378	0
50	386	0
266	442	0
156	416	0
110	444	0
472	386	0
108	79	0
109	159	0
20	104	0
196	118	0
504	14	0
414	109	0
183	14	0
201	298	0
111	94	0
506	37	0
23	564	0
322	160	0
39	146	0
74	338	0
412	311	0
133	397	0
454	360	0
497	565	0
117	344	0
486	179	0
316	79	0
37	180	0
448	190	0
155	14	0
55	60	0
467	30	0
249	54	0
61	25	0
39	99	0
455	2	0
21	436	0
511	64	0
317	437	0
14	164	0
119	159	0
337	471	0
119	562	0
74	421	0
360	264	0
27	466	0
50	156	0
2	76	0
37	326	0
206	338	0
311	519	0
322	451	0
444	120	0
22	508	0
22	302	0
27	177	0
414	67	0
109	299	0
471	501	0
60	438	0
469	28	0
74	196	0
340	378	0
45	249	0
436	311	0
56	44	0
50	153	0
562	316	0
206	62	0
378	66	0
440	318	0
27	279	0
99	179	0
50	438	0
56	335	0
363	298	0
528	68	0
156	507	0
14	545	0
445	48	0
255	48	0
2	562	0
50	54	0
469	129	0
367	316	0
155	199	0
2	522	0
20	479	0
12	120	0
119	569	0
317	305	0
23	74	0
50	278	0
507	160	0
416	42	0
511	229	0
145	440	0
338	501	0
50	503	0
44	386	0
298	372	0
111	179	0
509	44	0
337	311	0
109	147	0
156	160	0
320	22	0
455	39	0
238	378	0
116	270	0
14	288	0
2	554	0
216	523	0
444	2	0
448	65	0
249	246	0
119	118	0
272	523	0
143	44	0
567	108	0
555	298	0
6	335	0
244	298	0
98	324	0
247	44	0
336	120	0
16	298	0
2	226	0
412	156	0
44	179	0
27	212	0
411	264	0
412	12	0
417	79	0
378	519	0
336	371	0
30	54	0
50	207	0
145	196	0
340	117	0
37	423	0
62	397	0
68	349	0
549	497	0
179	299	0
35	119	0
20	308	0
416	501	0
541	37	0
278	30	0
133	487	0
497	225	0
50	319	0
49	249	0
27	444	0
109	421	0
37	9	0
60	154	0
74	437	0
440	54	0
377	294	0
22	567	0
555	68	0
64	159	0
133	288	0
249	2	0
261	44	0
437	48	0
410	344	0
173	525	0
55	511	0
523	159	0
341	559	0
311	318	0
2	251	0
56	300	0
108	508	0
25	41	0
396	316	0
414	525	0
249	14	0
39	392	0
213	79	0
117	30	0
311	195	0
400	497	0
356	74	0
108	293	0
20	565	0
21	124	0
39	427	0
519	344	0
239	159	0
216	448	0
39	101	0
440	182	0
514	405	0
337	22	0
455	60	0
429	405	0
21	444	0
22	319	0
322	261	0
272	79	0
132	311	0
22	287	0
519	42	0
254	2	0
85	27	0
451	159	0
356	298	0
322	370	0
22	220	0
39	374	0
377	298	0
299	79	0
340	48	0
110	466	0
566	44	0
39	326	0
37	567	0
114	156	0
272	264	0
360	498	0
293	316	0
121	160	0
37	212	0
315	288	0
322	61	0
290	90	0
322	482	0
14	347	0
254	501	0
201	133	0
14	234	0
466	525	0
277	300	0
300	569	0
133	214	0
234	344	0
196	566	0
20	295	0
29	298	0
176	49	0
456	440	0
56	60	0
239	133	0
407	48	0
206	457	0
456	405	0
159	251	0
471	335	0
523	201	0
42	54	0
205	377	0
497	127	0
337	229	0
414	160	0
311	133	0
440	308	0
110	299	0
110	202	0
261	298	0
55	119	0
442	219	0
183	298	0
288	471	0
179	160	0
523	397	0
567	471	0
379	12	0
22	213	0
14	100	0
133	223	0
403	68	0
403	37	0
341	77	0
528	30	0
49	14	0
264	299	0
279	179	0
62	101	0
453	119	0
12	78	0
311	102	0
20	167	0
466	37	0
179	569	0
271	12	0
2	108	0
22	177	0
201	30	0
87	300	0
68	244	0
417	377	0
311	277	0
226	440	0
39	541	0
50	532	0
341	160	0
61	497	0
167	335	0
50	372	0
386	223	0
322	308	0
277	501	0
565	79	0
12	457	0
39	212	0
469	108	0
523	229	0
448	77	0
395	98	0
156	77	0
228	378	0
440	154	0
156	514	0
414	442	0
12	259	0
2	544	0
499	377	0
98	175	0
511	101	0
39	501	0
29	525	0
110	344	0
399	2	0
254	471	0
98	451	0
440	326	0
45	471	0
119	99	0
35	196	0
98	256	0
134	322	0
279	523	0
25	173	0
377	67	0
365	120	0
523	161	0
337	347	0
39	48	0
488	60	0
87	30	0
293	179	0
228	12	0
448	128	0
68	517	0
80	14	0
414	290	0
330	405	0
108	457	0
322	320	0
360	231	0
350	296	0
74	152	0
23	22	0
23	405	0
39	66	0
114	341	0
497	437	0
320	360	0
328	298	0
544	160	0
68	355	0
23	109	0
359	160	0
159	423	0
429	120	0
228	386	0
489	264	0
249	37	0
309	341	0
68	274	0
50	64	0
440	367	0
46	159	0
18	298	0
49	296	0
39	370	0
440	349	0
440	421	0
283	202	0
20	37	0
155	471	0
57	110	0
472	98	0
49	419	0
336	128	0
62	179	0
22	63	0
430	316	0
39	359	0
23	316	0
124	49	0
27	315	0
515	160	0
2	479	0
341	195	0
279	298	0
430	133	0
21	23	0
119	351	0
119	54	0
20	12	0
317	201	0
320	2	0
322	300	0
399	335	0
336	347	0
157	30	0
474	159	0
48	211	0
30	79	0
525	259	0
552	49	0
168	42	0
27	202	0
161	471	0
67	90	0
22	181	0
68	170	0
414	497	0
111	341	0
290	354	0
414	156	0
511	371	0
55	27	0
110	229	0
39	258	0
469	332	0
74	541	0
541	60	0
80	335	0
44	487	0
50	82	0
133	99	0
360	255	0
569	160	0
23	523	0
143	264	0
523	120	0
175	519	0
68	299	0
377	396	0
37	481	0
111	277	0
37	524	0
452	298	0
134	14	0
366	341	0
66	42	0
39	480	0
272	440	0
38	116	0
121	501	0
129	440	0
499	317	0
440	310	0
317	294	0
413	68	0
20	482	0
216	377	0
458	117	0
549	14	0
37	296	0
50	244	0
49	336	0
378	148	0
228	283	0
213	48	0
39	430	0
360	465	0
56	440	0
49	491	0
39	203	0
57	290	0
254	300	0
67	421	0
322	414	0
20	13	0
350	300	0
523	564	0
39	284	0
565	199	0
68	535	0
378	264	0
55	37	0
121	311	0
2	22	0
497	548	0
68	564	0
50	228	0
486	448	0
558	14	0
39	79	0
414	159	0
50	400	0
23	275	0
322	421	0
20	77	0
64	298	0
310	160	0
505	44	0
219	265	0
565	30	0
322	427	0
409	14	0
119	102	0
49	246	0
68	198	0
37	442	0
515	377	0
49	345	0
121	120	0
229	67	0
50	182	0
121	68	0
62	452	0
37	76	0
73	335	0
253	471	0
56	497	0
440	150	0
22	481	0
12	514	0
411	108	0
376	62	0
511	344	0
50	328	0
254	39	0
68	182	0
298	219	0
68	133	0
39	58	0
252	79	0
60	194	0
562	120	0
139	49	0
27	234	0
469	67	0
102	79	0
338	298	0
102	66	0
18	264	0
25	247	0
159	264	0
35	405	0
378	177	0
163	39	0
198	335	0
317	348	0
509	159	0
71	378	0
345	196	0
216	160	0
515	2	0
68	326	0
237	37	0
22	77	0
336	79	0
440	522	0
320	264	0
50	559	0
472	264	0
120	264	0
340	42	0
373	14	0
356	442	0
300	223	0
200	14	0
246	298	0
14	58	0
466	160	0
68	344	0
129	68	0
98	106	0
523	437	0
143	159	0
220	341	0
61	111	0
453	344	0
20	183	0
121	30	0
65	316	0
480	120	0
37	501	0
249	374	0
437	471	0
311	421	0
405	219	0
37	508	0
49	90	0
409	360	0
396	264	0
206	448	0
49	382	0
80	159	0
416	14	0
118	159	0
14	314	0
25	259	0
30	397	0
336	199	0
108	374	0
37	377	0
330	79	0
525	79	0
14	244	0
39	148	0
318	42	0
497	551	0
39	310	0
448	349	0
528	335	0
49	423	0
212	79	0
39	466	0
336	311	0
271	440	0
37	199	0
74	44	0
39	267	0
469	35	0
80	37	0
556	22	0
119	121	0
259	42	0
322	277	0
497	234	0
416	67	0
249	501	0
20	18	0
279	264	0
27	159	0
255	159	0
388	156	0
238	39	0
436	264	0
123	360	0
98	336	0
523	459	0
20	377	0
40	23	0
307	344	0
117	354	0
23	448	0
21	378	0
68	16	0
225	440	0
469	159	0
157	298	0
300	77	0
12	335	0
12	74	0
456	111	0
98	119	0
59	44	0
566	179	0
238	511	0
145	264	0
121	341	0
156	562	0
279	377	0
447	30	0
168	74	0
39	397	0
39	65	0
371	108	0
453	335	0
20	351	0
123	37	0
472	108	0
27	508	0
60	150	0
317	29	0
448	145	0
119	501	0
296	487	0
448	121	0
27	459	0
119	48	0
45	298	0
249	335	0
23	377	0
159	102	0
311	298	0
50	549	0
258	501	0
61	20	0
290	229	0
56	62	0
109	101	0
474	37	0
254	337	0
448	348	0
18	360	0
322	161	0
347	102	0
12	160	0
22	107	0
322	423	0
554	44	0
25	444	0
523	440	0
360	302	0
14	396	0
145	386	0
206	482	0
452	160	0
563	298	0
549	44	0
497	302	0
68	261	0
50	101	0
49	319	0
21	524	0
414	249	0
45	110	0
378	311	0
39	319	0
414	335	0
259	79	0
39	259	0
348	160	0
39	211	0
108	300	0
80	360	0
369	322	0
200	335	0
25	20	0
164	79	0
448	350	0
117	421	0
253	25	0
497	121	0
213	264	0
341	179	0
360	225	0
322	98	0
360	232	0
448	315	0
414	523	0
431	298	0
229	405	0
440	53	0
68	447	0
114	2	0
345	177	0
101	335	0
388	523	0
22	447	0
515	108	0
317	206	0
309	68	0
454	50	0
50	267	0
296	181	0
429	27	0
50	98	0
50	6	0
254	296	0
57	378	0
49	298	0
119	120	0
55	22	0
497	198	0
322	376	0
437	501	0
50	465	0
377	288	0
145	315	0
212	264	0
157	337	0
322	377	0
27	194	0
68	202	0
322	548	0
336	310	0
23	77	0
341	335	0
50	320	0
68	247	0
133	569	0
57	523	0
117	121	0
372	501	0
260	300	0
442	471	0
336	417	0
497	466	0
132	119	0
20	49	0
467	341	0
469	196	0
430	525	0
378	30	0
12	294	0
98	68	0
337	541	0
456	341	0
37	345	0
108	471	0
322	384	0
68	396	0
74	501	0
167	37	0
317	239	0
253	159	0
20	71	0
356	12	0
350	42	0
360	9	0
17	442	0
336	541	0
469	65	0
444	298	0
168	119	0
50	416	0
351	405	0
185	335	0
20	353	0
253	12	0
205	30	0
123	20	0
458	440	0
369	298	0
330	22	0
541	159	0
12	365	0
231	108	0
431	14	0
156	148	0
519	567	0
23	252	0
253	290	0
179	344	0
121	519	0
277	199	0
74	377	0
410	497	0
524	405	0
20	386	0
317	567	0
118	264	0
14	517	0
41	525	0
30	195	0
25	417	0
20	317	0
337	128	0
378	347	0
237	22	0
455	397	0
451	14	0
225	159	0
332	48	0
60	107	0
515	300	0
347	300	0
53	44	0
255	511	0
22	274	0
353	30	0
357	219	0
388	196	0
300	251	0
437	42	0
369	335	0
20	487	0
279	316	0
46	22	0
50	274	0
110	66	0
17	147	0
564	377	0
143	14	0
386	67	0
22	377	0
37	563	0
416	442	0
567	296	0
21	49	0
60	47	0
266	42	0
440	554	0
41	14	0
23	235	0
499	2	0
111	564	0
277	42	0
410	448	0
253	22	0
27	351	0
147	344	0
440	371	0
317	64	0
378	202	0
226	300	0
168	12	0
341	319	0
49	66	0
98	565	0
23	14	0
377	386	0
21	159	0
100	30	0
66	405	0
351	109	0
311	199	0
360	525	0
49	359	0
374	471	0
450	344	0
228	249	0
228	156	0
448	108	0
61	335	0
458	22	0
14	341	0
528	37	0
57	102	0
74	299	0
68	225	0
499	39	0
50	258	0
22	335	0
50	121	0
239	471	0
458	27	0
553	2	0
20	119	0
176	14	0
232	22	0
49	145	0
322	372	0
412	471	0
22	53	0
497	417	0
140	249	0
497	491	0
336	196	0
379	156	0
471	77	0
28	62	0
311	457	0
68	519	0
111	514	0
564	62	0
119	440	0
68	199	0
25	77	0
541	405	0
102	44	0
205	471	0
37	294	0
454	335	0
554	298	0
20	39	0
360	49	0
363	14	0
360	366	0
23	497	0
101	471	0
555	264	0
511	258	0
85	119	0
523	498	0
264	507	0
82	60	0
157	156	0
420	442	0
196	396	0
228	22	0
322	444	0
467	344	0
455	37	0
320	336	0
39	196	0
563	525	0
260	298	0
471	219	0
366	14	0
108	347	0
565	386	0
451	22	0
20	559	0
549	68	0
336	523	0
159	287	0
324	316	0
497	64	0
451	44	0
155	160	0
183	525	0
385	525	0
448	288	0
523	442	0
541	511	0
167	440	0
487	199	0
414	27	0
156	12	0
337	156	0
20	405	0
497	79	0
20	23	0
205	160	0
22	251	0
50	566	0
21	147	0
110	249	0
417	525	0
437	30	0
293	525	0
371	471	0
20	498	0
226	62	0
22	564	0
27	67	0
472	519	0
311	523	0
456	27	0
129	335	0
25	164	0
369	25	0
20	309	0
23	71	0
58	471	0
360	44	0
39	555	0
2	107	0
98	345	0
55	344	0
360	309	0
413	298	0
111	226	0
309	2	0
429	264	0
565	264	0
44	154	0
253	98	0
338	159	0
200	68	0
27	482	0
2	324	0
456	22	0
466	120	0
427	79	0
194	298	0
549	20	0
120	102	0
22	349	0
139	479	0
39	567	0
522	264	0
50	48	0
360	76	0
150	14	0
298	287	0
2	77	0
466	471	0
497	244	0
226	159	0
27	565	0
2	194	0
156	405	0
180	335	0
179	54	0
119	332	0
260	322	0
254	156	0
488	39	0
22	370	0
61	159	0
202	160	0
563	300	0
55	341	0
249	354	0
436	440	0
21	525	0
20	491	0
264	90	0
377	341	0
12	256	0
295	298	0
25	39	0
386	215	0
39	153	0
254	108	0
60	244	0
469	272	0
386	349	0
171	14	0
507	199	0
12	372	0
290	74	0
44	471	0
12	445	0
360	226	0
177	442	0
98	562	0
68	100	0
456	497	0
316	30	0
58	67	0
37	465	0
185	525	0
278	37	0
353	14	0
436	102	0
2	120	0
39	107	0
12	117	0
249	79	0
202	335	0
20	107	0
456	511	0
360	107	0
68	179	0
254	386	0
2	170	0
71	14	0
123	25	0
12	305	0
156	249	0
311	62	0
132	110	0
17	74	0
298	559	0
565	377	0
356	264	0
44	73	0
419	14	0
249	427	0
562	199	0
284	48	0
110	523	0
39	437	0
18	160	0
388	519	0
214	160	0
316	179	0
237	14	0
25	337	0
523	79	0
118	377	0
80	298	0
39	465	0
20	231	0
519	294	0
129	442	0
80	341	0
277	525	0
290	359	0
17	501	0
63	159	0
360	212	0
317	391	0
337	23	0
120	179	0
322	504	0
167	68	0
200	523	0
212	48	0
336	205	0
71	159	0
102	471	0
28	300	0
196	120	0
418	519	0
290	405	0
431	44	0
519	508	0
17	39	0
2	417	0
525	107	0
405	471	0
56	133	0
322	53	0
451	440	0
50	12	0
488	296	0
61	317	0
27	49	0
322	147	0
124	67	0
27	128	0
409	30	0
264	310	0
37	487	0
294	264	0
21	420	0
49	107	0
360	37	0
18	37	0
528	159	0
159	295	0
497	9	0
501	77	0
64	264	0
62	308	0
377	397	0
119	419	0
67	501	0
49	506	0
108	264	0
129	160	0
410	377	0
549	159	0
541	160	0
49	182	0
39	133	0
159	299	0
497	416	0
133	299	0
23	335	0
20	287	0
311	109	0
544	525	0
140	102	0
117	266	0
440	196	0
322	382	0
39	503	0
448	181	0
523	215	0
155	49	0
255	311	0
311	525	0
360	48	0
60	308	0
311	160	0
6	360	0
190	377	0
322	274	0
378	48	0
456	311	0
50	212	0
196	391	0
132	39	0
272	109	0
556	497	0
429	298	0
129	102	0
133	108	0
491	298	0
399	159	0
308	160	0
60	355	0
311	147	0
523	367	0
114	290	0
44	349	0
311	471	0
168	27	0
298	319	0
467	160	0
74	436	0
471	344	0
20	392	0
564	160	0
231	501	0
74	28	0
388	336	0
18	471	0
55	378	0
98	78	0
43	62	0
61	133	0
264	54	0
442	457	0
59	30	0
488	22	0
119	28	0
562	296	0
28	196	0
298	344	0
253	79	0
515	62	0
525	223	0
49	63	0
60	76	0
341	551	0
35	14	0
196	199	0
74	427	0
39	249	0
419	336	0
23	457	0
175	27	0
239	30	0
523	393	0
27	161	0
173	315	0
50	120	0
499	49	0
455	452	0
386	160	0
411	298	0
474	68	0
109	161	0
23	155	0
351	160	0
311	562	0
336	58	0
118	335	0
497	501	0
68	405	0
109	318	0
140	336	0
68	287	0
298	405	0
190	160	0
68	465	0
264	442	0
378	195	0
39	300	0
322	220	0
98	307	0
20	453	0
486	12	0
39	347	0
497	58	0
60	349	0
108	65	0
47	335	0
336	161	0
133	277	0
452	179	0
55	156	0
418	39	0
279	120	0
155	296	0
378	335	0
232	159	0
0	68	0
119	555	0
311	229	0
50	23	0
111	28	0
322	565	0
360	74	0
2	376	0
555	341	0
558	341	0
68	285	0
68	48	0
337	30	0
117	58	0
21	425	0
497	326	0
2	535	0
309	39	0
98	519	0
50	261	0
336	338	0
111	99	0
315	294	0
360	344	0
58	30	0
455	85	0
27	152	0
22	73	0
249	255	0
336	203	0
40	525	0
562	344	0
366	37	0
497	554	0
456	335	0
317	87	0
411	337	0
12	214	0
396	471	0
377	215	0
62	64	0
474	108	0
448	347	0
157	511	0
377	102	0
57	74	0
108	305	0
65	298	0
226	283	0
360	160	0
82	14	0
177	44	0
497	535	0
159	457	0
474	48	0
20	569	0
508	344	0
20	439	0
82	68	0
196	487	0
472	469	0
497	452	0
14	153	0
49	487	0
20	438	0
298	73	0
159	194	0
27	392	0
274	14	0
231	102	0
61	160	0
314	79	0
360	249	0
39	108	0
379	501	0
427	44	0
27	101	0
118	44	0
168	264	0
216	300	0
497	194	0
49	338	0
49	206	0
564	296	0
27	365	0
99	386	0
388	469	0
22	207	0
37	44	0
156	179	0
200	12	0
253	523	0
337	152	0
49	417	0
311	332	0
417	133	0
356	42	0
140	511	0
519	159	0
264	524	0
60	219	0
194	79	0
39	391	0
119	566	0
50	128	0
239	160	0
120	359	0
373	341	0
444	108	0
332	501	0
111	202	0
228	196	0
360	121	0
20	417	0
337	179	0
356	511	0
448	305	0
37	565	0
300	544	0
168	440	0
156	374	0
2	338	0
196	442	0
27	480	0
409	22	0
418	497	0
467	49	0
20	324	0
253	519	0
20	2	0
523	307	0
322	77	0
522	160	0
467	119	0
14	377	0
14	391	0
509	322	0
231	30	0
260	448	0
341	349	0
324	264	0
300	107	0
205	179	0
12	444	0
33	22	0
420	264	0
290	277	0
296	215	0
68	442	0
163	22	0
79	77	0
50	482	0
123	22	0
23	378	0
519	305	0
474	523	0
114	319	0
525	450	0
39	298	0
108	365	0
249	420	0
290	437	0
2	277	0
99	160	0
442	310	0
134	298	0
322	99	0
20	564	0
2	220	0
39	294	0
2	239	0
37	108	0
523	251	0
61	179	0
163	37	0
448	251	0
155	519	0
28	108	0
432	382	0
37	367	0
386	525	0
109	445	0
322	567	0
27	318	0
467	20	0
205	523	0
108	501	0
50	522	0
287	30	0
50	9	0
108	14	0
235	264	0
360	163	0
50	157	0
379	67	0
20	285	0
206	417	0
474	196	0
360	569	0
46	20	0
264	67	0
2	100	0
367	335	0
472	471	0
21	562	0
18	523	0
43	30	0
440	362	0
360	262	0
57	497	0
317	65	0
110	501	0
249	344	0
336	264	0
50	118	0
200	60	0
417	300	0
316	512	0
175	377	0
62	396	0
2	66	0
458	39	0
57	337	0
324	300	0
60	295	0
474	497	0
322	337	0
50	299	0
22	507	0
414	336	0
497	73	0
102	195	0
272	298	0
39	120	0
2	471	0
253	311	0
541	108	0
444	117	0
409	39	0
440	58	0
414	119	0
156	147	0
418	377	0
6	39	0
369	360	0
27	129	0
467	60	0
179	251	0
322	287	0
74	311	0
330	336	0
17	357	0
399	44	0
300	316	0
440	487	0
567	298	0
228	160	0
436	442	0
12	109	0
337	405	0
57	50	0
25	55	0
278	68	0
20	450	0
129	179	0
440	179	0
454	298	0
322	49	0
49	438	0
111	501	0
99	199	0
519	392	0
159	160	0
228	206	0
440	170	0
519	78	0
448	308	0
322	17	0
145	68	0
74	316	0
523	107	0
469	307	0
254	497	0
2	195	0
20	41	0
484	30	0
228	109	0
109	498	0
20	471	0
517	335	0
27	183	0
35	519	0
39	362	0
27	294	0
25	255	0
469	42	0
385	14	0
300	484	0
440	16	0
111	121	0
378	37	0
225	335	0
171	341	0
322	447	0
322	319	0
371	120	0
49	566	0
60	63	0
311	48	0
12	442	0
110	347	0
196	417	0
50	146	0
145	159	0
27	173	0
249	121	0
284	79	0
246	264	0
111	555	0
67	195	0
369	30	0
68	223	0
300	181	0
30	501	0
39	314	0
322	262	0
419	440	0
549	360	0
201	377	0
44	507	0
111	87	0
378	196	0
317	77	0
173	14	0
264	318	0
388	317	0
48	79	0
148	14	0
444	311	0
110	195	0
322	419	0
39	261	0
300	349	0
366	30	0
344	569	0
497	146	0
110	264	0
60	335	0
9	159	0
369	50	0
497	465	0
497	332	0
290	37	0
565	133	0
23	548	0
22	416	0
417	298	0
62	288	0
39	179	0
27	341	0
108	78	0
14	261	0
316	223	0
159	67	0
49	171	0
244	341	0
377	392	0
456	360	0
20	213	0
102	30	0
520	440	0
23	2	0
20	457	0
129	117	0
60	229	0
79	104	0
2	294	0
37	58	0
124	249	0
98	522	0
497	223	0
49	541	0
272	108	0
33	50	0
196	42	0
60	246	0
110	12	0
459	471	0
497	160	0
440	465	0
567	179	0
25	431	0
566	471	0
21	28	0
117	338	0
2	205	0
416	108	0
541	68	0
283	234	0
49	287	0
228	37	0
202	108	0
239	14	0
271	159	0
108	67	0
23	120	0
25	143	0
120	457	0
566	386	0
378	436	0
454	39	0
50	565	0
322	299	0
68	154	0
21	264	0
22	386	0
563	316	0
37	564	0
35	74	0
497	53	0
523	152	0
12	371	0
39	177	0
315	347	0
85	525	0
563	14	0
515	30	0
427	300	0
308	30	0
556	68	0
27	143	0
156	48	0
43	471	0
523	77	0
22	261	0
202	442	0
145	60	0
225	44	0
177	507	0
39	520	0
371	298	0
117	335	0
21	365	0
455	196	0
469	507	0
23	330	0
35	42	0
21	299	0
430	298	0
564	471	0
57	336	0
206	173	0
118	14	0
143	525	0
360	567	0
14	104	0
228	102	0
102	310	0
290	148	0
111	377	0
254	442	0
238	298	0
49	121	0
317	48	0
140	62	0
30	508	0
336	159	0
27	180	0
413	49	0
336	359	0
499	30	0
264	160	0
216	12	0
133	367	0
440	504	0
254	335	0
58	501	0
322	173	0
27	285	0
490	360	0
320	497	0
48	104	0
46	341	0
317	430	0
238	249	0
2	87	0
117	315	0
179	471	0
411	109	0
147	471	0
260	62	0
419	298	0
17	110	0
523	259	0
27	307	0
412	264	0
58	335	0
290	541	0
409	2	0
37	77	0
17	160	0
260	179	0
102	299	0
414	519	0
49	223	0
144	14	0
61	471	0
311	120	0
336	498	0
378	371	0
413	322	0
418	264	0
114	523	0
39	202	0
427	525	0
2	73	0
110	371	0
159	559	0
300	471	0
359	405	0
66	442	0
555	160	0
49	332	0
20	85	0
249	421	0
299	42	0
336	180	0
231	523	0
378	457	0
467	27	0
309	497	0
414	440	0
140	315	0
295	341	0
467	22	0
298	517	0
177	120	0
440	370	0
413	497	0
110	60	0
108	259	0
109	298	0
139	507	0
128	501	0
74	258	0
108	442	0
448	507	0
430	179	0
123	298	0
377	367	0
177	298	0
416	30	0
292	301	0
345	79	0
360	419	0
567	14	0
27	148	0
68	64	0
440	223	0
337	448	0
548	471	0
2	326	0
360	54	0
159	244	0
159	405	0
196	294	0
157	160	0
328	341	0
336	416	0
322	453	0
254	111	0
253	264	0
360	143	0
2	231	0
523	487	0
55	117	0
427	264	0
156	378	0
532	440	0
396	335	0
290	129	0
272	179	0
124	119	0
453	497	0
58	341	0
448	54	0
176	39	0
102	359	0
64	42	0
132	156	0
18	159	0
344	199	0
379	511	0
336	258	0
43	315	0
519	391	0
46	44	0
315	397	0
87	316	0
155	48	0
440	416	0
300	298	0
145	179	0
253	249	0
562	471	0
139	22	0
109	315	0
471	160	0
161	501	0
69	30	0
21	507	0
379	264	0
49	226	0
44	298	0
437	160	0
497	541	0
21	555	0
565	335	0
18	117	0
20	249	0
12	376	0
25	311	0
111	498	0
50	308	0
217	39	0
37	471	0
231	109	0
322	102	0
392	264	0
49	102	0
21	18	0
50	179	0
238	42	0
348	179	0
475	264	0
532	360	0
523	160	0
155	179	0
316	67	0
499	471	0
486	298	0
300	386	0
33	322	0
378	147	0
179	349	0
114	39	0
37	220	0
35	311	0
497	16	0
123	525	0
322	430	0
119	360	0
119	563	0
497	170	0
337	133	0
298	100	0
337	377	0
45	102	0
50	399	0
515	317	0
49	47	0
50	280	0
140	316	0
157	108	0
458	156	0
515	298	0
277	264	0
39	367	0
378	152	0
541	42	0
27	405	0
39	16	0
553	22	0
21	156	0
366	60	0
505	68	0
117	350	0
68	180	0
33	2	0
300	101	0
515	39	0
388	311	0
20	294	0
118	30	0
225	341	0
20	466	0
74	199	0
315	102	0
256	344	0
131	68	0
27	314	0
507	30	0
458	159	0
21	350	0
60	417	0
336	299	0
412	336	0
176	525	0
49	558	0
21	356	0
111	466	0
49	504	0
409	497	0
386	77	0
366	298	0
110	315	0
23	311	0
566	377	0
322	311	0
200	315	0
553	159	0
411	50	0
255	30	0
2	173	0
467	469	0
71	335	0
28	264	0
410	14	0
9	341	0
452	525	0
228	179	0
553	39	0
372	160	0
351	79	0
2	295	0
179	214	0
35	264	0
50	71	0
411	74	0
14	501	0
444	511	0
249	541	0
501	195	0
418	60	0
39	118	0
60	564	0
410	360	0
497	183	0
157	335	0
25	330	0
61	469	0
20	349	0
226	160	0
440	195	0
39	535	0
156	466	0
298	251	0
2	311	0
290	79	0
498	471	0
254	68	0
20	409	0
20	520	0
25	79	0
20	336	0
226	316	0
21	205	0
317	562	0
458	110	0
66	298	0
50	351	0
360	562	0
567	44	0
360	452	0
486	39	0
20	299	0
490	49	0
12	484	0
379	442	0
62	48	0
23	255	0
336	160	0
35	525	0
228	74	0
44	251	0
133	107	0
161	102	0
200	497	0
523	177	0
305	386	0
455	98	0
522	199	0
68	554	0
111	39	0
2	434	0
144	298	0
298	318	0
168	20	0
133	484	0
63	44	0
205	264	0
369	68	0
140	42	0
356	523	0
378	117	0
277	179	0
12	324	0
308	300	0
497	173	0
121	133	0
6	341	0
119	64	0
436	120	0
348	525	0
514	442	0
373	22	0
156	444	0
382	37	0
205	405	0
311	377	0
2	229	0
490	497	0
98	199	0
196	277	0
50	181	0
111	30	0
50	255	0
416	160	0
159	370	0
336	374	0
159	367	0
62	367	0
419	377	0
320	378	0
128	48	0
17	191	0
474	2	0
12	347	0
562	102	0
567	315	0
25	48	0
315	324	0
417	14	0
159	535	0
548	335	0
413	30	0
332	160	0
206	202	0
288	525	0
119	487	0
196	30	0
228	344	0
396	159	0
128	42	0
22	504	0
119	307	0
49	363	0
249	359	0
322	73	0
23	62	0
239	440	0
455	251	0
322	117	0
111	378	0
400	335	0
50	466	0
108	58	0
12	332	0
341	501	0
457	160	0
378	466	0
278	60	0
62	29	0
98	332	0
300	67	0
50	140	0
405	501	0
65	344	0
57	48	0
311	101	0
382	341	0
459	386	0
49	244	0
108	405	0
117	102	0
487	335	0
377	78	0
360	565	0
403	60	0
469	305	0
134	27	0
157	42	0
111	298	0
23	459	0
110	219	0
159	54	0
35	120	0
452	316	0
337	277	0
60	54	0
497	566	0
562	386	0
223	335	0
228	120	0
21	371	0
150	30	0
14	44	0
196	377	0
231	22	0
431	471	0
2	146	0
300	48	0
305	199	0
469	55	0
36	344	0
469	175	0
219	160	0
454	20	0
525	299	0
111	64	0
231	264	0
37	207	0
46	50	0
444	160	0
369	48	0
200	525	0
20	442	0
37	150	0
466	14	0
20	223	0
409	335	0
420	109	0
456	523	0
54	335	0
140	108	0
252	523	0
200	159	0
39	255	0
206	350	0
290	442	0
564	300	0
419	341	0
360	150	0
66	335	0
39	487	0
465	335	0
544	471	0
111	143	0
117	77	0
60	285	0
39	29	0
549	298	0
523	214	0
196	293	0
2	308	0
143	2	0
50	107	0
272	471	0
29	179	0
148	440	0
322	213	0
246	160	0
360	87	0
296	365	0
255	440	0
175	12	0
25	314	0
523	58	0
458	442	0
255	160	0
62	108	0
50	56	0
2	296	0
414	12	0
249	299	0
50	377	0
17	405	0
119	347	0
39	251	0
2	344	0
156	129	0
254	316	0
14	535	0
150	298	0
39	363	0
378	541	0
71	42	0
436	108	0
511	347	0
252	14	0
39	324	0
453	519	0
567	316	0
120	258	0
467	322	0
14	152	0
2	438	0
356	67	0
60	182	0
206	471	0
50	20	0
254	109	0
12	386	0
453	108	0
49	143	0
453	283	0
523	54	0
179	223	0
460	68	0
448	107	0
497	144	0
322	418	0
472	62	0
448	101	0
18	341	0
564	30	0
410	62	0
567	48	0
448	195	0
20	293	0
20	215	0
507	79	0
50	90	0
60	118	0
515	315	0
156	109	0
553	60	0
61	23	0
163	68	0
308	335	0
216	14	0
410	50	0
359	471	0
373	68	0
159	100	0
336	555	0
528	14	0
337	427	0
509	39	0
60	220	0
369	37	0
23	108	0
157	471	0
23	143	0
440	344	0
157	497	0
50	349	0
440	566	0
206	121	0
445	442	0
30	569	0
20	133	0
21	427	0
22	465	0
308	471	0
505	22	0
68	311	0
156	448	0
114	110	0
440	161	0
20	416	0
238	264	0
371	67	0
25	407	0
27	145	0
469	68	0
322	501	0
238	501	0
466	48	0
213	179	0
63	30	0
22	267	0
316	344	0
109	347	0
2	366	0
386	181	0
249	177	0
296	348	0
322	523	0
65	525	0
453	2	0
21	344	0
21	437	0
12	507	0
417	44	0
159	79	0
49	67	0
12	48	0
205	133	0
59	22	0
110	143	0
300	507	0
159	195	0
119	442	0
260	525	0
412	442	0
201	300	0
290	152	0
133	396	0
249	336	0
119	219	0
238	119	0
337	335	0
322	44	0
429	109	0
114	510	0
140	501	0
39	351	0
27	562	0
12	341	0
50	490	0
318	501	0
157	22	0
440	287	0
50	457	0
427	160	0
448	226	0
45	49	0
220	298	0
377	338	0
200	37	0
453	317	0
279	108	0
522	525	0
467	440	0
442	160	0
50	223	0
226	298	0
166	264	0
37	99	0
205	442	0
480	311	0
6	14	0
414	22	0
429	249	0
44	153	0
183	68	0
20	235	0
21	359	0
497	68	0
39	459	0
279	471	0
2	196	0
254	27	0
264	79	0
159	170	0
455	293	0
21	12	0
279	67	0
132	298	0
120	338	0
20	175	0
20	363	0
156	119	0
399	68	0
133	471	0
61	315	0
202	264	0
448	565	0
508	160	0
520	22	0
360	558	0
271	30	0
567	344	0
18	336	0
12	279	0
111	229	0
139	14	0
98	344	0
2	64	0
22	196	0
296	48	0
562	405	0
228	523	0
341	54	0
360	167	0
255	44	0
39	548	0
128	44	0
239	179	0
80	440	0
23	350	0
330	37	0
60	370	0
98	196	0
18	119	0
49	150	0
30	299	0
23	259	0
320	442	0
23	27	0
532	341	0
515	471	0
62	215	0
480	14	0
12	288	0
114	42	0
467	44	0
50	311	0
271	14	0
360	335	0
296	214	0
429	117	0
110	562	0
249	311	0
274	159	0
140	179	0
56	159	0
68	500	0
356	68	0
119	344	0
216	39	0
14	307	0
466	60	0
360	563	0
488	2	0
28	525	0
39	438	0
397	471	0
400	14	0
23	296	0
290	444	0
2	160	0
211	79	0
225	14	0
429	102	0
114	119	0
237	360	0
360	479	0
117	277	0
287	335	0
117	246	0
21	121	0
412	160	0
549	22	0
290	466	0
452	471	0
264	501	0
175	316	0
414	469	0
68	319	0
27	359	0
20	44	0
49	420	0
98	120	0
437	79	0
25	307	0
65	160	0
148	102	0
140	523	0
474	23	0
474	344	0
378	159	0
298	152	0
322	335	0
274	335	0
45	67	0
119	524	0
33	341	0
213	377	0
336	482	0
360	466	0
322	254	0
360	77	0
337	501	0
440	567	0
418	68	0
445	159	0
471	195	0
523	293	0
469	226	0
436	298	0
45	160	0
159	127	0
336	437	0
272	519	0
68	178	0
253	50	0
247	525	0
21	101	0
74	58	0
20	507	0
232	39	0
497	363	0
23	215	0
317	205	0
322	62	0
35	21	0
255	335	0
337	258	0
328	497	0
39	22	0
60	566	0
379	117	0
336	231	0
501	160	0
497	262	0
322	259	0
55	48	0
12	338	0
118	341	0
168	110	0
145	48	0
44	223	0
20	164	0
246	341	0
356	311	0
157	49	0
14	251	0
322	293	0
322	55	0
360	423	0
330	49	0
50	409	0
12	37	0
111	310	0
515	519	0
497	362	0
2	319	0
148	405	0
132	74	0
159	199	0
290	64	0
253	501	0
322	480	0
217	322	0
49	335	0
45	108	0
108	199	0
61	360	0
405	512	0
147	42	0
420	471	0
17	60	0
472	525	0
360	82	0
311	161	0
74	179	0
44	180	0
448	120	0
378	246	0
98	569	0
409	60	0
237	68	0
427	471	0
148	519	0
14	457	0
12	487	0
419	525	0
12	497	0
388	249	0
20	225	0
216	316	0
161	160	0
566	160	0
12	367	0
469	515	0
360	261	0
39	219	0
68	438	0
23	332	0
48	13	0
20	22	0
322	196	0
418	341	0
360	457	0
140	120	0
322	133	0
21	246	0
254	377	0
355	159	0
58	264	0
410	179	0
253	37	0
440	64	0
12	195	0
25	118	0
400	39	0
213	14	0
448	562	0
12	65	0
403	335	0
50	293	0
25	391	0
14	211	0
119	498	0
290	258	0
499	62	0
179	397	0
37	417	0
194	335	0
156	300	0
378	498	0
360	298	0
305	525	0
179	307	0
328	39	0
6	44	0
371	14	0
360	120	0
14	318	0
63	335	0
49	564	0
109	371	0
337	249	0
279	519	0
29	30	0
20	143	0
556	335	0
60	551	0
49	567	0
238	290	0
311	279	0
50	353	0
12	293	0
567	386	0
111	371	0
23	562	0
39	558	0
262	335	0
129	511	0
455	430	0
337	161	0
231	159	0
412	298	0
156	143	0
279	442	0
20	554	0
196	44	0
412	511	0
458	67	0
61	525	0
156	340	0
156	318	0
378	377	0
322	170	0
39	77	0
315	107	0
413	44	0
456	290	0
322	379	0
555	37	0
362	44	0
489	39	0
64	341	0
167	22	0
228	336	0
505	497	0
6	60	0
296	300	0
305	264	0
60	262	0
124	39	0
340	405	0
405	335	0
205	315	0
111	148	0
37	545	0
341	367	0
201	179	0
336	348	0
471	215	0
49	309	0
117	372	0
30	170	0
12	336	0
353	49	0
108	324	0
157	102	0
362	30	0
391	160	0
9	44	0
27	487	0
469	386	0
196	564	0
74	519	0
12	266	0
472	160	0
497	471	0
156	66	0
167	298	0
350	405	0
39	100	0
35	156	0
120	335	0
121	44	0
74	386	0
337	110	0
271	60	0
430	160	0
39	316	0
108	450	0
20	355	0
320	44	0
20	267	0
341	100	0
246	442	0
12	90	0
20	419	0
50	567	0
293	300	0
22	101	0
418	335	0
18	378	0
563	159	0
360	68	0
317	223	0
62	315	0
39	457	0
337	121	0
119	259	0
322	144	0
340	290	0
356	111	0
440	396	0
44	442	0
40	14	0
85	377	0
474	79	0
497	181	0
405	160	0
378	351	0
448	99	0
217	50	0
12	161	0
379	111	0
311	335	0
119	79	0
555	525	0
119	374	0
356	49	0
134	335	0
20	173	0
21	14	0
49	160	0
156	152	0
27	147	0
399	341	0
129	22	0
22	427	0
61	110	0
392	199	0
117	44	0
2	54	0
330	264	0
49	120	0
455	175	0
64	67	0
22	457	0
302	159	0
68	79	0
360	196	0
49	231	0
68	62	0
23	290	0
254	117	0
235	471	0
196	565	0
49	497	0
226	377	0
455	392	0
109	64	0
67	160	0
29	300	0
98	567	0
497	226	0
39	278	0
20	68	0
311	372	0
458	160	0
231	133	0
322	37	0
111	279	0
308	44	0
206	180	0
133	452	0
12	508	0
460	79	0
49	152	0
159	285	0
379	405	0
124	74	0
98	508	0
298	195	0
62	251	0
200	336	0
111	320	0
39	239	0
173	30	0
213	44	0
50	360	0
20	314	0
472	300	0
49	251	0
62	347	0
231	405	0
50	356	0
39	109	0
409	341	0
260	296	0
37	48	0
410	300	0
110	421	0
12	145	0
27	310	0
298	179	0
37	319	0
133	307	0
332	525	0
14	207	0
25	459	0
37	22	0
400	60	0
20	541	0
523	514	0
322	251	0
117	259	0
155	283	0
50	444	0
311	108	0
12	49	0
20	251	0
417	341	0
460	525	0
12	567	0
196	234	0
366	22	0
49	341	0
439	497	0
71	511	0
27	457	0
348	264	0
2	555	0
511	318	0
407	523	0
67	471	0
2	128	0
466	442	0
497	66	0
156	71	0
322	175	0
388	405	0
511	514	0
196	569	0
60	153	0
322	201	0
467	335	0
567	264	0
152	160	0
117	405	0
386	199	0
420	311	0
39	229	0
67	318	0
455	569	0
27	215	0
68	144	0
350	48	0
225	37	0
249	277	0
156	58	0
20	228	0
249	108	0
315	484	0
27	117	0
6	2	0
515	316	0
497	498	0
360	223	0
21	290	0
497	274	0
311	148	0
249	457	0
555	42	0
128	108	0
410	108	0
322	79	0
119	523	0
474	25	0
458	264	0
457	335	0
167	30	0
50	285	0
486	14	0
322	280	0
388	2	0
39	104	0
14	525	0
274	341	0
76	30	0
67	79	0
556	37	0
22	16	0
156	365	0
124	298	0
183	48	0
337	562	0
37	362	0
14	308	0
400	159	0
290	60	0
244	335	0
61	523	0
39	497	0
497	396	0
213	386	0
68	76	0
37	491	0
413	50	0
196	108	0
22	569	0
532	497	0
337	320	0
497	100	0
311	264	0
20	423	0
296	179	0
338	179	0
311	259	0
175	196	0
450	199	0
60	196	0
519	102	0
132	120	0
255	79	0
14	277	0
37	302	0
528	60	0
23	110	0
64	179	0
440	299	0
280	298	0
317	179	0
466	501	0
168	102	0
74	318	0
290	161	0
39	198	0
231	37	0
98	14	0
317	120	0
68	108	0
12	555	0
148	199	0
367	30	0
124	442	0
563	48	0
133	386	0
454	44	0
69	2	0
563	386	0
453	360	0
39	416	0
156	360	0
388	344	0
317	311	0
60	58	0
212	341	0
175	298	0
49	129	0
68	207	0
290	498	0
22	442	0
360	431	0
523	563	0
283	348	0
272	25	0
337	147	0
251	335	0
55	199	0
39	447	0
414	133	0
20	177	0
320	119	0
25	285	0
129	300	0
22	565	0
532	22	0
20	338	0
440	280	0
23	440	0
20	229	0
206	203	0
322	87	0
98	298	0
196	213	0
553	14	0
60	287	0
272	68	0
20	556	0
98	396	0
111	360	0
49	87	0
249	202	0
392	298	0
238	120	0
117	264	0
45	501	0
45	109	0
64	316	0
68	386	0
98	129	0
341	370	0
278	14	0
320	160	0
74	148	0
290	219	0
356	501	0
290	246	0
68	262	0
37	308	0
238	156	0
123	14	0
436	511	0
22	551	0
12	60	0
111	480	0
315	307	0
48	215	0
12	239	0
39	551	0
50	474	0
39	44	0
78	160	0
566	159	0
382	327	0
68	87	0
49	202	0
12	565	0
455	453	0
159	517	0
444	525	0
378	58	0
55	501	0
74	344	0
474	377	0
111	421	0
159	179	0
439	156	0
74	335	0
57	471	0
21	249	0
33	20	0
310	42	0
229	160	0
238	49	0
57	442	0
68	53	0
163	440	0
388	378	0
272	133	0
20	198	0
351	67	0
216	471	0
68	294	0
457	471	0
110	255	0
497	239	0
411	471	0
564	344	0
448	506	0
49	522	0
341	298	0
20	148	0
277	316	0
405	318	0
109	120	0
279	62	0
525	344	0
311	159	0
20	522	0
39	275	0
39	559	0
322	487	0
175	300	0
469	121	0
320	109	0
50	488	0
213	160	0
205	44	0
168	49	0
564	159	0
110	101	0
21	277	0
49	372	0
196	335	0
498	44	0
14	421	0
71	37	0
511	562	0
74	562	0
317	396	0
109	512	0
412	119	0
60	471	0
277	377	0
159	471	0
44	465	0
214	471	0
23	41	0
567	377	0
117	79	0
37	298	0
20	456	0
255	37	0
279	199	0
27	299	0
290	143	0
281	292	0
261	335	0
253	42	0
290	315	0
111	374	0
272	316	0
412	49	0
256	14	0
117	371	0
2	504	0
340	501	0
453	44	0
519	522	0
246	405	0
152	442	0
117	445	0
337	315	0
119	416	0
14	180	0
523	305	0
253	68	0
50	110	0
157	12	0
336	202	0
50	453	0
410	37	0
322	400	0
458	108	0
315	223	0
39	335	0
213	335	0
427	442	0
228	519	0
309	298	0
134	30	0
2	182	0
133	14	0
486	317	0
171	68	0
440	355	0
168	50	0
12	501	0
20	170	0
499	37	0
300	299	0
69	50	0
419	160	0
21	114	0
355	341	0
290	338	0
448	201	0
2	565	0
290	501	0
548	30	0
111	110	0
2	508	0
2	43	0
271	49	0
39	450	0
2	442	0
320	249	0
300	525	0
71	48	0
523	194	0
129	196	0
101	501	0
23	212	0
50	206	0
456	39	0
110	231	0
37	54	0
336	246	0
298	391	0
454	68	0
110	427	0
39	332	0
226	341	0
82	30	0
509	20	0
541	30	0
511	310	0
50	310	0
566	300	0
448	344	0
110	79	0
27	417	0
35	27	0
231	335	0
25	316	0
228	448	0
99	344	0
37	182	0
353	37	0
25	360	0
20	262	0
39	386	0
39	227	0
2	14	0
379	523	0
469	442	0
119	277	0
68	427	0
68	562	0
471	104	0
499	448	0
455	515	0
35	108	0
60	128	0
60	548	0
27	54	0
369	105	0
17	440	0
159	569	0
360	377	0
37	299	0
417	48	0
360	39	0
50	294	0
271	315	0
20	332	0
18	501	0
175	315	0
53	341	0
369	440	0
173	335	0
62	324	0
322	515	0
467	360	0
320	14	0
505	360	0
410	264	0
156	68	0
348	300	0
50	55	0
44	160	0
111	67	0
271	79	0
259	160	0
71	311	0
377	300	0
39	372	0
448	300	0
12	466	0
175	344	0
50	73	0
253	405	0
62	437	0
145	341	0
249	351	0
14	259	0
416	159	0
336	226	0
223	471	0
360	349	0
71	442	0
35	160	0
237	159	0
50	371	0
300	397	0
71	160	0
37	349	0
388	377	0
133	48	0
14	359	0
552	14	0
153	298	0
294	199	0
232	440	0
49	326	0
322	479	0
288	179	0
414	23	0
44	367	0
33	60	0
39	73	0
388	98	0
18	68	0
246	501	0
504	30	0
74	195	0
119	305	0
12	152	0
414	62	0
414	264	0
45	111	0
49	437	0
25	340	0
94	448	0
283	417	0
39	562	0
322	231	0
249	44	0
56	68	0
55	290	0
49	259	0
25	457	0
159	101	0
253	110	0
337	507	0
62	300	0
457	501	0
133	159	0
377	347	0
23	42	0
57	49	0
515	60	0
108	487	0
298	78	0
528	497	0
117	161	0
20	330	0
111	351	0
68	335	0
337	74	0
119	350	0
12	14	0
106	196	0
49	349	0
206	179	0
9	298	0
14	491	0
49	161	0
300	307	0
129	42	0
50	74	0
337	420	0
57	249	0
56	341	0
119	202	0
456	119	0
271	317	0
466	523	0
44	370	0
206	336	0
110	480	0
469	569	0
332	471	0
444	378	0
98	213	0
48	259	0
48	335	0
57	341	0
120	341	0
322	332	0
45	119	0
440	363	0
14	160	0
322	298	0
558	440	0
212	44	0
49	99	0
290	279	0
562	300	0
337	18	0
33	14	0
182	159	0
49	559	0
98	121	0
337	68	0
146	44	0
511	315	0
39	434	0
305	298	0
110	277	0
20	100	0
44	299	0
176	519	0
110	416	0
439	360	0
290	101	0
21	466	0
264	258	0
128	296	0
21	58	0
118	79	0
110	336	0
50	335	0
20	548	0
22	338	0
98	487	0
82	37	0
157	67	0
2	150	0
14	324	0
228	44	0
49	146	0
231	511	0
50	254	0
525	442	0
62	277	0
553	440	0
523	246	0
20	180	0
255	117	0
440	457	0
249	371	0
360	244	0
247	159	0
156	44	0
523	275	0
157	44	0
311	202	0
50	66	0
61	120	0
504	298	0
279	160	0
124	108	0
330	159	0
119	117	0
418	160	0
111	350	0
320	501	0
45	311	0
271	62	0
111	129	0
68	384	0
253	469	0
156	480	0
64	335	0
508	199	0
124	110	0
128	405	0
274	298	0
27	79	0
232	341	0
49	68	0
175	525	0
20	87	0
120	318	0
20	418	0
412	117	0
14	229	0
61	117	0
68	213	0
440	118	0
452	335	0
309	22	0
50	129	0
337	421	0
71	440	0
469	277	0
322	225	0
14	48	0
49	127	0
337	77	0
341	79	0
119	466	0
264	234	0
317	367	0
22	199	0
567	30	0
12	2	0
61	50	0
523	501	0
44	438	0
23	567	0
249	66	0
264	391	0
275	79	0
62	223	0
27	567	0
431	341	0
456	117	0
82	298	0
320	335	0
255	471	0
79	215	0
322	60	0
108	48	0
2	447	0
458	42	0
411	336	0
22	423	0
212	14	0
23	160	0
332	335	0
39	234	0
56	315	0
472	48	0
396	79	0
567	133	0
322	396	0
469	279	0
420	511	0
123	44	0
146	159	0
198	298	0
238	14	0
448	430	0
21	332	0
12	101	0
173	377	0
118	298	0
228	296	0
6	497	0
61	49	0
474	264	0
565	108	0
501	335	0
39	508	0
111	66	0
49	108	0
322	46	0
198	341	0
77	160	0
347	264	0
49	195	0
87	62	0
12	58	0
271	48	0
57	440	0
562	79	0
60	522	0
200	44	0
55	440	0
249	480	0
45	21	0
357	344	0
62	159	0
469	396	0
497	508	0
182	30	0
290	471	0
14	445	0
413	341	0
360	66	0
228	316	0
456	60	0
102	525	0
499	300	0
322	195	0
444	442	0
50	102	0
317	231	0
62	299	0
117	48	0
366	335	0
155	79	0
49	440	0
414	386	0
469	293	0
49	177	0
562	335	0
388	448	0
414	44	0
191	344	0
206	311	0
440	14	0
454	497	0
444	523	0
429	50	0
228	62	0
68	160	0
20	396	0
409	37	0
228	442	0
27	371	0
23	442	0
50	246	0
20	163	0
567	300	0
322	190	0
421	160	0
12	391	0
119	427	0
413	335	0
182	298	0
21	66	0
396	525	0
444	102	0
371	405	0
448	293	0
345	335	0
39	280	0
298	484	0
472	119	0
121	179	0
177	341	0
322	347	0
157	341	0
123	497	0
262	159	0
314	525	0
111	77	0
482	335	0
569	335	0
50	498	0
12	44	0
176	98	0
205	341	0
108	229	0
429	12	0
114	360	0
249	562	0
469	74	0
290	117	0
85	344	0
2	102	0
453	14	0
217	159	0
377	44	0
414	21	0
80	44	0
322	318	0
305	30	0
30	181	0
33	39	0
455	111	0
386	214	0
369	27	0
156	332	0
413	39	0
87	525	0
255	525	0
6	30	0
455	190	0
48	457	0
108	234	0
145	519	0
49	278	0
117	420	0
44	67	0
27	305	0
337	117	0
60	79	0
133	67	0
420	298	0
143	501	0
296	133	0
420	120	0
61	337	0
200	519	0
2	118	0
50	338	0
157	159	0
246	44	0
167	60	0
44	199	0
119	348	0
456	49	0
290	28	0
228	27	0
50	39	0
164	48	0
57	109	0
558	68	0
414	360	0
448	28	0
57	119	0
410	525	0
150	159	0
35	20	0
20	452	0
79	160	0
57	360	0
57	12	0
63	298	0
407	525	0
50	295	0
139	525	0
99	335	0
436	336	0
317	484	0
120	421	0
338	300	0
14	397	0
98	308	0
523	405	0
85	264	0
161	14	0
497	386	0
294	159	0
448	299	0
129	377	0
260	30	0
68	153	0
60	205	0
294	344	0
159	76	0
353	44	0
440	374	0
290	68	0
440	431	0
12	129	0
117	347	0
157	119	0
66	160	0
168	159	0
298	54	0
228	39	0
228	117	0
437	525	0
90	501	0
228	159	0
111	440	0
337	101	0
18	67	0
400	68	0
12	566	0
460	30	0
45	511	0
458	497	0
497	295	0
145	22	0
317	544	0
12	226	0
111	161	0
56	471	0
272	21	0
45	440	0
316	48	0
298	258	0
279	405	0
60	517	0
37	285	0
459	179	0
159	207	0
414	377	0
369	2	0
453	525	0
322	183	0
388	42	0
39	256	0
132	264	0
378	79	0
20	302	0
28	519	0
469	522	0
106	519	0
444	67	0
377	450	0
159	501	0
64	30	0
311	177	0
377	452	0
228	300	0
337	378	0
336	420	0
2	569	0
175	62	0
20	407	0
71	22	0
486	30	0
20	277	0
37	427	0
311	374	0
21	351	0
143	30	0
528	2	0
378	120	0
271	300	0
315	396	0
110	48	0
309	30	0
57	156	0
298	234	0
369	39	0
163	159	0
37	562	0
412	108	0
554	335	0
431	48	0
161	120	0
117	148	0
20	160	0
2	335	0
74	117	0
156	79	0
159	386	0
50	14	0
108	90	0
85	39	0
460	335	0
117	258	0
199	335	0
341	423	0
456	378	0
272	525	0
50	202	0
427	48	0
98	507	0
523	87	0
386	179	0
553	49	0
272	12	0
237	440	0
410	68	0
532	14	0
119	386	0
439	159	0
411	111	0
156	436	0
134	469	0
111	37	0
49	154	0
228	133	0
119	108	0
365	67	0
220	335	0
420	67	0
117	416	0
45	39	0
523	190	0
244	30	0
206	207	0
22	363	0
311	514	0
39	182	0
419	39	0
317	140	0
491	44	0
240	37	0
336	365	0
345	377	0
183	440	0
293	160	0
114	30	0
564	108	0
18	12	0
6	440	0
68	22	0
74	371	0
486	322	0
196	160	0
37	280	0
350	283	0
388	12	0
249	229	0
322	279	0
61	199	0
23	156	0
182	341	0
129	341	0
296	507	0
328	335	0
296	386	0
249	205	0
119	294	0
17	117	0
400	360	0
469	564	0
455	78	0
57	14	0
369	523	0
68	300	0
177	160	0
455	288	0
414	405	0
360	442	0
71	525	0
55	335	0
18	49	0
448	311	0
27	37	0
566	335	0
300	160	0
396	341	0
322	219	0
322	14	0
249	101	0
418	98	0
20	76	0
322	181	0
49	347	0
322	437	0
35	336	0
123	27	0
425	152	0
119	565	0
2	567	0
156	336	0
442	90	0
49	199	0
60	338	0
311	128	0
453	68	0
27	348	0
50	420	0
173	179	0
49	302	0
144	159	0
556	60	0
410	159	0
213	62	0
307	471	0
143	471	0
65	471	0
23	39	0
488	37	0
499	497	0
322	420	0
480	501	0
179	391	0
474	440	0
205	109	0
440	219	0
27	207	0
129	298	0
311	246	0
456	110	0
49	274	0
45	120	0
114	298	0
322	466	0
511	266	0
322	6	0
360	246	0
448	279	0
370	335	0
56	49	0
359	501	0
519	65	0
50	374	0
202	14	0
562	501	0
179	195	0
322	23	0
12	345	0
388	74	0
256	377	0
290	140	0
298	214	0
322	80	0
23	471	0
200	27	0
49	355	0
176	119	0
472	179	0
562	264	0
474	30	0
159	438	0
49	220	0
110	119	0
436	67	0
61	30	0
20	207	0
159	319	0
523	284	0
345	67	0
33	497	0
440	482	0
294	300	0
235	14	0
228	49	0
416	120	0
322	317	0
117	332	0
455	419	0
525	307	0
411	110	0
316	215	0
391	79	0
2	566	0
348	386	0
246	159	0
45	290	0
414	74	0
437	102	0
50	431	0
110	360	0
39	569	0
444	79	0
37	498	0
158	157	0
322	397	0
491	341	0
20	246	0
98	29	0
21	160	0
152	405	0
108	335	0
399	14	0
234	160	0
429	378	0
456	14	0
388	525	0
440	285	0
50	437	0
156	386	0
416	298	0
12	66	0
290	128	0
206	211	0
25	548	0
61	44	0
480	442	0
2	501	0
109	258	0
448	324	0
23	140	0
80	497	0
499	159	0
421	501	0
139	27	0
448	67	0
456	249	0
74	48	0
466	117	0
66	67	0
133	305	0
49	507	0
14	482	0
68	341	0
44	423	0
498	67	0
37	251	0
39	128	0
50	25	0
50	341	0
18	39	0
55	39	0
25	213	0
49	170	0
117	68	0
79	501	0
114	117	0
156	277	0
414	344	0
22	223	0
63	341	0
440	438	0
114	497	0
298	457	0
511	128	0
388	199	0
322	247	0
316	307	0
48	391	0
50	451	0
68	563	0
455	216	0
68	504	0
469	336	0
311	427	0
486	377	0
117	159	0
472	448	0
37	246	0
525	251	0
39	127	0
156	117	0
182	14	0
117	279	0
39	296	0
311	30	0
119	354	0
49	148	0
65	264	0
563	79	0
366	440	0
2	117	0
232	68	0
353	68	0
111	255	0
119	205	0
39	318	0
67	299	0
65	179	0
159	487	0
440	427	0
397	160	0
365	102	0
525	101	0
200	440	0
472	296	0
367	471	0
21	67	0
98	264	0
2	121	0
78	199	0
311	315	0
213	315	0
74	298	0
55	12	0
337	298	0
124	378	0
20	501	0
511	421	0
382	319	0
217	30	0
253	448	0
39	173	0
14	447	0
416	44	0
119	14	0
523	247	0
50	220	0
261	159	0
158	21	0
532	298	0
284	219	0
254	264	0
140	311	0
64	525	0
133	391	0
448	231	0
50	452	0
30	215	0
490	298	0
111	259	0
27	99	0
163	2	0
414	471	0
356	156	0
117	437	0
407	14	0
429	110	0
2	53	0
60	565	0
40	79	0
20	504	0
322	309	0
308	179	0
466	179	0
110	498	0
280	30	0
168	44	0
80	2	0
49	371	0
117	67	0
262	298	0
171	44	0
523	452	0
68	501	0
360	118	0
206	440	0
322	316	0
514	42	0
226	44	0
448	215	0
110	436	0
337	120	0
429	311	0
111	318	0
320	74	0
33	30	0
497	520	0
525	67	0
322	528	0
410	48	0
472	133	0
378	437	0
497	296	0
37	504	0
379	249	0
410	39	0
12	316	0
21	254	0
119	318	0
27	347	0
429	511	0
258	67	0
253	160	0
87	133	0
167	14	0
57	322	0
128	67	0
219	501	0
128	179	0
315	544	0
337	480	0
322	305	0
454	30	0
20	465	0
360	251	0
205	37	0
20	252	0
14	434	0
23	164	0
388	179	0
566	264	0
228	108	0
515	179	0
316	101	0
322	56	0
50	167	0
298	442	0
39	545	0
6	159	0
2	332	0
563	62	0
360	554	0
62	338	0
117	336	0
290	365	0
211	471	0
254	133	0
12	202	0
562	160	0
532	159	0
14	287	0
22	471	0
311	205	0
200	119	0
2	298	0
290	147	0
49	551	0
332	519	0
156	437	0
25	567	0
44	434	0
254	179	0
39	183	0
290	108	0
511	147	0
480	160	0
347	405	0
564	335	0
168	523	0
563	44	0
451	344	0
14	554	0
39	308	0
179	181	0
196	99	0
344	160	0
44	267	0
20	337	0
101	67	0
110	318	0
300	229	0
497	285	0
50	100	0
448	503	0
479	79	0
360	548	0
124	264	0
123	30	0
555	30	0
30	154	0
427	159	0
469	474	0
290	44	0
264	219	0
437	120	0
44	551	0
403	440	0
22	76	0
196	65	0
322	371	0
56	448	0
49	354	0
20	79	0
497	37	0
558	2	0
522	344	0
20	226	0
420	160	0
45	337	0
43	523	0
23	119	0
110	64	0
264	405	0
228	110	0
20	6	0
322	351	0
108	177	0
556	159	0
110	525	0
431	30	0
519	118	0
523	28	0
68	332	0
50	366	0
98	377	0
22	54	0
68	296	0
20	121	0
239	335	0
155	159	0
525	569	0
440	128	0
378	199	0
322	148	0
322	405	0
157	14	0
129	519	0
271	39	0
2	507	0
206	60	0
110	30	0
121	511	0
474	519	0
49	452	0
12	28	0
279	511	0
39	274	0
264	259	0
49	554	0
565	344	0
48	525	0
12	541	0
179	335	0
298	397	0
399	440	0
497	507	0
311	219	0
565	44	0
497	481	0
12	351	0
360	564	0
25	332	0
396	179	0
429	501	0
427	133	0
472	377	0
238	12	0
159	229	0
56	14	0
285	471	0
411	511	0
12	87	0
159	73	0
523	374	0
23	211	0
253	511	0
194	471	0
163	341	0
360	213	0
432	114	0
143	67	0
50	491	0
39	68	0
448	391	0
256	199	0
448	129	0
140	133	0
469	200	0
506	14	0
460	60	0
515	525	0
399	22	0
486	315	0
33	298	0
474	199	0
18	22	0
25	159	0
523	427	0
25	335	0
124	12	0
322	39	0
20	431	0
360	229	0
509	30	0
511	90	0
458	405	0
279	133	0
300	54	0
21	27	0
451	525	0
109	246	0
50	355	0
317	417	0
200	341	0
448	214	0
264	48	0
50	497	0
167	39	0
264	152	0
459	14	0
295	44	0
68	67	0
68	101	0
175	2	0
255	264	0
456	30	0
117	195	0
460	471	0
111	348	0
440	562	0
356	108	0
14	199	0
12	564	0
279	525	0
39	244	0
2	564	0
50	195	0
2	307	0
39	166	0
414	317	0
253	120	0
497	487	0
279	440	0
379	337	0
39	403	0
456	37	0
249	161	0
365	501	0
206	442	0
458	12	0
117	202	0
22	295	0
255	523	0
414	341	0
133	338	0
14	66	0
440	319	0
179	77	0
431	335	0
272	442	0
2	202	0
25	235	0
159	267	0
22	100	0
264	229	0
27	258	0
171	298	0
168	290	0
411	67	0
419	199	0
110	177	0
65	300	0
117	120	0
379	378	0
117	523	0
71	290	0
562	133	0
474	44	0
39	164	0
418	23	0
22	367	0
264	569	0
519	67	0
338	42	0
159	181	0
20	54	0
497	504	0
205	300	0
503	300	0
497	182	0
108	54	0
39	180	0
280	335	0
60	68	0
200	30	0
49	181	0
50	163	0
23	145	0
71	67	0
196	522	0
453	336	0
12	298	0
515	49	0
440	296	0
418	79	0
311	338	0
68	66	0
417	335	0
337	12	0
139	109	0
20	195	0
68	146	0
226	523	0
320	311	0
39	246	0
497	563	0
298	199	0
21	117	0
21	229	0
369	331	0
511	299	0
109	359	0
469	120	0
254	511	0
305	316	0
440	377	0
35	49	0
134	39	0
253	525	0
49	180	0
14	107	0
23	566	0
132	50	0
476	264	0
311	66	0
35	298	0
348	344	0
110	420	0
71	74	0
168	117	0
23	341	0
360	173	0
427	179	0
497	251	0
69	39	0
49	367	0
49	548	0
102	318	0
298	107	0
68	267	0
251	471	0
548	298	0
497	195	0
336	173	0
27	211	0
515	12	0
456	501	0
168	336	0
128	159	0
117	108	0
377	42	0
315	405	0
382	335	0
200	298	0
23	466	0
272	337	0
563	335	0
119	507	0
456	2	0
322	226	0
28	316	0
50	507	0
199	569	0
117	359	0
50	49	0
290	67	0
440	258	0
27	229	0
322	249	0
264	77	0
30	391	0
497	299	0
50	558	0
68	308	0
336	519	0
55	298	0
50	124	0
293	199	0
399	497	0
159	482	0
2	403	0
20	220	0
255	120	0
359	442	0
413	37	0
249	231	0
2	541	0
102	160	0
460	48	0
123	341	0
290	298	0
341	482	0
290	27	0
55	49	0
439	2	0
111	359	0
330	120	0
20	153	0
317	101	0
541	298	0
279	501	0
20	274	0
225	22	0
290	2	0
60	181	0
119	567	0
439	39	0
322	505	0
168	111	0
120	195	0
98	564	0
322	338	0
48	160	0
555	109	0
337	299	0
376	133	0
106	264	0
57	27	0
260	315	0
39	181	0
68	367	0
337	316	0
190	30	0
440	347	0
264	457	0
255	298	0
20	65	0
57	377	0
6	68	0
20	497	0
541	442	0
378	68	0
320	117	0
414	49	0
39	471	0
499	316	0
232	14	0
322	562	0
156	338	0
296	54	0
386	54	0
57	108	0
12	79	0
360	183	0
523	173	0
98	450	0
419	44	0
412	378	0
20	505	0
21	111	0
436	501	0
39	87	0
565	525	0
74	177	0
60	239	0
206	562	0
23	133	0
27	335	0
290	202	0
347	525	0
68	565	0
39	223	0
517	30	0
119	508	0
109	177	0
213	159	0
564	199	0
515	196	0
440	144	0
459	525	0
25	104	0
451	160	0
55	311	0
474	12	0
18	249	0
111	140	0
30	307	0
158	152	0
324	471	0
62	569	0
39	293	0
68	14	0
497	567	0
37	120	0
119	279	0
442	335	0
20	519	0
519	507	0
45	117	0
49	295	0
497	107	0
155	448	0
317	376	0
56	298	0
20	366	0
469	451	0
47	30	0
120	229	0
78	344	0
69	60	0
44	482	0
505	159	0
53	335	0
455	298	0
200	264	0
60	431	0
49	48	0
111	117	0
14	548	0
114	86	0
27	90	0
23	48	0
55	74	0
140	405	0
27	541	0
498	335	0
216	62	0
403	14	0
458	37	0
317	299	0
490	341	0
200	296	0
121	300	0
553	20	0
2	345	0
159	349	0
18	2	0
117	480	0
20	63	0
330	67	0
74	202	0
249	440	0
157	523	0
360	73	0
360	63	0
249	372	0
453	341	0
326	30	0
12	416	0
499	440	0
487	179	0
23	314	0
330	335	0
253	108	0
124	120	0
249	117	0
37	64	0
231	525	0
16	335	0
316	299	0
2	445	0
39	405	0
272	511	0
491	30	0
378	501	0
120	501	0
414	206	0
322	180	0
50	545	0
497	267	0
140	442	0
37	386	0
111	266	0
523	99	0
44	101	0
411	405	0
285	79	0
548	44	0
20	255	0
315	316	0
410	23	0
440	66	0
371	160	0
437	442	0
21	68	0
2	559	0
49	451	0
405	457	0
466	159	0
196	344	0
117	507	0
566	108	0
373	44	0
272	22	0
55	68	0
515	68	0
108	101	0
360	319	0
114	120	0
378	128	0
226	68	0
525	215	0
509	60	0
200	196	0
388	20	0
298	374	0
302	14	0
12	562	0
14	78	0
254	298	0
200	300	0
458	311	0
360	280	0
120	219	0
455	522	0
448	68	0
22	58	0
322	564	0
413	20	0
254	37	0
156	195	0
121	405	0
173	159	0
355	30	0
27	235	0
308	159	0
9	335	0
156	541	0
12	350	0
249	160	0
39	240	0
369	159	0
440	87	0
474	160	0
12	173	0
22	198	0
254	523	0
25	21	0
206	497	0
39	373	0
20	111	0
448	173	0
497	102	0
196	567	0
2	225	0
39	423	0
322	202	0
272	296	0
299	471	0
39	524	0
555	102	0
68	120	0
168	109	0
360	416	0
367	160	0
58	44	0
338	442	0
469	563	0
414	300	0
12	310	0
108	307	0
523	29	0
33	44	0
322	569	0
363	341	0
497	212	0
272	20	0
49	207	0
60	261	0
68	177	0
87	341	0
2	101	0
123	39	0
25	211	0
556	44	0
206	487	0
234	199	0
23	44	0
564	14	0
60	66	0
196	159	0
322	563	0
22	293	0
21	79	0
466	44	0
124	156	0
37	179	0
309	440	0
57	62	0
57	37	0
341	170	0
541	67	0
345	298	0
200	160	0
467	519	0
454	37	0
50	563	0
481	44	0
39	307	0
490	37	0
10	264	0
49	194	0
337	114	0
217	298	0
272	156	0
49	153	0
337	143	0
360	181	0
320	471	0
436	471	0
39	226	0
20	535	0
102	264	0
33	159	0
249	64	0
201	315	0
382	22	0
320	341	0
61	300	0
62	99	0
317	397	0
148	298	0
324	179	0
117	90	0
49	255	0
185	471	0
442	501	0
249	338	0
360	504	0
378	523	0
12	196	0
27	68	0
440	79	0
448	452	0
360	239	0
354	471	0
322	544	0
74	121	0
444	405	0
320	60	0
555	60	0
414	68	0
20	62	0
202	120	0
128	386	0
467	298	0
337	202	0
497	202	0
467	50	0
472	25	0
320	12	0
49	79	0
469	106	0
23	565	0
322	64	0
559	335	0
50	205	0
552	37	0
48	275	0
322	391	0
217	14	0
23	336	0
134	519	0
12	215	0
519	307	0
472	199	0
311	442	0
311	507	0
14	177	0
132	21	0
21	77	0
133	300	0
50	354	0
322	90	0
429	74	0
451	37	0
111	367	0
163	60	0
35	249	0
147	219	0
563	160	0
497	199	0
350	79	0
2	29	0
66	471	0
85	12	0
400	44	0
328	440	0
396	48	0
64	160	0
337	437	0
45	378	0
156	202	0
317	566	0
515	159	0
20	182	0
140	2	0
354	405	0
119	109	0
49	436	0
523	484	0
555	501	0
337	340	0
68	44	0
458	322	0
566	30	0
497	153	0
541	14	0
431	79	0
379	298	0
365	179	0
20	459	0
14	73	0
20	344	0
367	298	0
458	74	0
109	90	0
232	298	0
378	497	0
118	48	0
23	431	0
68	63	0
505	341	0
50	382	0
133	293	0
440	452	0
200	179	0
200	98	0
111	311	0
430	523	0
320	120	0
68	47	0
12	258	0
365	405	0
488	44	0
27	118	0
60	416	0
439	68	0
25	206	0
419	283	0
567	199	0
378	22	0
25	564	0
49	555	0
498	102	0
25	23	0
33	68	0
98	279	0
68	551	0
564	525	0
68	58	0
50	117	0
2	37	0
332	315	0
21	445	0
68	523	0
391	199	0
37	66	0
123	335	0
2	67	0
290	160	0
253	497	0
25	226	0
315	215	0
133	294	0
176	50	0
114	74	0
317	67	0
74	277	0
378	129	0
455	56	0
448	367	0
22	14	0
315	64	0
249	347	0
336	512	0
156	298	0
110	341	0
290	480	0
486	133	0
479	335	0
419	22	0
23	13	0
296	229	0
50	556	0
523	548	0
132	523	0
168	511	0
109	562	0
110	457	0
356	14	0
528	440	0
50	76	0
322	388	0
37	445	0
111	18	0
564	44	0
22	554	0
157	442	0
302	44	0
505	60	0
217	49	0
67	199	0
278	341	0
330	290	0
12	64	0
177	501	0
202	22	0
68	102	0
432	179	0
419	37	0
144	22	0
119	258	0
23	285	0
35	337	0
2	179	0
272	335	0
525	195	0
39	554	0
388	49	0
133	347	0
56	523	0
99	316	0
226	344	0
39	207	0
22	127	0
337	90	0
14	258	0
173	316	0
455	508	0
18	156	0
23	396	0
429	523	0
37	196	0
50	127	0
414	296	0
556	2	0
354	264	0
177	405	0
163	14	0
22	195	0
145	37	0
309	335	0
194	44	0
563	344	0
55	44	0
20	53	0
156	219	0
44	127	0
290	341	0
298	370	0
253	23	0
111	58	0
388	120	0
21	279	0
298	569	0
134	360	0
132	337	0
48	307	0
311	498	0
369	49	0
143	79	0
414	102	0
431	159	0
12	544	0
523	258	0
264	99	0
117	160	0
119	564	0
37	355	0
39	522	0
57	316	0
238	27	0
12	143	0
27	66	0
216	525	0
562	44	0
271	68	0
300	487	0
20	156	0
206	523	0
455	308	0
337	255	0
519	277	0
300	99	0
2	517	0
360	202	0
27	58	0
277	298	0
429	337	0
523	338	0
119	246	0
59	341	0
60	362	0
447	335	0
448	397	0
110	68	0
68	293	0
50	326	0
117	152	0
61	119	0
23	247	0
336	367	0
324	298	0
440	244	0
330	311	0
469	419	0
123	68	0
20	181	0
20	296	0
198	44	0
377	305	0
18	497	0
213	133	0
317	466	0
14	544	0
507	67	0
453	440	0
549	39	0
194	525	0
111	562	0
156	259	0
196	386	0
311	501	0
50	359	0
129	37	0
487	30	0
388	67	0
448	29	0
456	336	0
49	100	0
295	30	0
528	341	0
20	373	0
487	160	0
39	338	0
420	405	0
50	240	0
349	335	0
352	156	0
471	569	0
330	117	0
140	49	0
249	350	0
60	559	0
117	109	0
507	525	0
60	280	0
558	30	0
453	49	0
454	14	0
272	300	0
12	563	0
44	457	0
133	215	0
21	310	0
114	471	0
146	14	0
275	471	0
279	116	0
33	49	0
2	299	0
299	501	0
58	102	0
532	335	0
332	62	0
290	457	0
239	62	0
39	117	0
523	316	0
57	386	0
37	53	0
20	515	0
556	448	0
29	471	0
50	501	0
360	447	0
480	405	0
556	300	0
143	511	0
110	147	0
337	317	0
353	22	0
68	345	0
205	14	0
332	196	0
39	43	0
108	258	0
317	68	0
157	120	0
21	340	0
160	215	0
264	307	0
6	37	0
39	247	0
37	202	0
290	427	0
442	318	0
498	264	0
30	551	0
414	337	0
39	10	0
277	160	0
298	48	0
12	223	0
108	341	0
337	457	0
285	525	0
258	160	0
565	159	0
20	9	0
37	146	0
487	525	0
71	117	0
302	341	0
417	344	0
25	2	0
249	128	0
108	179	0
467	159	0
111	445	0
12	450	0
378	299	0
37	293	0
458	111	0
50	363	0
53	159	0
33	360	0
283	437	0
37	431	0
159	223	0
161	298	0
2	341	0
330	511	0
337	456	0
378	354	0
2	520	0
12	246	0
332	300	0
111	420	0
285	30	0
285	48	0
12	430	0
23	307	0
196	508	0
74	351	0
129	311	0
360	399	0
322	200	0
109	58	0
523	318	0
322	171	0
456	159	0
12	498	0
55	336	0
330	44	0
299	335	0
294	179	0
411	290	0
440	434	0
322	307	0
505	49	0
129	523	0
439	22	0
290	335	0
110	140	0
509	37	0
27	316	0
327	179	0
264	421	0
110	437	0
2	212	0
322	551	0
316	544	0
440	359	0
226	108	0
20	146	0
558	37	0
336	279	0
317	569	0
156	359	0
20	447	0
35	440	0
21	338	0
60	554	0
2	280	0
322	229	0
67	335	0
556	14	0
427	501	0
377	335	0
12	118	0
50	16	0
39	566	0
200	386	0
20	499	0
87	160	0
469	102	0
20	320	0
12	359	0
448	43	0
330	110	0
410	60	0
156	101	0
298	79	0
511	416	0
20	307	0
111	155	0
351	511	0
412	74	0
68	363	0
515	98	0
317	427	0
472	344	0
322	45	0
455	360	0
523	118	0
498	341	0
2	487	0
61	98	0
453	98	0
523	315	0
2	171	0
272	497	0
337	2	0
71	298	0
202	67	0
497	196	0
341	465	0
290	514	0
253	386	0
201	525	0
134	199	0
27	407	0
360	179	0
548	48	0
459	48	0
60	195	0
194	30	0
14	374	0
466	30	0
332	133	0
467	525	0
156	442	0
12	421	0
440	551	0
388	30	0
55	196	0
155	133	0
25	562	0
271	22	0
16	159	0
290	350	0
418	360	0
279	14	0
87	315	0
119	365	0
20	140	0
249	466	0
20	284	0
37	295	0
565	315	0
35	442	0
177	67	0
337	356	0
49	442	0
21	54	0
20	247	0
206	48	0
140	30	0
360	153	0
328	159	0
519	487	0
2	246	0
360	59	0
336	525	0
238	67	0
156	320	0
101	442	0
140	39	0
277	102	0
455	30	0
520	68	0
68	251	0
239	525	0
50	22	0
21	318	0
71	523	0
405	79	0
238	110	0
14	300	0
337	246	0
20	73	0
111	79	0
340	511	0
159	180	0
71	120	0
68	73	0
519	450	0
50	512	0
50	564	0
564	48	0
249	259	0
49	198	0
418	523	0
452	44	0
324	344	0
109	437	0
121	264	0
62	305	0
341	442	0
168	337	0
448	466	0
317	300	0
159	300	0
28	471	0
322	215	0
528	298	0
226	264	0
336	471	0
18	311	0
14	284	0
87	159	0
50	171	0
20	118	0
420	102	0
442	79	0
23	407	0
499	14	0
410	2	0
272	317	0
253	111	0
2	287	0
12	231	0
18	42	0
49	482	0
255	2	0
167	44	0
337	60	0
147	405	0
377	544	0
111	219	0
134	525	0
332	264	0
229	471	0
2	9	0
117	229	0
556	386	0
278	44	0
277	120	0
114	111	0
156	296	0
12	121	0
20	280	0
429	108	0
18	335	0
382	14	0
237	20	0
379	290	0
41	471	0
190	298	0
532	68	0
39	235	0
337	330	0
414	501	0
111	437	0
12	190	0
49	173	0
21	259	0
253	21	0
419	159	0
317	277	0
238	109	0
156	128	0
27	338	0
290	374	0
114	159	0
451	199	0
25	437	0
440	194	0
544	179	0
117	436	0
129	405	0
118	471	0
14	294	0
50	505	0
351	471	0
305	300	0
322	179	0
21	102	0
39	482	0
14	76	0
117	341	0
448	512	0
114	511	0
456	68	0
541	44	0
44	517	0
111	566	0
479	44	0
168	405	0
322	519	0
50	111	0
497	171	0
213	108	0
49	227	0
49	229	0
49	471	0
335	160	0
515	14	0
110	442	0
111	416	0
414	37	0
440	338	0
337	341	0
497	261	0
35	12	0
498	108	0
497	231	0
49	280	0
27	2	0
410	49	0
27	30	0
27	421	0
320	27	0
231	315	0
378	44	0
156	471	0
20	517	0
253	199	0
388	300	0
148	377	0
119	392	0
20	427	0
206	300	0
228	360	0
388	160	0
322	328	0
27	106	0
22	452	0
317	215	0
317	195	0
237	2	0
2	262	0
119	67	0
21	128	0
410	27	0
22	491	0
430	62	0
260	316	0
555	159	0
322	469	0
322	412	0
2	244	0
369	23	0
565	179	0
30	214	0
121	386	0
14	298	0
497	367	0
523	359	0
68	491	0
139	264	0
300	512	0
150	335	0
317	332	0
388	133	0
456	109	0
316	251	0
158	124	0
14	465	0
562	442	0
62	391	0
100	335	0
541	440	0
378	420	0
202	405	0
328	68	0
12	201	0
124	160	0
253	14	0
49	362	0
37	127	0
61	79	0
497	308	0
68	522	0
196	78	0
39	194	0
272	160	0
89	98	0
37	213	0
376	14	0
49	466	0
556	49	0
50	385	0
156	523	0
206	299	0
120	299	0
2	68	0
436	523	0
37	452	0
50	417	0
341	287	0
134	440	0
200	344	0
23	360	0
2	207	0
511	161	0
110	359	0
25	183	0
338	102	0
132	42	0
511	66	0
337	58	0
61	39	0
140	497	0
294	160	0
168	497	0
410	315	0
497	99	0
18	442	0
190	179	0
337	111	0
74	229	0
39	213	0
143	48	0
486	316	0
119	65	0
2	362	0
148	471	0
111	147	0
39	341	0
562	14	0
565	316	0
418	199	0
453	300	0
332	22	0
337	49	0
49	82	0
440	109	0
50	362	0
298	288	0
108	525	0
290	49	0
249	68	0
39	299	0
61	377	0
22	153	0
455	65	0
25	442	0
74	480	0
322	367	0
110	44	0
497	229	0
111	133	0
12	451	0
429	336	0
143	39	0
505	2	0
102	199	0
237	341	0
264	195	0
20	59	0
87	377	0
337	195	0
367	525	0
140	525	0
425	441	0
271	448	0
228	511	0
497	207	0
176	469	0
156	229	0
145	44	0
68	525	0
120	152	0
498	30	0
30	223	0
497	220	0
212	159	0
22	182	0
255	501	0
553	30	0
419	264	0
338	264	0
120	160	0
322	549	0
311	58	0
68	246	0
74	37	0
322	100	0
49	431	0
117	310	0
50	145	0
322	484	0
27	451	0
511	58	0
168	156	0
44	181	0
337	318	0
50	499	0
558	335	0
108	318	0
14	370	0
50	296	0
298	76	0
418	440	0
49	117	0
337	372	0
231	120	0
119	336	0
68	77	0
396	344	0
21	345	0
71	249	0
376	300	0
460	159	0
168	68	0
525	104	0
12	29	0
143	160	0
2	58	0
120	525	0
68	205	0
448	338	0
413	22	0
190	316	0
49	179	0
310	501	0
2	382	0
371	501	0
252	525	0
49	569	0
27	416	0
25	566	0
37	153	0
497	482	0
60	481	0
12	155	0
168	14	0
143	108	0
90	471	0
39	64	0
373	37	0
322	118	0
522	377	0
337	62	0
256	264	0
290	562	0
515	344	0
50	298	0
23	179	0
39	512	0
196	450	0
45	14	0
183	44	0
549	335	0
50	87	0
272	37	0
98	148	0
129	296	0
453	160	0
458	119	0
117	54	0
440	302	0
37	63	0
377	324	0
337	354	0
252	471	0
50	183	0
61	196	0
320	110	0
39	420	0
155	300	0
50	173	0
153	335	0
378	231	0
25	298	0
21	514	0
247	341	0
440	63	0
39	440	0
417	315	0
68	54	0
351	298	0
254	160	0
231	67	0
341	517	0
56	317	0
148	442	0
341	569	0
14	293	0
228	119	0
35	471	0
177	30	0
57	22	0
21	258	0
49	294	0
140	79	0
448	417	0
74	231	0
110	290	0
249	345	0
337	498	0
20	211	0
448	239	0
14	487	0
111	471	0
190	300	0
195	160	0
205	525	0
322	182	0
110	39	0
272	360	0
50	434	0
360	247	0
39	31	0
68	457	0
254	44	0
39	479	0
412	102	0
49	163	0
239	341	0
119	101	0
117	205	0
111	448	0
109	66	0
196	256	0
237	206	0
102	258	0
427	341	0
20	55	0
117	311	0
566	199	0
355	335	0
340	109	0
175	160	0
98	277	0
121	525	0
124	405	0
14	338	0
437	108	0
57	42	0
341	153	0
2	48	0
316	471	0
332	377	0
453	179	0
20	212	0
134	2	0
14	569	0
279	30	0
256	160	0
61	62	0
200	283	0
453	196	0
562	179	0
290	120	0
68	302	0
111	22	0
444	501	0
12	229	0
305	160	0
27	226	0
298	90	0
264	386	0
440	563	0
308	316	0
111	74	0
62	67	0
23	118	0
229	42	0
440	405	0
20	145	0
133	29	0
117	14	0
296	14	0
119	177	0
134	119	0
499	315	0
271	20	0
98	99	0
322	454	0
378	427	0
341	251	0
37	507	0
377	99	0
119	66	0
60	9	0
430	14	0
21	202	0
49	213	0
39	564	0
360	195	0
228	315	0
324	199	0
454	60	0
120	199	0
360	58	0
515	133	0
365	300	0
376	315	0
58	298	0
62	544	0
39	264	0
311	14	0
50	262	0
532	44	0
49	318	0
336	318	0
293	264	0
448	544	0
322	431	0
74	442	0
120	300	0
50	198	0
238	337	0
14	423	0
311	54	0
62	195	0
350	525	0
87	296	0
14	54	0
60	367	0
23	284	0
469	391	0
469	155	0
157	27	0
410	519	0
429	160	0
111	90	0
453	39	0
315	277	0
50	200	0
42	199	0
448	393	0
226	79	0
432	2	0
2	285	0
231	44	0
14	101	0
123	48	0
458	20	0
322	199	0
123	49	0
497	370	0
12	311	0
264	450	0
49	128	0
12	128	0
68	229	0
22	294	0
21	336	0
562	525	0
360	471	0
22	355	0
469	256	0
320	102	0
140	300	0
156	121	0
253	296	0
360	367	0
272	199	0
507	179	0
378	39	0
445	264	0
414	48	0
128	79	0
39	9	0
120	44	0
322	71	0
98	393	0
360	16	0
128	471	0
271	523	0
360	171	0
79	457	0
442	421	0
217	440	0
39	506	0
20	150	0
360	378	0
262	264	0
379	14	0
360	102	0
206	416	0
541	523	0
102	335	0
14	471	0
37	87	0
39	2	0
511	359	0
20	199	0
27	471	0
336	68	0
60	225	0
377	48	0
430	377	0
20	154	0
48	442	0
356	119	0
412	120	0
111	62	0
448	294	0
2	279	0
148	525	0
365	471	0
66	264	0
320	159	0
456	44	0
272	290	0
205	159	0
27	419	0
501	344	0
43	300	0
360	145	0
98	311	0
330	74	0
499	523	0
253	196	0
12	77	0
119	129	0
182	44	0
249	219	0
27	293	0
249	341	0
474	98	0
37	101	0
168	311	0
251	160	0
68	127	0
68	338	0
520	159	0
523	277	0
567	335	0
231	442	0
315	487	0
363	44	0
322	194	0
20	451	0
202	102	0
12	440	0
322	378	0
49	285	0
111	205	0
145	79	0
340	442	0
55	108	0
37	102	0
217	20	0
238	425	0
420	108	0
68	37	0
213	298	0
50	287	0
564	79	0
111	487	0
226	48	0
290	351	0
159	434	0
411	120	0
479	22	0
439	425	0
200	62	0
429	440	0
37	107	0
388	298	0
377	214	0
2	452	0
20	508	0
98	39	0
2	386	0
414	199	0
412	501	0
43	179	0
173	44	0
479	440	0
448	316	0
123	50	0
414	179	0
50	247	0
46	68	0
487	386	0
114	160	0
418	2	0
98	392	0
360	451	0
497	294	0
456	108	0
21	442	0
74	341	0
311	347	0
330	497	0
294	471	0
448	205	0
288	30	0
378	416	0
123	471	0
440	9	0
14	438	0
288	316	0
25	563	0
16	341	0
382	44	0
14	67	0
439	14	0
377	223	0
420	14	0
293	341	0
507	471	0
414	25	0
145	298	0
266	160	0
377	508	0
121	471	0
49	44	0
134	497	0
120	298	0
124	311	0
57	311	0
469	348	0
296	367	0
490	14	0
39	78	0
226	22	0
156	60	0
42	195	0
60	326	0
315	501	0
111	246	0
156	266	0
352	158	0
455	486	0
300	391	0
111	48	0
336	48	0
453	377	0
37	261	0
28	42	0
469	566	0
350	264	0
311	90	0
44	76	0
109	524	0
98	65	0
388	21	0
49	239	0
21	195	0
309	60	0
58	405	0
20	378	0
98	360	0
68	487	0
50	403	0
190	315	0
111	386	0
360	101	0
12	344	0
509	335	0
39	161	0
396	300	0
64	102	0
455	450	0
109	416	0
37	144	0
472	196	0
262	341	0
49	434	0
300	179	0
39	47	0
168	2	0
14	215	0
17	264	0
49	261	0
322	244	0
168	67	0
50	330	0
360	427	0
14	551	0
388	337	0
378	471	0
179	510	0
315	471	0
39	376	0
351	311	0
228	67	0
370	30	0
58	159	0
60	231	0
156	351	0
497	427	0
35	290	0
330	27	0
132	249	0
497	423	0
14	223	0
472	79	0
21	337	0
436	405	0
499	133	0
12	417	0
57	179	0
442	405	0
39	563	0
298	316	0
336	562	0
237	30	0
200	471	0
228	525	0
418	30	0
413	159	0
311	371	0
49	2	0
448	376	0
497	203	0
466	102	0
427	298	0
264	359	0
337	332	0
337	345	0
322	363	0
332	316	0
515	199	0
156	102	0
177	159	0
440	198	0
311	28	0
111	335	0
27	563	0
110	258	0
563	471	0
129	199	0
353	2	0
39	252	0
515	335	0
293	344	0
322	409	0
71	225	0
108	294	0
53	14	0
57	448	0
379	311	0
150	44	0
239	315	0
440	181	0
25	215	0
23	173	0
488	68	0
239	37	0
467	37	0
427	405	0
56	525	0
27	324	0
109	457	0
68	417	0
240	14	0
212	525	0
2	363	0
18	44	0
49	535	0
271	44	0
511	202	0
337	44	0
497	564	0
260	471	0
30	344	0
226	335	0
156	39	0
124	511	0
411	378	0
322	525	0
49	167	0
231	14	0
555	335	0
497	569	0
14	127	0
30	559	0
351	108	0
120	507	0
337	466	0
523	288	0
175	39	0
271	25	0
509	68	0
22	563	0
156	299	0
20	171	0
2	153	0
423	335	0
68	482	0
356	290	0
290	440	0
39	382	0
456	74	0
129	525	0
206	234	0
12	102	0
37	274	0
39	452	0
200	360	0
22	280	0
336	152	0
278	22	0
509	497	0
430	471	0
121	196	0
60	100	0
264	512	0
524	42	0
37	247	0
519	566	0
62	214	0
35	110	0
156	140	0
474	49	0
497	447	0
264	358	0
455	499	0
117	351	0
68	507	0
49	279	0
14	450	0
497	44	0
232	497	0
429	49	0
14	295	0
119	78	0
418	471	0
123	23	0
119	145	0
520	14	0
458	511	0
143	298	0
357	335	0
159	465	0
55	67	0
17	311	0
440	508	0
20	102	0
140	471	0
315	367	0
511	54	0
300	344	0
139	406	0
49	396	0
264	487	0
453	448	0
469	148	0
50	144	0
340	79	0
27	450	0
290	231	0
173	48	0
68	173	0
360	541	0
71	501	0
283	79	0
206	37	0
119	391	0
55	264	0
30	471	0
183	523	0
414	108	0
298	335	0
80	68	0
388	442	0
528	44	0
28	179	0
134	37	0
562	196	0
336	54	0
400	37	0
499	44	0
315	442	0
440	229	0
249	498	0
134	160	0
111	459	0
57	68	0
119	143	0
523	102	0
412	523	0
37	173	0
440	180	0
523	348	0
17	249	0
17	36	0
68	295	0
49	562	0
455	376	0
39	171	0
386	507	0
376	30	0
231	471	0
14	386	0
156	457	0
520	37	0
360	296	0
238	50	0
50	58	0
317	338	0
133	190	0
379	49	0
490	440	0
9	30	0
37	195	0
229	442	0
515	448	0
159	66	0
119	196	0
128	442	0
356	405	0
311	416	0
491	335	0
417	179	0
440	99	0
200	49	0
119	311	0
290	345	0
20	362	0
50	569	0
22	498	0
60	567	0
555	511	0
156	37	0
565	48	0
74	249	0
567	79	0
378	514	0
20	566	0
68	128	0
356	249	0
49	308	0
133	525	0
85	98	0
479	341	0
60	223	0
278	440	0
119	512	0
74	255	0
157	405	0
455	484	0
2	367	0
376	316	0
12	177	0
2	465	0
519	108	0
347	501	0
565	296	0
317	487	0
56	12	0
400	440	0
237	298	0
170	335	0
523	65	0
523	371	0
129	264	0
228	98	0
23	437	0
132	49	0
480	108	0
388	39	0
17	119	0
444	249	0
302	298	0
338	30	0
201	471	0
14	305	0
41	48	0
280	159	0
64	471	0
49	183	0
27	13	0
28	511	0
486	300	0
311	310	0
27	65	0
411	27	0
237	283	0
61	341	0
39	215	0
35	39	0
509	360	0
439	341	0
23	37	0
341	73	0
322	198	0
132	471	0
179	67	0
497	451	0
337	360	0
111	177	0
472	12	0
272	117	0
360	67	0
229	30	0
22	535	0
44	335	0
14	442	0
471	54	0
157	360	0
117	37	0
212	335	0
12	140	0
436	42	0
23	317	0
311	512	0
354	102	0
159	344	0
511	374	0
39	102	0
360	199	0
109	266	0
419	519	0
37	128	0
22	244	0
472	27	0
290	420	0
12	569	0
30	482	0
37	434	0
74	457	0
145	108	0
22	212	0
363	30	0
511	507	0
123	60	0
43	160	0
353	497	0
330	102	0
264	508	0
121	298	0
231	300	0
328	49	0
566	298	0
49	501	0
458	337	0
45	405	0
157	68	0
69	49	0
360	341	0
456	442	0
324	160	0
121	440	0
523	376	0
50	479	0
17	111	0
360	338	0
466	42	0
296	349	0
447	341	0
348	199	0
373	298	0
262	44	0
60	213	0
22	146	0
206	79	0
337	351	0
69	159	0
525	214	0
23	67	0
488	448	0
117	128	0
379	27	0
13	79	0
290	421	0
20	525	0
451	60	0
290	159	0
437	377	0
419	2	0
39	498	0
71	68	0
119	77	0
62	293	0
119	226	0
229	335	0
249	298	0
9	22	0
231	179	0
453	264	0
134	341	0
360	566	0
316	484	0
143	440	0
37	341	0
520	60	0
497	431	0
134	68	0
132	12	0
140	67	0
350	471	0
322	558	0
284	525	0
157	249	0
456	156	0
69	14	0
21	108	0
558	497	0
419	497	0
523	179	0
451	377	0
345	14	0
249	22	0
148	344	0
237	44	0
237	335	0
519	565	0
56	316	0
119	299	0
252	48	0
129	501	0
124	501	0
18	405	0
50	535	0
206	102	0
39	377	0
414	98	0
378	562	0
566	341	0
111	315	0
12	54	0
39	76	0
317	99	0
523	101	0
217	60	0
20	234	0
111	258	0
499	12	0
60	396	0
290	259	0
14	285	0
555	79	0
338	316	0
412	27	0
442	258	0
439	335	0
37	569	0
455	451	0
418	196	0
67	457	0
294	525	0
147	335	0
20	523	0
249	120	0
455	43	0
337	416	0
20	326	0
417	316	0
207	44	0
447	298	0
410	25	0
562	341	0
37	438	0
322	163	0
171	37	0
564	341	0
249	67	0
347	30	0
279	102	0
198	159	0
332	120	0
23	102	0
379	42	0
458	341	0
272	159	0
499	60	0
133	120	0
57	20	0
68	431	0
316	214	0
237	497	0
305	344	0
317	111	0
74	68	0
27	48	0
12	392	0
429	14	0
20	370	0
429	39	0
61	316	0
290	58	0
317	108	0
514	102	0
298	359	0
322	150	0
157	501	0
206	145	0
490	22	0
66	44	0
12	234	0
37	227	0
523	314	0
497	63	0
515	341	0
156	341	0
451	108	0
497	77	0
336	64	0
379	108	0
471	107	0
71	109	0
469	324	0
120	48	0
109	128	0
400	22	0
14	179	0
157	425	0
341	457	0
37	194	0
12	360	0
472	315	0
360	220	0
497	180	0
114	440	0
37	244	0
418	44	0
362	14	0
497	179	0
298	482	0
121	377	0
548	79	0
23	117	0
108	299	0
328	44	0
39	442	0
155	206	0
467	98	0
362	159	0
337	338	0
121	523	0
20	319	0
416	341	0
108	277	0
47	37	0
133	79	0
140	109	0
14	194	0
46	298	0
68	423	0
412	337	0
523	512	0
322	452	0
253	44	0
21	372	0
82	44	0
87	179	0
520	44	0
49	16	0
237	27	0
376	377	0
458	109	0
249	279	0
22	170	0
49	373	0
156	498	0
62	417	0
249	48	0
315	65	0
39	220	0
322	65	0
159	442	0
61	22	0
23	525	0
119	417	0
39	451	0
549	2	0
345	199	0
528	22	0
414	448	0
445	42	0
157	311	0
283	299	0
23	511	0
448	459	0
22	99	0
74	64	0
119	106	0
108	298	0
249	442	0
311	299	0
309	14	0
411	440	0
322	290	0
448	159	0
247	471	0
280	44	0
466	133	0
20	290	0
228	199	0
39	565	0
17	511	0
272	119	0
2	327	0
12	99	0
71	27	0
155	523	0
503	14	0
290	54	0
101	160	0
549	30	0
523	213	0
53	30	0
50	436	0
39	285	0
25	194	0
50	373	0
356	27	0
49	517	0
396	160	0
341	471	0
448	567	0
228	337	0
25	427	0
60	447	0
18	120	0
378	365	0
322	140	0
107	160	0
549	440	0
567	159	0
311	354	0
409	440	0
452	300	0
80	49	0
111	44	0
498	442	0
68	416	0
525	512	0
12	300	0
71	79	0
317	307	0
455	544	0
46	49	0
56	30	0
322	442	0
490	335	0
74	448	0
322	366	0
42	512	0
173	79	0
232	44	0
231	298	0
14	13	0
440	437	0
226	196	0
497	366	0
360	487	0
264	372	0
22	341	0
25	49	0
497	150	0
117	22	0
330	360	0
161	264	0
46	39	0
412	405	0
98	391	0
49	503	0
474	60	0
200	448	0
440	491	0
25	418	0
455	49	0
274	44	0
175	30	0
50	554	0
133	544	0
429	42	0
159	507	0
440	261	0
168	378	0
519	396	0
454	49	0
74	420	0
497	154	0
255	42	0
117	562	0
271	525	0
220	44	0
39	287	0
429	471	0
317	226	0
414	50	0
110	49	0
156	310	0
317	121	0
12	315	0
309	44	0
378	161	0
439	37	0
124	102	0
28	133	0
541	120	0
39	190	0
300	288	0
322	554	0
563	341	0
12	255	0
55	102	0
249	497	0
61	206	0
163	298	0
541	471	0
39	144	0
143	311	0
110	471	0
453	133	0
440	267	0
377	307	0
23	563	0
25	378	0
44	229	0
253	30	0
39	82	0
39	225	0
71	264	0
23	427	0
296	335	0
497	101	0
442	195	0
25	299	0
315	338	0
439	44	0
106	344	0
36	335	0
124	14	0
316	195	0
417	30	0
307	79	0
14	181	0
490	159	0
61	21	0
261	341	0
466	311	0
360	403	0
36	219	0
14	319	0
379	336	0
68	118	0
504	341	0
57	120	0
168	37	0
414	117	0
12	348	0
50	259	0
111	354	0
20	300	0
525	42	0
22	247	0
272	448	0
67	54	0
216	133	0
43	525	0
412	14	0
315	391	0
511	365	0
312	111	0
49	370	0
388	14	0
378	341	0
68	239	0
114	49	0
249	318	0
41	27	0
20	202	0
23	300	0
124	111	0
290	48	0
311	258	0
56	160	0
49	498	0
25	212	0
322	54	0
50	170	0
356	440	0
2	274	0
377	507	0
2	177	0
156	335	0
377	29	0
315	29	0
120	64	0
37	100	0
336	145	0
332	159	0
322	373	0
392	344	0
238	523	0
202	159	0
44	501	0
309	159	0
50	562	0
12	147	0
2	247	0
148	196	0
102	298	0
523	565	0
255	341	0
196	307	0
21	335	0
110	2	0
562	377	0
66	341	0
56	20	0
203	264	0
108	118	0
23	213	0
49	101	0
108	359	0
515	497	0
20	399	0
50	109	0
378	318	0
213	316	0
497	555	0
290	14	0
27	64	0
49	64	0
21	74	0
353	60	0
322	471	0
235	79	0
379	160	0
44	341	0
140	74	0
85	196	0
317	315	0
317	563	0
253	49	0
341	76	0
123	440	0
27	396	0
85	298	0
377	484	0
50	367	0
525	77	0
453	199	0
68	452	0
13	471	0
563	377	0
111	436	0
260	160	0
55	471	0
156	49	0
17	290	0
173	160	0
161	442	0
55	120	0
12	480	0
25	145	0
440	173	0
455	234	0
168	39	0
176	264	0
23	194	0
258	471	0
98	42	0
403	30	0
567	525	0
440	535	0
98	160	0
27	249	0
49	311	0
179	319	0
119	335	0
320	49	0
50	555	0
35	98	0
523	324	0
55	2	0
458	290	0
410	523	0
14	220	0
22	566	0
39	205	0
17	12	0
28	315	0
107	335	0
55	525	0
356	110	0
179	215	0
111	71	0
322	341	0
231	341	0
454	341	0
322	457	0
2	198	0
377	179	0
351	48	0
567	341	0
523	202	0
311	231	0
98	226	0
337	148	0
316	107	0
74	498	0
147	501	0
479	37	0
20	275	0
156	30	0
159	551	0
458	298	0
448	64	0
143	22	0
114	37	0
109	365	0
455	341	0
22	173	0
467	108	0
110	161	0
37	551	0
228	60	0
21	541	0
328	14	0
39	385	0
360	14	0
469	118	0
315	305	0
322	344	0
110	159	0
411	442	0
216	317	0
231	160	0
336	148	0
277	471	0
133	179	0
258	42	0
50	18	0
37	554	0
467	12	0
311	524	0
479	298	0
133	324	0
279	196	0
326	159	0
298	551	0
436	160	0
499	22	0
455	467	0
316	160	0
183	79	0
57	79	0
467	377	0
217	341	0
454	440	0
411	39	0
108	348	0
20	434	0
50	2	0
196	67	0
566	525	0
117	318	0
411	119	0
308	525	0
479	67	0
98	155	0
376	160	0
201	62	0
30	107	0
283	338	0
254	159	0
488	49	0
455	201	0
20	311	0
2	355	0
49	399	0
328	360	0
330	442	0
49	54	0
239	300	0
532	37	0
156	231	0
39	358	0
523	365	0
488	14	0
405	195	0
157	336	0
469	145	0
111	12	0
353	440	0
119	371	0
322	63	0
129	344	0
360	417	0
239	316	0
25	396	0
50	525	0
316	525	0
134	49	0
159	107	0
340	120	0
12	108	0
30	434	0
35	102	0
145	14	0
409	49	0
448	179	0
36	68	0
194	341	0
459	296	0
337	66	0
20	64	0
523	567	0
173	471	0
360	287	0
49	232	0
12	107	0
466	511	0
519	196	0
238	471	0
20	58	0
377	101	0
374	501	0
315	299	0
322	448	0
490	39	0
360	396	0
49	444	0
558	298	0
145	300	0
85	14	0
466	67	0
39	53	0
509	440	0
157	290	0
414	196	0
55	377	0
440	274	0
68	185	0
111	338	0
412	21	0
311	344	0
412	39	0
469	487	0
119	451	0
525	78	0
20	444	0
43	14	0
2	79	0
20	254	0
58	120	0
27	195	0
445	525	0
108	152	0
200	2	0
400	341	0
119	436	0
134	264	0
157	2	0
417	108	0
373	440	0
480	67	0
322	66	0
12	308	0
12	39	0
12	427	0
117	365	0
448	484	0
427	102	0
290	497	0
49	299	0
21	523	0
57	44	0
156	372	0
50	231	0
20	316	0
298	229	0
440	293	0
60	504	0
254	62	0
119	213	0
427	377	0
133	77	0
467	497	0
226	179	0
412	111	0
37	522	0
37	198	0
49	109	0
296	99	0
12	43	0
21	71	0
409	44	0
497	213	0
360	177	0
469	565	0
74	66	0
317	190	0
171	335	0
68	196	0
414	311	0
64	300	0
74	416	0
293	159	0
228	68	0
238	442	0
44	569	0
356	120	0
128	102	0
456	160	0
523	48	0
68	316	0
562	48	0
440	264	0
2	510	0
352	425	0
39	90	0
22	396	0
117	541	0
87	335	0
528	39	0
119	405	0
117	555	0
410	469	0
49	374	0
133	512	0
486	523	0
296	305	0
319	335	0
487	298	0
523	332	0
2	491	0
20	128	0
455	29	0
541	501	0
111	300	0
37	370	0
337	386	0
30	457	0
341	199	0
20	78	0
231	62	0
565	471	0
290	39	0
120	442	0
549	341	0
388	110	0
322	465	0
360	53	0
129	44	0
442	54	0
467	196	0
505	37	0
315	525	0
525	211	0
23	298	0
413	60	0
377	251	0
57	296	0
20	562	0
497	522	0
212	471	0
12	277	0
411	160	0
388	111	0
238	311	0
566	14	0
50	160	0
357	68	0
410	44	0
253	119	0
132	501	0
497	255	0
290	507	0
110	128	0
262	14	0
498	160	0
377	120	0
260	377	0
523	308	0
437	14	0
228	501	0
249	365	0
480	471	0
74	259	0
98	386	0
407	79	0
249	436	0
190	14	0
279	315	0
293	335	0
238	117	0
49	421	0
253	20	0
255	68	0
39	504	0
98	159	0
411	249	0
336	298	0
50	67	0
20	555	0
35	378	0
18	27	0
497	373	0
156	159	0
488	30	0
486	471	0
139	448	0
322	288	0
175	523	0
133	315	0
60	302	0
202	471	0
565	14	0
143	120	0
363	335	0
369	497	0
179	107	0
340	311	0
360	332	0
336	66	0
18	109	0
27	564	0
360	117	0
467	39	0
50	504	0
110	298	0
322	232	0
451	335	0
347	160	0
134	50	0
337	37	0
437	315	0
82	22	0
453	60	0
440	127	0
448	566	0
50	225	0
253	440	0
49	378	0
45	42	0
322	177	0
111	336	0
311	359	0
120	159	0
322	359	0
417	471	0
440	146	0
85	108	0
64	501	0
523	128	0
143	497	0
337	48	0
74	128	0
238	108	0
21	20	0
384	335	0
61	296	0
338	335	0
336	22	0
2	397	0
48	67	0
238	74	0
20	179	0
50	148	0
20	367	0
294	30	0
448	277	0
515	22	0
322	214	0
20	244	0
460	49	0
111	128	0
128	264	0
50	264	0
57	405	0
264	335	0
27	213	0
23	104	0
444	264	0
50	541	0
411	49	0
448	223	0
379	120	0
20	99	0
466	108	0
60	465	0
175	108	0
448	229	0
259	471	0
320	523	0
145	525	0
21	119	0
27	133	0
119	359	0
124	471	0
74	219	0
114	22	0
458	523	0
22	299	0
61	68	0
519	99	0
117	514	0
168	442	0
117	374	0
337	160	0
68	181	0
254	525	0
322	490	0
320	67	0
216	298	0
114	501	0
114	327	0
298	215	0
110	28	0
290	195	0
564	316	0
27	431	0
114	264	0
228	30	0
532	49	0
37	566	0
322	216	0
206	315	0
111	344	0
111	525	0
277	67	0
201	160	0
418	108	0
564	133	0
453	316	0
2	423	0
548	159	0
353	159	0
23	111	0
2	154	0
228	335	0
21	315	0
365	442	0
336	277	0
175	133	0
407	39	0
22	262	0
453	471	0
337	71	0
405	344	0
60	482	0
490	68	0
14	452	0
44	170	0
50	232	0
20	391	0
290	311	0
156	54	0
17	21	0
37	335	0
128	120	0
440	247	0
74	161	0
148	160	0
217	2	0
124	27	0
61	501	0
44	508	0
157	37	0
39	345	0
290	436	0
39	295	0
49	416	0
133	65	0
466	79	0
63	14	0
312	448	0
133	344	0
140	377	0
59	37	0
396	298	0
460	23	0
110	117	0
18	14	0
377	344	0
296	77	0
322	436	0
134	196	0
14	170	0
290	205	0
484	471	0
458	501	0
374	67	0
290	30	0
413	2	0
121	62	0
213	341	0
298	544	0
16	14	0
39	279	0
453	12	0
190	471	0
23	49	0
451	30	0
68	212	0
388	316	0
448	48	0
225	298	0
448	569	0
345	30	0
466	316	0
253	179	0
109	67	0
311	196	0
119	338	0
552	448	0
39	201	0
440	565	0
37	416	0
50	177	0
541	22	0
22	87	0
322	36	0
39	417	0
39	74	0
360	482	0
37	363	0
382	510	0
14	508	0
62	294	0
460	2	0
553	44	0
336	229	0
322	228	0
139	345	0
317	324	0
206	335	0
60	344	0
354	160	0
39	399	0
414	39	0
487	471	0
71	12	0
40	523	0
134	60	0
400	298	0
39	344	0
21	298	0
456	67	0
400	20	0
129	108	0
159	508	0
311	67	0
332	30	0
369	22	0
23	501	0
330	68	0
350	442	0
474	14	0
37	170	0
378	2	0
351	120	0
469	228	0
55	523	0
497	311	0
515	523	0
14	559	0
61	311	0
61	74	0
47	159	0
448	564	0
60	563	0
548	525	0
40	471	0
511	338	0
68	362	0
316	569	0
448	386	0
226	386	0
480	264	0
497	293	0
20	448	0
418	298	0
322	143	0
567	160	0
414	511	0
411	21	0
369	79	0
143	74	0
283	203	0
50	150	0
427	335	0
183	159	0
37	287	0
228	14	0
121	199	0
345	525	0
249	129	0
466	68	0
16	30	0
541	335	0
163	335	0
39	491	0
175	14	0
277	442	0
68	377	0
60	173	0
479	159	0
164	471	0
117	427	0
253	300	0
246	335	0
448	87	0
412	67	0
351	14	0
351	102	0
515	44	0
320	37	0
121	159	0
111	349	0
50	548	0
555	48	0
14	392	0
155	37	0
497	562	0
120	259	0
50	456	0
62	512	0
183	341	0
458	249	0
60	274	0
194	48	0
111	159	0
2	431	0
14	316	0
322	491	0
466	341	0
74	22	0
565	300	0
427	67	0
416	102	0
239	523	0
419	196	0
14	367	0
509	14	0
44	48	0
23	417	0
6	298	0
337	231	0
300	214	0
377	77	0
442	199	0
42	79	0
50	68	0
447	44	0
385	523	0
396	44	0
486	160	0
121	315	0
466	336	0
330	341	0
108	392	0
360	517	0
168	160	0
290	416	0
110	340	0
294	44	0
74	300	0
140	448	0
238	158	0
71	471	0
139	108	0
111	372	0
519	120	0
554	341	0
200	199	0
466	335	0
185	79	0
22	548	0
271	316	0
23	68	0
27	367	0
322	28	0
400	49	0
563	108	0
403	44	0
22	118	0
469	360	0
20	101	0
167	341	0
25	109	0
69	20	0
497	247	0
337	296	0
437	179	0
469	344	0
21	255	0
132	160	0
49	277	0
56	360	0
377	316	0
290	121	0
44	559	0
418	12	0
317	344	0
23	386	0
14	246	0
228	311	0
563	296	0
360	382	0
293	44	0
254	317	0
504	159	0
487	316	0
365	160	0
497	278	0
472	23	0
519	234	0
164	525	0
39	277	0
60	53	0
39	311	0
129	14	0
60	170	0
156	255	0
20	66	0
351	501	0
253	377	0
284	471	0
337	359	0
280	14	0
448	427	0
360	551	0
322	296	0
409	298	0
523	562	0
262	30	0
509	50	0
57	39	0
239	44	0
314	471	0
50	347	0
523	566	0
98	563	0
228	471	0
39	121	0
2	349	0
74	466	0
320	30	0
377	487	0
440	199	0
55	337	0
410	160	0
311	300	0
295	335	0
322	212	0
23	351	0
69	22	0
322	399	0
260	523	0
61	156	0
23	555	0
556	179	0
37	16	0
190	525	0
111	497	0
379	21	0
12	397	0
145	199	0
87	44	0
336	354	0
117	60	0
532	30	0
57	25	0
322	456	0
337	300	0
311	179	0
377	64	0
228	377	0
225	30	0
317	279	0
69	37	0
111	60	0
249	102	0
279	344	0
213	296	0
274	30	0
497	118	0
213	30	0
128	160	0
296	67	0
365	386	0
351	264	0
411	102	0
318	160	0
27	569	0
20	305	0
111	541	0
152	501	0
226	14	0
525	13	0
21	311	0
21	471	0
20	108	0
249	152	0
14	90	0
111	444	0
59	335	0
525	391	0
20	551	0
148	120	0
25	284	0
134	377	0
12	67	0
111	102	0
50	196	0
56	179	0
49	240	0
156	290	0
429	442	0
98	12	0
458	68	0
497	76	0
558	60	0
41	79	0
444	42	0
456	471	0
50	442	0
205	62	0
157	110	0
196	305	0
12	437	0
12	419	0
474	22	0
49	196	0
229	501	0
523	285	0
167	159	0
57	525	0
249	416	0
298	101	0
317	214	0
50	427	0
235	48	0
230	116	0
337	140	0
360	99	0
440	202	0
61	386	0
347	298	0
448	160	0
109	525	0
298	465	0
322	255	0
21	480	0
61	298	0
528	49	0
140	117	0
37	79	0
454	159	0
469	417	0
469	98	0
232	37	0
2	430	0
469	393	0
20	196	0
427	62	0
25	37	0
61	264	0
31	264	0
338	67	0
12	405	0
391	344	0
317	159	0
300	195	0
20	239	0
410	30	0
21	405	0
200	206	0
62	487	0
50	213	0
17	471	0
55	110	0
421	405	0
50	239	0
515	440	0
49	447	0
458	44	0
523	300	0
469	418	0
451	519	0
45	523	0
322	566	0
2	563	0
20	563	0
68	99	0
290	22	0
27	420	0
117	442	0
18	74	0
59	68	0
98	417	0
429	156	0
79	335	0
71	336	0
35	511	0
223	160	0
39	150	0
440	76	0
14	264	0
119	522	0
420	501	0
226	525	0
378	101	0
354	298	0
14	198	0
44	287	0
436	14	0
22	150	0
283	457	0
278	335	0
50	332	0
23	128	0
158	441	0
523	223	0
2	213	0
217	335	0
417	159	0
338	525	0
119	372	0
39	13	0
110	160	0
27	374	0
497	479	0
55	249	0
37	73	0
50	370	0
320	68	0
337	371	0
237	49	0
23	249	0
20	279	0
148	511	0
336	195	0
145	30	0
217	44	0
469	392	0
49	457	0
117	298	0
509	22	0
413	14	0
467	199	0
25	133	0
474	525	0
2	63	0
55	360	0
200	22	0
249	28	0
14	512	0
25	351	0
347	471	0
120	471	0
322	237	0
22	285	0
271	497	0
119	541	0
260	386	0
205	316	0
22	48	0
60	434	0
322	416	0
110	514	0
59	60	0
337	129	0
129	336	0
336	177	0
44	107	0
437	316	0
300	215	0
121	316	0
150	341	0
159	447	0
337	436	0
202	501	0
121	296	0
108	160	0
511	48	0
367	179	0
418	37	0
123	79	0
239	22	0
196	507	0
14	275	0
55	14	0
39	336	0
497	377	0
62	348	0
212	298	0
555	14	0
111	365	0
228	290	0
68	566	0
206	348	0
196	102	0
519	563	0
440	101	0
133	348	0
168	21	0
71	360	0
392	525	0
532	20	0
246	102	0
322	185	0
318	471	0
523	133	0
418	49	0
49	565	0
322	264	0
523	347	0
22	298	0
60	508	0
272	196	0
39	431	0
440	100	0
68	195	0
39	160	0
455	22	0
563	133	0
290	372	0
388	108	0
37	118	0
453	206	0
549	37	0
111	49	0
371	442	0
49	9	0
454	22	0
369	471	0
519	348	0
336	211	0
196	563	0
123	322	0
22	154	0
563	315	0
328	37	0
497	280	0
35	111	0
74	2	0
519	564	0
290	66	0
117	147	0
360	182	0
110	351	0
386	101	0
322	356	0
18	511	0
12	159	0
68	9	0
111	54	0
497	438	0
109	48	0
2	261	0
68	280	0
414	110	0
523	417	0
50	418	0
322	76	0
345	264	0
41	39	0
110	58	0
98	305	0
155	344	0
337	525	0
23	444	0
216	30	0
25	68	0
386	229	0
472	523	0
119	256	0
378	298	0
314	48	0
37	535	0
114	249	0
27	164	0
522	44	0
360	373	0
247	264	0
85	199	0
523	195	0
388	117	0
49	427	0
490	44	0
322	272	0
469	562	0
134	20	0
57	335	0
68	569	0
298	170	0
254	290	0
213	471	0
558	44	0
392	160	0
25	275	0
119	420	0
336	351	0
371	264	0
254	360	0
50	99	0
324	30	0
22	296	0
217	37	0
430	300	0
120	79	0
200	377	0
474	39	0
555	44	0
59	2	0
22	194	0
497	54	0
419	335	0
143	37	0
469	99	0
272	344	0
140	440	0
360	355	0
121	37	0
108	507	0
379	440	0
316	397	0
27	566	0
565	341	0
114	311	0
140	264	0
129	67	0
316	77	0
119	231	0
511	152	0
226	519	0
177	471	0
378	555	0
330	156	0
360	22	0
249	332	0
49	267	0
296	101	0
196	348	0
562	22	0
27	548	0
541	311	0
497	48	0
453	30	0
163	44	0
411	501	0
523	431	0
444	14	0
497	559	0
39	305	0
21	501	0
102	501	0
480	109	0
497	145	0
22	522	0
523	416	0
311	64	0
44	195	0
326	44	0
20	14	0
322	132	0
14	99	0
417	264	0
554	30	0
21	140	0
156	501	0
71	39	0
158	439	0
444	336	0
455	497	0
25	290	0
255	22	0
60	491	0
266	501	0
49	53	0
14	310	0
413	440	0
98	145	0
80	39	0
50	336	0
68	264	0
377	234	0
249	58	0
298	421	0
272	23	0
525	397	0
354	14	0
183	335	0
71	119	0
429	67	0
28	120	0
108	338	0
563	199	0
50	226	0
111	160	0
525	508	0
2	44	0
23	264	0
87	386	0
322	223	0
336	207	0
144	44	0
117	440	0
437	67	0
21	416	0
39	371	0
12	68	0
249	195	0
260	317	0
129	109	0
110	338	0
39	63	0
40	39	0
336	487	0
44	54	0
68	150	0
412	249	0
110	507	0
322	258	0
440	90	0
351	440	0
479	68	0
377	195	0
235	523	0
469	311	0
27	436	0
110	541	0
2	278	0
20	98	0
121	22	0
23	391	0
111	299	0
294	316	0
23	12	0
58	160	0
345	341	0
60	87	0
48	299	0
260	39	0
388	471	0
61	37	0
440	294	0
264	13	0
322	29	0
108	569	0
171	22	0
206	226	0
535	30	0
12	318	0
22	438	0
58	442	0
183	22	0
108	159	0
322	58	0
337	259	0
317	200	0
57	511	0
322	167	0
556	111	0
145	335	0
330	425	0
497	211	0
290	318	0
68	147	0
317	288	0
114	44	0
37	482	0
175	448	0
332	79	0
68	370	0
120	66	0
216	179	0
369	119	0
317	308	0
39	544	0
57	67	0
39	484	0
109	229	0
57	298	0
25	466	0
523	212	0
378	525	0
175	264	0
337	79	0
111	405	0
28	377	0
238	336	0
110	152	0
332	179	0
378	315	0
168	501	0
206	316	0
553	50	0
413	360	0
40	48	0
206	159	0
6	49	0
68	231	0
68	471	0
118	344	0
330	501	0
556	39	0
418	525	0
412	50	0
511	219	0
460	523	0
460	37	0
272	98	0
21	120	0
353	39	0
49	465	0
140	27	0
37	223	0
456	120	0
322	16	0
372	471	0
330	108	0
157	39	0
490	60	0
27	514	0
68	298	0
175	179	0
337	205	0
14	154	0
272	27	0
216	315	0
337	523	0
458	14	0
498	14	0
564	179	0
235	525	0
249	437	0
340	67	0
12	213	0
155	68	0
152	67	0
378	279	0
317	107	0
328	2	0
37	154	0
71	2	0
111	523	0
143	117	0
315	195	0
62	484	0
140	298	0
2	551	0
499	160	0
110	14	0
523	544	0
60	16	0
200	316	0
350	179	0
98	419	0
145	296	0
360	64	0
12	219	0
403	22	0
429	111	0
110	129	0
330	249	0
108	396	0
298	259	0
246	30	0
64	44	0
474	27	0
21	457	0
74	264	0
20	232	0
49	205	0
378	258	0
549	49	0
440	423	0
278	159	0
119	479	0
271	23	0
411	311	0
456	298	0
39	214	0
388	119	0
480	511	0
450	160	0
322	324	0
351	523	0
360	129	0
439	49	0
498	120	0
183	471	0
47	14	0
27	437	0
309	37	0
27	252	0
57	300	0
253	219	0
132	117	0
525	484	0
249	90	0
71	108	0
337	336	0
111	340	0
23	183	0
459	79	0
27	266	0
44	77	0
39	396	0
444	440	0
507	405	0
119	396	0
145	344	0
338	44	0
123	2	0
50	419	0
412	109	0
111	442	0
317	564	0
80	22	0
28	219	0
523	67	0
68	220	0
50	251	0
66	30	0
124	290	0
12	179	0
57	160	0
322	107	0
25	102	0
388	102	0
298	310	0
37	517	0
469	20	0
444	48	0
163	30	0
469	50	0
469	234	0
338	341	0
515	37	0
177	264	0
271	50	0
497	87	0
108	66	0
50	524	0
373	335	0
39	145	0
176	37	0
50	520	0
360	206	0
39	54	0
109	264	0
87	471	0
453	523	0
409	159	0
50	180	0
117	299	0
156	28	0
114	12	0
117	471	0
355	14	0
520	30	0
61	448	0
388	315	0
376	298	0
49	22	0
50	114	0
109	354	0
206	2	0
25	71	0
27	231	0
360	491	0
21	354	0
205	335	0
260	133	0
155	377	0
437	298	0
414	20	0
25	336	0
382	298	0
167	497	0
386	48	0
12	30	0
444	471	0
39	199	0
55	23	0
232	335	0
315	569	0
14	299	0
22	501	0
108	377	0
511	79	0
49	403	0
171	159	0
12	436	0
458	21	0
515	27	0
25	14	0
505	298	0
337	440	0
315	308	0
205	501	0
440	548	0
57	317	0
50	309	0
20	567	0
119	148	0
98	108	0
12	251	0
49	351	0
469	450	0
6	22	0
337	64	0
453	37	0
21	347	0
155	316	0
65	30	0
49	258	0
119	457	0
117	498	0
120	344	0
106	199	0
308	298	0
156	371	0
488	111	0
206	129	0
41	523	0
56	39	0
399	298	0
118	525	0
155	196	0
427	108	0
45	336	0
23	299	0
511	427	0
548	341	0
322	35	0
562	108	0
102	341	0
50	515	0
39	302	0
23	159	0
49	563	0
159	153	0
98	67	0
535	44	0
176	523	0
283	416	0
416	471	0
419	108	0
418	27	0
451	264	0
411	14	0
182	335	0
2	466	0
466	22	0
99	471	0
50	508	0
39	67	0
175	199	0
341	487	0
322	302	0
61	48	0
549	60	0
448	487	0
466	264	0
20	48	0
120	347	0
109	310	0
448	213	0
562	67	0
278	298	0
509	49	0
272	386	0
563	30	0
20	205	0
21	266	0
133	101	0
497	14	0
110	148	0
57	21	0
311	79	0
467	14	0
317	28	0
337	514	0
102	457	0
206	341	0
129	120	0
50	396	0
49	524	0
20	117	0
374	442	0
466	298	0
385	37	0
50	79	0
14	484	0
440	507	0
108	421	0
437	300	0
355	298	0
200	133	0
80	20	0
486	62	0
497	434	0
23	226	0
354	442	0
337	290	0
440	107	0
497	442	0
277	30	0
71	341	0
338	160	0
55	519	0
226	296	0
148	501	0
448	365	0
448	133	0
459	300	0
134	344	0
74	336	0
290	177	0
378	338	0
264	78	0
563	179	0
55	160	0
156	315	0
14	64	0
279	109	0
337	365	0
378	277	0
448	332	0
119	266	0
45	50	0
369	341	0
49	508	0
25	13	0
497	177	0
302	335	0
87	298	0
403	298	0
453	159	0
156	421	0
412	290	0
431	525	0
49	310	0
152	471	0
202	44	0
74	160	0
566	316	0
111	101	0
523	64	0
458	120	0
22	308	0
231	316	0
14	507	0
27	275	0
337	159	0
414	378	0
57	117	0
55	79	0
49	520	0
14	267	0
448	307	0
332	37	0
472	316	0
55	111	0
360	198	0
271	133	0
50	154	0
410	12	0
37	559	0
68	559	0
159	525	0
465	30	0
558	22	0
448	563	0
488	179	0
453	22	0
440	212	0
544	30	0
558	159	0
455	324	0
74	365	0
326	14	0
442	30	0
21	456	0
317	173	0
541	264	0
213	300	0
317	175	0
499	525	0
14	79	0
419	344	0
37	503	0
80	50	0
317	565	0
168	120	0
379	471	0
39	195	0
71	49	0
360	2	0
249	159	0
271	2	0
552	39	0
254	448	0
195	335	0
566	48	0
59	159	0
497	319	0
320	511	0
290	344	0
12	374	0
253	117	0
486	525	0
20	16	0
171	440	0
290	360	0
62	65	0
356	160	0
110	311	0
528	360	0
498	405	0
564	264	0
341	299	0
22	66	0
345	159	0
20	144	0
228	341	0
409	68	0
256	525	0
249	507	0
336	101	0
239	298	0
519	324	0
21	110	0
322	355	0
20	259	0
360	278	0
226	37	0
22	179	0
37	262	0
50	77	0
296	44	0
442	299	0
272	39	0
315	214	0
68	434	0
48	501	0
20	67	0
497	287	0
2	416	0
205	298	0
271	160	0
57	501	0
156	64	0
120	101	0
39	475	0
134	159	0
102	48	0
98	293	0
469	567	0
228	317	0
371	42	0
74	525	0
37	440	0
108	64	0
150	264	0
279	42	0
519	569	0
488	300	0
37	267	0
523	299	0
98	566	0
49	118	0
239	377	0
173	298	0
499	68	0
429	21	0
271	471	0
337	177	0
49	480	0
238	160	0
554	159	0
143	442	0
64	442	0
110	71	0
466	300	0
39	129	0
519	293	0
50	63	0
247	79	0
39	366	0
157	111	0
56	22	0
79	471	0
484	179	0
98	118	0
378	229	0
156	420	0
298	349	0
562	62	0
451	68	0
414	298	0
117	101	0
553	37	0
110	335	0
57	133	0
139	39	0
49	293	0
102	147	0
102	152	0
525	234	0
49	385	0
564	315	0
504	44	0
157	74	0
246	471	0
369	44	0
134	98	0
519	442	0
123	523	0
22	79	0
317	512	0
525	275	0
420	440	0
412	110	0
360	370	0
62	344	0
49	377	0
206	283	0
271	27	0
173	133	0
564	386	0
515	264	0
49	74	0
466	377	0
206	419	0
25	341	0
497	338	0
322	12	0
55	98	0
305	471	0
61	2	0
22	64	0
337	28	0
55	159	0
411	117	0
134	108	0
50	517	0
505	30	0
20	114	0
111	332	0
2	99	0
501	54	0
369	525	0
519	386	0
541	102	0
305	179	0
68	194	0
272	44	0
20	120	0
50	528	0
345	405	0
62	307	0
2	437	0
39	349	0
50	423	0
35	344	0
458	471	0
254	119	0
337	102	0
49	545	0
62	107	0
202	30	0
60	535	0
322	111	0
119	234	0
159	154	0
345	519	0
378	310	0
37	160	0
168	249	0
50	519	0
360	100	0
277	344	0
429	290	0
12	522	0
12	22	0
455	294	0
68	107	0
565	298	0
271	179	0
566	79	0
22	431	0
423	298	0
272	377	0
50	480	0
109	195	0
50	194	0
206	30	0
416	264	0
62	77	0
25	128	0
45	264	0
356	117	0
65	199	0
298	307	0
429	322	0
253	74	0
523	147	0
254	22	0
259	501	0
77	335	0
55	30	0
46	497	0
44	100	0
491	159	0
359	67	0
20	261	0
226	471	0
196	525	0
311	437	0
2	370	0
108	161	0
111	231	0
22	434	0
148	264	0
311	365	0
244	44	0
336	377	0
155	525	0
226	133	0
21	228	0
46	14	0
12	307	0
326	22	0
27	78	0
109	514	0
469	85	0
12	299	0
322	417	0
376	525	0
134	44	0
337	264	0
337	350	0
157	20	0
254	341	0
18	108	0
60	299	0
14	349	0
144	341	0
50	551	0
119	421	0
12	396	0
33	335	0
523	104	0
439	298	0
497	349	0
133	195	0
25	44	0
456	102	0
377	391	0
71	497	0
391	471	0
39	436	0
453	27	0
365	264	0
50	44	0
60	569	0
50	53	0
68	382	0
22	102	0
377	299	0
28	405	0
466	315	0
85	519	0
322	18	0
566	315	0
351	442	0
458	49	0
366	44	0
50	379	0
523	148	0
525	179	0
157	264	0
379	39	0
2	47	0
330	111	0
60	177	0
140	283	0
147	442	0
56	2	0
430	315	0
14	29	0
98	348	0
377	569	0
114	68	0
37	457	0
411	156	0
124	336	0
298	450	0
23	206	0
49	269	1
418	437	1
470	416	1
418	222	1
254	344	1
102	295	1
427	223	1
224	292	1
85	67	1
203	367	1
375	226	1
337	27	1
366	269	1
378	90	1
91	338	1
48	147	1
96	427	1
230	26	1
191	296	1
443	101	1
57	312	1
224	32	1
241	423	1
151	244	1
15	215	1
217	71	1
470	226	1
375	437	1
161	338	1
157	113	1
150	197	1
486	373	1
135	197	1
542	64	1
312	272	1
145	214	1
384	180	1
132	456	1
61	307	1
96	372	1
395	182	1
522	146	1
52	307	1
443	465	1
1	67	1
108	284	1
389	147	1
36	427	1
522	338	1
542	101	1
345	450	1
151	80	1
132	222	1
28	372	1
395	483	1
357	203	1
374	180	1
51	488	1
542	52	1
177	209	1
479	265	1
114	197	1
342	124	1
102	54	1
245	74	1
61	64	1
399	331	1
384	494	1
85	374	1
466	534	1
179	70	1
149	214	1
36	247	1
460	542	1
309	450	1
226	70	1
292	146	1
126	417	1
357	232	1
342	54	1
310	70	1
431	433	1
74	483	1
470	222	1
395	19	1
374	307	1
51	95	1
84	219	1
21	240	1
59	443	1
346	522	1
237	398	1
498	316	1
244	179	1
240	389	1
325	399	1
165	242	1
384	331	1
332	345	1
217	539	1
382	316	1
55	148	1
110	1	1
313	14	1
150	161	1
534	67	1
126	294	1
55	487	1
184	220	1
322	112	1
163	262	1
111	242	1
88	211	1
470	55	1
91	366	1
381	132	1
92	466	1
35	481	1
272	242	1
294	19	1
352	295	1
114	336	1
151	152	1
59	539	1
27	87	1
201	214	1
352	203	1
151	487	1
44	113	1
479	234	1
20	488	1
542	307	1
241	258	1
171	146	1
470	67	1
357	445	1
418	109	1
230	398	1
255	447	1
217	184	1
357	146	1
20	245	1
39	60	1
254	543	1
17	306	1
366	446	1
460	423	1
269	494	1
14	203	1
116	64	1
346	182	1
542	163	1
126	197	1
85	259	1
312	243	1
217	117	1
222	182	1
460	101	1
166	445	1
402	222	1
309	366	1
145	431	1
231	209	1
418	85	1
362	282	1
479	285	1
59	171	1
150	203	1
182	282	1
507	299	1
418	249	1
59	248	1
402	67	1
200	294	1
222	284	1
357	121	1
55	346	1
146	396	1
146	494	1
236	484	1
74	385	1
245	148	1
36	109	1
74	133	1
109	222	1
236	63	1
466	338	1
161	90	1
102	179	1
409	104	1
426	112	1
20	113	1
16	104	1
200	163	1
509	357	1
204	101	1
267	404	1
85	163	1
222	64	1
466	184	1
444	186	1
414	272	1
460	370	1
396	285	1
143	529	1
204	338	1
285	180	1
429	372	1
193	214	1
74	97	1
31	120	1
36	22	1
312	129	1
454	216	1
67	70	1
71	282	1
240	113	1
125	488	1
1	14	1
61	78	1
145	538	1
102	270	1
262	19	1
31	197	1
427	190	1
262	282	1
217	255	1
446	507	1
70	512	1
555	161	1
504	181	1
52	258	1
260	156	1
382	517	1
216	338	1
117	543	1
31	416	1
426	356	1
55	534	1
285	441	1
92	54	1
466	152	1
418	529	1
228	443	1
139	269	1
116	393	1
521	87	1
121	185	1
32	146	1
542	345	1
198	15	1
327	384	1
423	48	1
433	297	1
439	336	1
242	223	1
228	367	1
382	147	1
161	507	1
342	112	1
309	367	1
151	143	1
182	374	1
357	198	1
222	507	1
416	285	1
368	145	1
376	203	1
352	338	1
165	338	1
84	484	1
272	63	1
163	445	1
521	555	1
375	200	1
522	102	1
470	259	1
249	443	1
16	372	1
509	102	1
61	204	1
221	269	1
110	378	1
185	127	1
33	484	1
399	190	1
132	90	1
407	219	1
333	74	1
185	500	1
55	248	1
33	201	1
59	64	1
378	28	1
255	269	1
66	487	1
428	468	1
328	185	1
276	543	1
85	465	1
486	63	1
121	442	1
17	388	1
418	102	1
542	370	1
282	396	1
311	450	1
426	379	1
521	445	1
456	555	1
259	372	1
91	423	1
454	149	1
269	150	1
373	382	1
1	297	1
260	209	1
362	234	1
443	259	1
226	19	1
414	36	1
249	446	1
346	465	1
183	382	1
166	67	1
184	113	1
150	529	1
292	120	1
255	180	1
248	270	1
362	182	1
59	48	1
258	54	1
219	344	1
268	527	1
522	370	1
255	67	1
27	378	1
470	282	1
178	209	1
416	415	1
333	505	1
325	373	1
486	527	1
200	415	1
311	307	1
334	294	1
91	285	1
311	263	1
191	184	1
346	14	1
161	450	1
218	416	1
460	228	1
542	139	1
161	101	1
370	450	1
236	214	1
373	219	1
217	460	1
85	417	1
248	295	1
292	391	1
332	90	1
186	127	1
102	127	1
483	101	1
320	417	1
382	359	1
126	479	1
110	226	1
15	297	1
184	487	1
487	54	1
222	203	1
284	529	1
470	31	1
120	487	1
339	507	1
395	309	1
85	483	1
108	529	1
91	226	1
14	77	1
204	19	1
486	84	1
85	234	1
143	54	1
366	487	1
171	64	1
135	307	1
132	542	1
414	288	1
254	70	1
542	109	1
145	16	1
446	182	1
340	384	1
39	147	1
91	282	1
171	48	1
157	245	1
126	396	1
333	426	1
403	184	1
395	285	1
505	389	1
55	180	1
466	270	1
309	161	1
27	166	1
55	299	1
126	345	1
52	335	1
470	336	1
217	114	1
489	60	1
71	445	1
166	522	1
352	466	1
222	258	1
228	320	1
366	507	1
217	64	1
352	429	1
171	492	1
52	415	1
542	87	1
364	357	1
389	113	1
561	527	1
366	370	1
542	483	1
132	102	1
131	54	1
456	332	1
253	479	1
151	44	1
282	259	1
376	285	1
255	135	1
244	152	1
407	306	1
16	215	1
320	204	1
313	366	1
218	83	1
497	384	1
191	186	1
439	230	1
223	433	1
423	507	1
108	113	1
55	332	1
228	299	1
313	161	1
378	116	1
309	31	1
139	52	1
84	214	1
357	39	1
185	267	1
120	494	1
376	187	1
339	48	1
357	327	1
309	74	1
1	288	1
479	415	1
348	316	1
362	102	1
332	367	1
85	241	1
336	28	1
182	415	1
31	259	1
446	450	1
305	484	1
417	299	1
186	54	1
131	500	1
268	431	1
259	78	1
36	296	1
374	335	1
460	479	1
74	116	1
182	367	1
346	370	1
373	484	1
479	259	1
168	36	1
91	204	1
346	529	1
378	263	1
542	197	1
61	494	1
226	64	1
186	338	1
312	20	1
332	258	1
204	222	1
454	84	1
52	445	1
342	384	1
17	507	1
368	331	1
101	70	1
504	215	1
486	181	1
27	366	1
432	60	1
399	372	1
149	181	1
282	529	1
21	245	1
345	197	1
111	145	1
249	262	1
49	415	1
185	160	1
163	146	1
242	102	1
245	68	1
336	135	1
357	348	1
71	294	1
191	216	1
110	309	1
313	336	1
55	234	1
146	181	1
255	182	1
494	78	1
200	146	1
454	373	1
247	162	1
218	67	1
312	356	1
445	90	1
260	201	1
483	294	1
339	415	1
291	190	1
342	184	1
171	120	1
61	114	1
396	529	1
379	285	1
362	299	1
84	190	1
146	102	1
494	299	1
521	36	1
184	179	1
288	223	1
121	284	1
313	85	1
67	234	1
357	533	1
356	187	1
111	209	1
416	443	1
40	382	1
166	234	1
292	504	1
460	114	1
255	443	1
59	417	1
145	484	1
126	52	1
409	105	1
382	355	1
152	113	1
91	416	1
509	444	1
345	417	1
54	441	1
320	269	1
91	19	1
269	166	1
429	124	1
111	538	1
25	357	1
320	307	1
426	110	1
132	309	1
91	48	1
440	384	1
542	446	1
65	215	1
527	201	1
85	494	1
312	328	1
74	182	1
110	127	1
141	416	1
70	199	1
217	163	1
356	242	1
332	416	1
378	370	1
61	67	1
204	450	1
479	120	1
295	54	1
334	441	1
269	226	1
336	345	1
87	529	1
408	332	1
483	487	1
165	148	1
20	384	1
313	483	1
151	68	1
185	452	1
242	15	1
126	241	1
368	305	1
249	182	1
48	70	1
108	146	1
165	334	1
171	294	1
71	171	1
521	197	1
67	372	1
88	380	1
228	255	1
396	197	1
204	78	1
139	263	1
55	285	1
132	28	1
114	102	1
102	244	1
238	88	1
226	262	1
414	65	1
357	251	1
217	143	1
40	488	1
366	299	1
402	370	1
87	161	1
395	120	1
389	203	1
502	370	1
161	282	1
156	215	1
78	335	1
357	244	1
309	307	1
52	487	1
114	338	1
185	273	1
425	73	1
375	307	1
226	529	1
446	197	1
52	108	1
339	19	1
55	522	1
108	465	1
129	144	1
141	54	1
470	163	1
279	421	1
414	15	1
338	396	1
382	58	1
332	560	1
15	267	1
260	427	1
282	487	1
33	391	1
259	234	1
374	48	1
221	83	1
427	433	1
110	126	1
395	126	1
346	311	1
17	463	1
325	209	1
336	483	1
176	312	1
135	259	1
59	83	1
254	248	1
313	338	1
454	236	1
254	83	1
555	372	1
332	135	1
110	187	1
533	248	1
426	124	1
505	166	1
457	219	1
362	222	1
408	518	1
352	113	1
268	1	1
269	522	1
504	331	1
439	18	1
240	152	1
132	393	1
470	367	1
366	263	1
373	384	1
320	415	1
414	104	1
384	258	1
171	78	1
437	285	1
472	129	1
32	431	1
456	345	1
94	147	1
382	170	1
91	311	1
218	370	1
340	147	1
200	180	1
148	186	1
379	466	1
522	415	1
201	391	1
312	128	1
1	316	1
166	226	1
114	36	1
460	494	1
150	294	1
346	417	1
248	44	1
185	199	1
27	415	1
216	102	1
217	299	1
163	258	1
399	214	1
150	483	1
367	423	1
224	384	1
426	245	1
309	171	1
204	146	1
139	135	1
17	139	1
144	316	1
375	542	1
109	465	1
114	437	1
110	263	1
102	19	1
414	356	1
384	147	1
418	110	1
243	60	1
526	181	1
112	108	1
522	203	1
375	161	1
378	204	1
156	538	1
313	67	1
27	336	1
527	220	1
346	507	1
20	74	1
356	214	1
446	417	1
171	258	1
312	60	1
217	445	1
445	367	1
339	78	1
110	443	1
163	226	1
61	285	1
426	534	1
362	494	1
198	104	1
244	113	1
456	372	1
260	504	1
110	54	1
60	427	1
346	437	1
249	150	1
87	487	1
55	52	1
423	494	1
282	367	1
111	120	1
366	527	1
244	270	1
141	59	1
145	144	1
82	184	1
59	402	1
55	415	1
8	219	1
190	305	1
385	70	1
526	215	1
143	522	1
61	230	1
55	220	1
216	65	1
521	48	1
470	54	1
260	514	1
132	31	1
417	203	1
236	16	1
21	187	1
346	345	1
488	118	1
236	300	1
417	258	1
418	31	1
285	42	1
179	113	1
366	445	1
32	84	1
465	507	1
259	335	1
71	465	1
253	456	1
320	19	1
339	71	1
17	398	1
416	299	1
391	433	1
373	147	1
17	421	1
561	267	1
112	184	1
534	416	1
59	415	1
242	391	1
156	316	1
320	529	1
378	334	1
216	433	1
131	203	1
522	494	1
339	346	1
200	465	1
126	49	1
226	338	1
36	48	1
253	372	1
312	340	1
466	166	1
470	479	1
101	180	1
146	303	1
364	382	1
116	54	1
36	373	1
362	450	1
443	234	1
260	111	1
85	446	1
109	450	1
126	259	1
488	133	1
85	102	1
144	15	1
242	526	1
27	116	1
165	294	1
204	465	1
378	255	1
255	465	1
36	494	1
152	187	1
502	266	1
31	417	1
28	259	1
59	269	1
439	255	1
85	150	1
57	264	1
269	259	1
74	185	1
60	389	1
61	31	1
92	416	1
382	159	1
147	310	1
144	433	1
258	372	1
336	442	1
260	223	1
64	78	1
85	180	1
59	161	1
132	299	1
317	74	1
529	372	1
277	219	1
555	445	1
486	399	1
542	146	1
294	423	1
362	52	1
71	185	1
249	522	1
63	219	1
509	334	1
362	64	1
61	226	1
156	198	1
109	372	1
484	223	1
200	171	1
165	441	1
49	116	1
526	433	1
126	378	1
313	269	1
112	27	1
456	479	1
456	121	1
479	446	1
255	367	1
253	442	1
333	342	1
163	54	1
479	443	1
132	415	1
217	197	1
384	389	1
446	222	1
268	145	1
375	265	1
362	423	1
212	147	1
283	70	1
49	529	1
182	101	1
418	307	1
141	543	1
36	327	1
63	15	1
222	294	1
320	367	1
55	255	1
533	179	1
502	416	1
241	48	1
514	316	1
28	442	1
216	156	1
479	77	1
217	370	1
460	555	1
102	67	1
292	187	1
84	211	1
339	378	1
291	391	1
533	295	1
248	266	1
526	15	1
518	26	1
527	190	1
109	393	1
171	487	1
92	533	1
366	109	1
414	16	1
185	259	1
109	483	1
149	316	1
262	338	1
483	370	1
126	116	1
339	282	1
483	338	1
126	370	1
240	184	1
373	178	1
414	431	1
28	161	1
504	288	1
159	147	1
320	338	1
74	307	1
109	136	1
456	222	1
241	19	1
217	74	1
126	282	1
157	184	1
521	309	1
407	378	1
437	182	1
132	163	1
460	163	1
114	180	1
345	307	1
269	116	1
334	239	1
66	54	1
312	36	1
542	59	1
59	54	1
345	182	1
427	288	1
258	180	1
282	507	1
560	77	1
454	527	1
379	533	1
226	203	1
31	182	1
221	64	1
418	234	1
36	264	1
382	70	1
92	59	1
311	446	1
426	295	1
217	78	1
384	127	1
268	216	1
55	437	1
64	54	1
216	236	1
396	299	1
257	488	1
55	505	1
166	64	1
236	427	1
74	265	1
260	32	1
146	219	1
333	165	1
299	450	1
25	70	1
446	78	1
269	345	1
171	222	1
15	538	1
216	533	1
278	382	1
55	87	1
187	113	1
190	214	1
144	338	1
366	171	1
114	263	1
109	52	1
409	331	1
168	357	1
253	529	1
166	262	1
151	245	1
325	504	1
200	416	1
36	121	1
339	166	1
217	241	1
145	288	1
171	374	1
416	423	1
217	85	1
129	60	1
135	285	1
378	150	1
456	507	1
146	211	1
460	450	1
132	374	1
203	370	1
311	370	1
379	187	1
260	216	1
216	104	1
357	74	1
80	165	1
336	150	1
173	211	1
59	299	1
92	338	1
85	309	1
526	104	1
429	325	1
184	54	1
87	48	1
486	104	1
416	543	1
216	190	1
417	450	1
292	111	1
417	146	1
230	421	1
151	102	1
203	187	1
74	295	1
313	417	1
357	336	1
60	120	1
200	64	1
224	59	1
311	180	1
322	389	1
198	404	1
342	376	1
114	446	1
362	197	1
110	234	1
41	74	1
71	396	1
139	161	1
92	403	1
378	171	1
171	344	1
214	181	1
148	203	1
236	526	1
432	357	1
149	177	1
409	201	1
313	311	1
311	182	1
31	370	1
163	109	1
313	102	1
77	265	1
19	299	1
395	282	1
83	487	1
228	366	1
171	367	1
121	67	1
161	494	1
368	484	1
294	67	1
488	287	1
320	116	1
437	197	1
418	120	1
17	64	1
504	297	1
242	113	1
415	197	1
110	102	1
144	187	1
542	203	1
186	376	1
36	249	1
311	423	1
17	77	1
509	342	1
378	284	1
389	187	1
83	501	1
521	166	1
527	184	1
418	203	1
338	423	1
320	362	1
443	374	1
65	288	1
84	178	1
85	320	1
375	450	1
460	85	1
384	185	1
203	299	1
339	163	1
60	174	1
417	445	1
426	179	1
521	171	1
433	215	1
268	173	1
521	465	1
225	251	1
132	345	1
236	179	1
276	370	1
144	288	1
339	54	1
59	437	1
509	187	1
346	222	1
505	113	1
151	184	1
132	487	1
64	367	1
249	465	1
380	146	1
222	120	1
336	230	1
214	297	1
505	466	1
151	270	1
417	370	1
132	480	1
85	71	1
357	71	1
59	222	1
263	423	1
521	64	1
454	198	1
504	214	1
27	1	1
338	152	1
91	529	1
418	116	1
49	19	1
378	522	1
437	241	1
533	220	1
157	338	1
446	487	1
479	372	1
561	96	1
509	165	1
151	294	1
352	102	1
269	218	1
36	101	1
96	384	1
352	407	1
163	507	1
542	255	1
312	187	1
497	70	1
123	488	1
108	367	1
217	311	1
414	209	1
92	165	1
20	382	1
92	487	1
339	143	1
395	49	1
141	269	1
110	78	1
126	443	1
73	70	1
356	244	1
74	367	1
228	234	1
338	197	1
60	108	1
443	483	1
224	185	1
336	263	1
161	445	1
346	135	1
418	309	1
63	404	1
17	14	1
439	102	1
263	285	1
150	416	1
384	120	1
415	135	1
52	396	1
147	180	1
505	42	1
542	166	1
241	146	1
437	180	1
85	135	1
32	399	1
262	222	1
366	135	1
479	522	1
91	150	1
17	114	1
560	147	1
249	31	1
415	374	1
146	484	1
395	521	1
228	52	1
432	147	1
83	266	1
325	18	1
375	483	1
105	198	1
444	203	1
542	249	1
269	180	1
444	242	1
518	225	1
131	244	1
446	338	1
114	307	1
366	31	1
336	19	1
483	78	1
486	146	1
217	437	1
282	258	1
357	98	1
16	211	1
144	190	1
114	362	1
193	236	1
39	70	1
92	64	1
60	386	1
428	382	1
75	108	1
59	19	1
260	198	1
166	258	1
522	445	1
61	222	1
145	173	1
395	258	1
143	203	1
269	222	1
91	259	1
190	391	1
486	561	1
260	214	1
233	247	1
226	445	1
92	266	1
203	44	1
399	305	1
504	526	1
474	382	1
427	65	1
479	450	1
486	504	1
110	295	1
375	85	1
156	193	1
378	443	1
166	150	1
74	52	1
375	443	1
268	193	1
85	258	1
63	303	1
291	178	1
131	240	1
479	28	1
20	533	1
488	301	1
266	66	1
336	522	1
110	415	1
338	465	1
85	507	1
399	236	1
228	494	1
527	484	1
217	186	1
102	370	1
378	19	1
109	263	1
272	507	1
16	303	1
204	48	1
488	497	1
111	65	1
454	242	1
334	179	1
200	487	1
236	187	1
367	285	1
114	529	1
31	48	1
312	222	1
148	338	1
312	38	1
487	259	1
533	68	1
262	197	1
149	303	1
16	190	1
264	70	1
111	504	1
522	465	1
330	244	1
226	522	1
313	228	1
126	445	1
339	336	1
416	197	1
295	285	1
216	466	1
171	19	1
74	184	1
333	203	1
466	203	1
71	59	1
258	234	1
101	258	1
560	344	1
59	396	1
63	65	1
382	347	1
534	185	1
248	152	1
222	48	1
454	111	1
166	87	1
87	54	1
269	197	1
484	209	1
415	450	1
373	177	1
74	334	1
339	59	1
313	346	1
380	16	1
285	299	1
157	186	1
116	345	1
131	433	1
395	48	1
443	294	1
48	258	1
313	74	1
373	372	1
366	262	1
415	307	1
357	216	1
339	146	1
362	180	1
470	132	1
345	52	1
470	313	1
561	209	1
437	307	1
379	186	1
157	334	1
68	184	1
223	297	1
268	209	1
542	378	1
221	117	1
191	379	1
217	494	1
366	222	1
84	305	1
433	209	1
185	331	1
466	294	1
454	173	1
59	1	1
426	143	1
345	258	1
166	416	1
522	417	1
407	279	1
116	437	1
109	344	1
263	282	1
33	380	1
236	297	1
470	255	1
200	67	1
562	70	1
378	295	1
52	67	1
378	108	1
116	338	1
91	446	1
105	504	1
112	334	1
245	240	1
156	16	1
237	174	1
87	78	1
345	294	1
59	494	1
55	85	1
470	150	1
125	382	1
339	307	1
52	197	1
7	468	1
142	258	1
91	465	1
16	526	1
145	433	1
149	190	1
144	181	1
378	242	1
20	70	1
36	340	1
61	313	1
241	393	1
272	399	1
151	379	1
509	186	1
98	185	1
522	396	1
51	316	1
191	68	1
59	116	1
228	416	1
345	442	1
364	36	1
346	146	1
460	161	1
135	507	1
346	445	1
40	292	1
170	251	1
494	180	1
17	279	1
1	332	1
20	389	1
184	42	1
518	510	1
31	483	1
259	219	1
245	187	1
542	393	1
31	67	1
20	124	1
198	70	1
300	15	1
1	370	1
181	104	1
63	177	1
80	338	1
332	284	1
55	307	1
395	78	1
370	234	1
91	336	1
204	263	1
131	338	1
98	74	1
272	236	1
146	445	1
375	384	1
255	28	1
460	19	1
268	63	1
108	77	1
241	101	1
132	116	1
55	54	1
472	514	1
414	268	1
313	135	1
373	65	1
85	378	1
85	161	1
497	382	1
132	230	1
143	417	1
108	423	1
165	316	1
242	181	1
163	522	1
33	15	1
87	203	1
145	427	1
55	200	1
59	294	1
416	481	1
52	101	1
416	370	1
48	101	1
99	70	1
145	209	1
218	266	1
135	67	1
61	116	1
542	234	1
144	305	1
124	186	1
126	203	1
126	255	1
431	484	1
259	258	1
332	101	1
112	444	1
200	116	1
533	466	1
52	262	1
366	494	1
405	265	1
150	367	1
157	295	1
269	465	1
197	78	1
135	48	1
362	338	1
542	311	1
129	500	1
444	220	1
479	311	1
93	248	1
312	296	1
87	108	1
116	219	1
427	538	1
370	78	1
339	320	1
120	19	1
542	116	1
217	542	1
338	127	1
190	288	1
171	384	1
32	187	1
109	529	1
263	120	1
161	64	1
488	105	1
384	359	1
443	367	1
427	297	1
542	31	1
23	70	1
14	102	1
268	433	1
155	60	1
291	181	1
166	101	1
124	203	1
542	135	1
61	27	1
253	378	1
132	121	1
272	368	1
332	203	1
255	362	1
203	234	1
165	244	1
357	341	1
356	190	1
428	9	1
399	201	1
197	529	1
561	391	1
126	507	1
408	336	1
101	299	1
384	73	1
388	77	1
357	44	1
418	362	1
381	27	1
533	441	1
427	120	1
470	311	1
120	215	1
143	483	1
433	181	1
368	391	1
339	120	1
342	466	1
163	102	1
146	203	1
163	443	1
260	206	1
369	277	1
214	223	1
2	147	1
228	269	1
454	272	1
262	102	1
33	105	1
55	282	1
60	534	1
391	181	1
87	396	1
522	234	1
124	18	1
36	496	1
470	395	1
91	234	1
112	505	1
470	374	1
60	442	1
384	259	1
522	437	1
165	184	1
228	483	1
248	389	1
470	52	1
131	165	1
249	370	1
561	198	1
483	67	1
357	360	1
312	199	1
362	263	1
216	444	1
332	447	1
366	101	1
92	166	1
117	218	1
483	282	1
33	104	1
163	282	1
357	49	1
527	305	1
161	146	1
241	282	1
61	197	1
216	166	1
149	65	1
139	259	1
16	178	1
184	44	1
262	263	1
84	177	1
96	156	1
444	166	1
148	285	1
414	527	1
456	384	1
92	244	1
132	417	1
49	204	1
409	404	1
339	150	1
384	452	1
395	52	1
479	109	1
282	285	1
521	542	1
254	492	1
529	54	1
332	222	1
201	433	1
375	416	1
494	307	1
542	222	1
248	113	1
470	460	1
388	332	1
88	303	1
312	357	1
561	433	1
366	415	1
313	19	1
312	512	1
316	209	1
543	66	1
320	255	1
378	465	1
356	297	1
88	404	1
200	374	1
336	446	1
320	450	1
339	255	1
200	346	1
417	483	1
432	70	1
132	346	1
163	336	1
481	64	1
236	173	1
166	197	1
427	504	1
373	526	1
17	345	1
357	207	1
407	26	1
309	203	1
505	110	1
36	310	1
110	370	1
456	265	1
255	450	1
312	120	1
395	542	1
378	346	1
542	374	1
339	74	1
126	31	1
166	396	1
55	389	1
389	285	1
126	78	1
55	19	1
378	262	1
110	171	1
242	190	1
470	109	1
171	307	1
111	201	1
431	404	1
334	220	1
282	465	1
446	64	1
494	372	1
268	538	1
191	44	1
382	358	1
465	494	1
429	303	1
423	258	1
357	22	1
21	165	1
220	67	1
378	306	1
185	120	1
96	214	1
521	234	1
529	78	1
255	307	1
309	507	1
479	222	1
110	146	1
59	416	1
479	284	1
395	203	1
55	161	1
126	234	1
247	335	1
268	368	1
35	543	1
63	305	1
450	234	1
419	185	1
509	110	1
426	186	1
61	1	1
228	114	1
27	384	1
316	15	1
417	120	1
502	222	1
316	301	1
114	163	1
222	184	1
313	203	1
306	344	1
204	307	1
145	149	1
313	450	1
561	427	1
60	560	1
245	330	1
374	344	1
21	113	1
114	146	1
114	185	1
166	19	1
254	384	1
313	197	1
33	433	1
64	344	1
456	90	1
443	415	1
33	231	1
311	197	1
245	222	1
442	67	1
396	234	1
96	268	1
61	55	1
49	60	1
36	456	1
156	391	1
374	19	1
382	424	1
288	526	1
339	171	1
141	66	1
426	466	1
223	538	1
375	255	1
80	444	1
357	273	1
163	338	1
272	36	1
338	244	1
200	241	1
184	441	1
269	396	1
114	366	1
316	297	1
504	73	1
64	450	1
204	415	1
147	179	1
240	300	1
446	285	1
147	30	1
114	332	1
547	513	1
373	70	1
36	110	1
444	270	1
479	405	1
339	249	1
269	31	1
249	135	1
228	59	1
198	526	1
415	494	1
33	145	1
284	77	1
332	338	1
31	529	1
305	538	1
313	542	1
17	560	1
249	415	1
88	330	1
429	330	1
156	190	1
294	101	1
470	269	1
488	74	1
279	398	1
373	190	1
488	499	1
200	71	1
182	396	1
203	19	1
366	332	1
146	487	1
429	177	1
342	55	1
163	362	1
110	366	1
65	214	1
414	267	1
171	362	1
33	331	1
120	90	1
442	259	1
217	146	1
342	296	1
399	15	1
17	171	1
393	415	1
288	484	1
305	215	1
14	265	1
135	258	1
71	197	1
88	177	1
378	367	1
509	466	1
139	258	1
488	347	1
132	255	1
375	108	1
561	145	1
414	120	1
521	372	1
460	121	1
111	149	1
166	241	1
146	305	1
190	504	1
418	241	1
418	378	1
488	170	1
533	144	1
350	219	1
342	389	1
241	442	1
198	297	1
71	91	1
443	417	1
114	443	1
85	109	1
336	182	1
507	494	1
378	31	1
522	52	1
395	259	1
228	71	1
185	159	1
488	34	1
414	131	1
334	184	1
268	236	1
65	104	1
487	180	1
135	529	1
417	294	1
443	161	1
443	494	1
232	384	1
338	187	1
378	300	1
487	48	1
71	487	1
446	529	1
55	259	1
460	265	1
50	443	1
357	359	1
241	197	1
399	288	1
203	101	1
247	147	1
253	77	1
226	185	1
110	19	1
151	165	1
197	180	1
442	77	1
203	494	1
96	484	1
416	522	1
144	300	1
408	102	1
357	36	1
296	102	1
332	54	1
74	555	1
27	204	1
522	259	1
31	299	1
141	35	1
384	48	1
483	234	1
23	384	1
426	376	1
59	529	1
146	258	1
378	389	1
357	14	1
166	68	1
70	267	1
486	484	1
217	200	1
201	209	1
488	390	1
260	84	1
465	78	1
292	431	1
241	465	1
357	55	1
366	423	1
437	282	1
55	242	1
492	547	1
163	108	1
357	310	1
427	63	1
96	60	1
279	174	1
87	102	1
375	163	1
542	262	1
161	78	1
59	344	1
1	171	1
228	197	1
249	269	1
561	526	1
171	543	1
126	374	1
217	487	1
460	285	1
114	265	1
268	15	1
222	241	1
111	146	1
375	48	1
31	241	1
263	241	1
320	294	1
146	288	1
450	54	1
61	483	1
518	152	1
320	48	1
226	161	1
562	185	1
446	443	1
21	184	1
63	372	1
8	344	1
342	216	1
527	393	1
166	465	1
190	181	1
39	185	1
17	112	1
418	299	1
356	391	1
382	287	1
163	249	1
222	54	1
52	182	1
91	396	1
367	487	1
375	522	1
285	270	1
444	300	1
84	231	1
60	22	1
291	215	1
254	219	1
309	135	1
328	147	1
320	487	1
55	423	1
560	70	1
226	258	1
357	489	1
91	78	1
479	102	1
55	146	1
198	65	1
320	370	1
418	269	1
32	198	1
200	332	1
282	102	1
395	197	1
166	367	1
198	288	1
43	507	1
185	445	1
131	316	1
340	185	1
253	284	1
373	185	1
114	415	1
21	203	1
249	180	1
180	54	1
190	433	1
114	31	1
384	423	1
114	203	1
147	319	1
466	244	1
41	316	1
105	149	1
342	505	1
309	285	1
305	297	1
268	297	1
132	135	1
109	442	1
291	219	1
294	338	1
488	449	1
146	120	1
83	64	1
255	529	1
17	374	1
346	415	1
245	44	1
110	150	1
200	135	1
415	19	1
198	181	1
55	466	1
416	146	1
291	404	1
185	377	1
466	334	1
55	114	1
509	54	1
59	219	1
203	67	1
61	85	1
185	310	1
67	187	1
226	362	1
221	266	1
357	183	1
263	161	1
481	370	1
33	236	1
534	266	1
272	193	1
147	208	1
291	15	1
185	405	1
384	44	1
330	186	1
143	52	1
518	407	1
78	234	1
228	294	1
33	404	1
174	384	1
182	234	1
57	384	1
74	417	1
373	211	1
52	299	1
437	415	1
426	533	1
245	370	1
336	262	1
399	70	1
312	74	1
179	104	1
395	423	1
375	465	1
272	216	1
18	211	1
522	19	1
342	295	1
269	64	1
282	234	1
542	335	1
217	258	1
250	303	1
414	305	1
17	116	1
85	332	1
65	538	1
64	299	1
357	406	1
200	197	1
375	182	1
418	320	1
85	166	1
163	150	1
190	223	1
22	147	1
313	396	1
254	147	1
255	64	1
395	345	1
71	370	1
291	214	1
96	181	1
446	19	1
296	187	1
132	182	1
320	197	1
102	220	1
61	282	1
460	255	1
36	23	1
163	263	1
55	370	1
75	109	1
71	416	1
55	179	1
259	54	1
391	104	1
33	215	1
379	102	1
460	313	1
374	90	1
204	483	1
443	338	1
521	150	1
254	60	1
339	269	1
486	260	1
415	120	1
423	67	1
74	91	1
395	370	1
228	423	1
145	504	1
228	417	1
346	171	1
200	52	1
312	440	1
374	78	1
306	26	1
241	64	1
117	501	1
470	417	1
542	143	1
161	197	1
470	418	1
336	480	1
129	316	1
111	291	1
184	285	1
268	427	1
144	391	1
240	376	1
131	526	1
241	507	1
342	285	1
416	465	1
373	104	1
19	258	1
102	367	1
521	203	1
458	356	1
149	404	1
336	285	1
414	60	1
416	19	1
466	220	1
74	263	1
31	64	1
221	370	1
247	308	1
479	60	1
368	372	1
352	20	1
155	147	1
114	60	1
185	358	1
202	514	1
161	372	1
384	507	1
272	427	1
163	166	1
446	146	1
60	70	1
191	245	1
146	415	1
522	78	1
352	533	1
144	65	1
376	54	1
198	331	1
198	215	1
171	161	1
263	108	1
146	367	1
109	185	1
20	270	1
346	120	1
124	244	1
143	269	1
320	64	1
395	204	1
84	236	1
31	116	1
505	376	1
267	104	1
416	294	1
125	37	1
465	299	1
277	77	1
65	15	1
399	105	1
521	507	1
166	259	1
313	507	1
479	136	1
163	332	1
364	70	1
521	31	1
96	145	1
85	345	1
186	244	1
292	209	1
74	212	1
33	292	1
330	54	1
126	262	1
87	445	1
244	127	1
108	265	1
52	48	1
396	259	1
108	344	1
346	335	1
217	366	1
55	171	1
151	376	1
156	104	1
381	335	1
260	538	1
288	538	1
186	203	1
46	129	1
542	126	1
272	15	1
146	178	1
488	355	1
200	102	1
36	283	1
346	423	1
345	87	1
555	529	1
92	67	1
487	19	1
131	129	1
241	14	1
346	52	1
443	545	1
332	437	1
529	258	1
253	27	1
311	146	1
236	267	1
295	441	1
146	70	1
345	396	1
139	91	1
255	54	1
114	143	1
96	70	1
382	181	1
171	311	1
91	258	1
55	263	1
61	102	1
305	391	1
375	126	1
61	507	1
255	483	1
80	113	1
488	130	1
395	114	1
291	73	1
357	259	1
255	31	1
505	533	1
352	505	1
36	2	1
518	4	1
312	96	1
245	534	1
55	241	1
197	258	1
460	150	1
342	334	1
141	67	1
285	259	1
163	197	1
285	370	1
445	70	1
74	346	1
332	161	1
74	282	1
488	482	1
312	48	1
263	370	1
123	382	1
366	437	1
384	77	1
217	483	1
521	185	1
36	14	1
198	223	1
488	386	1
20	152	1
224	312	1
36	372	1
88	372	1
332	31	1
342	144	1
31	487	1
479	135	1
269	263	1
241	338	1
357	148	1
470	49	1
296	113	1
450	180	1
446	262	1
36	399	1
20	60	1
184	244	1
32	173	1
18	178	1
242	433	1
171	259	1
526	538	1
226	182	1
375	320	1
240	242	1
216	165	1
368	380	1
257	74	1
248	244	1
396	180	1
191	187	1
431	526	1
370	344	1
370	299	1
255	90	1
150	443	1
312	432	1
333	110	1
440	443	1
330	203	1
460	78	1
174	147	1
379	184	1
110	163	1
92	527	1
409	73	1
255	121	1
19	450	1
487	344	1
357	345	1
276	66	1
111	215	1
505	294	1
339	423	1
230	174	1
201	181	1
443	135	1
470	19	1
201	63	1
334	242	1
85	487	1
61	480	1
80	60	1
260	288	1
74	102	1
431	104	1
65	267	1
20	165	1
91	393	1
295	152	1
146	64	1
533	143	1
96	404	1
132	78	1
378	259	1
445	307	1
191	92	1
193	288	1
443	285	1
191	334	1
479	445	1
200	262	1
396	101	1
483	135	1
332	78	1
486	33	1
249	366	1
142	161	1
415	423	1
101	234	1
542	487	1
357	466	1
222	197	1
415	487	1
504	211	1
228	171	1
16	177	1
102	180	1
241	285	1
87	423	1
533	294	1
92	370	1
32	209	1
222	299	1
312	98	1
398	421	1
407	344	1
322	245	1
332	423	1
185	147	1
50	147	1
217	59	1
27	31	1
533	444	1
416	180	1
200	529	1
418	226	1
236	209	1
380	149	1
242	288	1
31	294	1
356	427	1
71	269	1
240	443	1
228	522	1
294	197	1
161	529	1
17	555	1
313	393	1
312	174	1
146	529	1
529	344	1
263	417	1
126	483	1
542	182	1
418	345	1
391	538	1
522	54	1
171	282	1
479	258	1
439	407	1
402	487	1
444	534	1
527	526	1
357	99	1
171	396	1
561	316	1
222	135	1
60	296	1
214	104	1
538	215	1
191	165	1
488	387	1
193	484	1
262	182	1
309	332	1
426	54	1
521	423	1
190	65	1
312	445	1
57	147	1
292	239	1
165	220	1
259	299	1
416	417	1
156	236	1
131	181	1
507	234	1
382	15	1
184	300	1
488	181	1
521	161	1
339	417	1
60	372	1
494	529	1
1	104	1
131	15	1
356	484	1
127	187	1
336	450	1
61	522	1
132	375	1
19	307	1
378	244	1
332	465	1
384	161	1
59	259	1
268	242	1
263	374	1
111	409	1
381	507	1
342	143	1
316	526	1
166	487	1
291	380	1
504	484	1
200	483	1
157	466	1
313	87	1
124	54	1
150	338	1
305	209	1
320	507	1
171	70	1
378	78	1
87	465	1
64	203	1
269	445	1
291	231	1
191	160	1
254	1	1
185	108	1
479	182	1
384	445	1
71	116	1
102	560	1
216	113	1
533	334	1
40	514	1
231	149	1
269	416	1
61	362	1
336	479	1
36	267	1
332	108	1
70	289	1
320	494	1
217	263	1
146	483	1
132	384	1
245	110	1
203	259	1
367	67	1
309	396	1
96	211	1
460	249	1
523	306	1
171	180	1
342	187	1
286	316	1
96	111	1
241	294	1
184	294	1
291	211	1
309	102	1
226	102	1
255	487	1
84	288	1
431	211	1
114	255	1
60	259	1
85	48	1
332	529	1
255	102	1
120	285	1
416	374	1
362	120	1
395	71	1
339	102	1
522	48	1
427	215	1
313	255	1
163	135	1
132	203	1
1	345	1
37	70	1
126	309	1
60	199	1
228	126	1
333	166	1
357	358	1
340	236	1
521	78	1
488	62	1
222	367	1
504	177	1
52	180	1
368	236	1
313	241	1
561	297	1
418	417	1
336	185	1
80	342	1
258	344	1
346	263	1
312	494	1
311	135	1
207	70	1
362	446	1
55	226	1
322	426	1
417	19	1
168	147	1
561	409	1
84	427	1
92	203	1
217	161	1
61	262	1
402	416	1
143	204	1
151	296	1
20	534	1
236	202	1
163	161	1
426	294	1
399	60	1
228	450	1
407	332	1
60	273	1
399	145	1
173	331	1
141	254	1
334	187	1
31	374	1
63	190	1
222	344	1
479	197	1
146	297	1
231	173	1
83	67	1
339	366	1
416	487	1
483	450	1
146	214	1
268	484	1
526	297	1
522	182	1
132	269	1
92	240	1
31	203	1
85	54	1
414	144	1
143	31	1
357	101	1
312	146	1
83	370	1
313	332	1
313	116	1
59	166	1
249	171	1
311	116	1
395	418	1
67	265	1
418	338	1
60	331	1
480	102	1
272	504	1
52	294	1
399	316	1
36	98	1
60	377	1
197	307	1
415	294	1
296	203	1
171	338	1
373	303	1
357	165	1
527	334	1
61	320	1
45	488	1
313	110	1
460	529	1
126	416	1
36	386	1
322	165	1
416	396	1
116	67	1
185	348	1
191	376	1
561	292	1
116	507	1
222	234	1
65	297	1
36	120	1
260	65	1
311	222	1
87	234	1
200	31	1
417	197	1
226	263	1
300	433	1
224	353	1
486	272	1
150	285	1
226	234	1
457	344	1
63	391	1
427	316	1
143	19	1
203	295	1
226	417	1
342	245	1
507	344	1
483	259	1
110	284	1
217	116	1
255	259	1
49	135	1
68	113	1
372	265	1
148	187	1
255	384	1
518	560	1
165	285	1
131	533	1
36	331	1
378	163	1
87	367	1
479	494	1
156	223	1
426	296	1
409	219	1
374	101	1
185	289	1
395	529	1
427	147	1
418	346	1
339	299	1
96	177	1
185	101	1
399	433	1
488	41	1
130	384	1
174	185	1
543	64	1
60	327	1
120	484	1
378	222	1
185	442	1
85	31	1
203	307	1
150	64	1
65	484	1
312	300	1
146	67	1
171	539	1
273	147	1
309	143	1
443	67	1
110	529	1
357	90	1
375	71	1
465	529	1
305	181	1
61	416	1
417	182	1
527	288	1
114	282	1
61	367	1
71	182	1
121	222	1
368	427	1
313	294	1
171	147	1
330	248	1
121	161	1
418	483	1
171	226	1
187	70	1
470	375	1
185	496	1
55	309	1
418	197	1
427	198	1
312	495	1
487	307	1
228	396	1
203	335	1
444	143	1
346	299	1
200	85	1
139	529	1
533	285	1
442	344	1
85	59	1
334	102	1
59	187	1
109	219	1
356	300	1
75	335	1
141	117	1
561	190	1
470	116	1
313	163	1
320	182	1
102	487	1
226	285	1
523	90	1
561	111	1
378	14	1
367	101	1
241	307	1
80	74	1
132	442	1
74	150	1
282	423	1
300	104	1
200	338	1
521	263	1
200	150	1
395	417	1
350	344	1
201	190	1
144	223	1
294	529	1
2	316	1
362	87	1
59	78	1
49	166	1
332	374	1
60	310	1
157	54	1
260	239	1
147	70	1
312	171	1
255	479	1
309	120	1
423	487	1
465	54	1
561	272	1
258	299	1
20	166	1
222	66	1
74	284	1
357	245	1
220	285	1
379	20	1
132	27	1
96	288	1
132	437	1
423	465	1
116	423	1
148	54	1
418	143	1
263	465	1
204	417	1
460	437	1
84	201	1
228	374	1
64	219	1
313	415	1
269	311	1
325	368	1
161	423	1
378	366	1
333	240	1
63	331	1
228	19	1
382	280	1
380	198	1
186	266	1
132	258	1
222	487	1
521	116	1
268	181	1
92	139	1
185	389	1
437	64	1
260	145	1
109	146	1
146	197	1
219	209	1
356	181	1
17	108	1
374	259	1
285	529	1
143	259	1
161	335	1
373	60	1
126	487	1
249	78	1
228	487	1
507	265	1
332	19	1
380	504	1
33	414	1
294	258	1
204	294	1
132	197	1
35	276	1
534	187	1
263	182	1
268	156	1
91	182	1
17	254	1
71	494	1
232	185	1
151	191	1
249	263	1
338	307	1
465	67	1
87	494	1
342	186	1
312	71	1
346	150	1
163	203	1
91	87	1
260	399	1
249	529	1
36	419	1
272	526	1
395	446	1
132	54	1
149	215	1
346	203	1
415	285	1
72	382	1
553	335	1
542	494	1
177	198	1
533	184	1
454	193	1
542	259	1
336	265	1
378	384	1
17	277	1
52	437	1
52	203	1
426	441	1
217	338	1
144	526	1
561	15	1
378	309	1
423	370	1
49	241	1
146	374	1
236	149	1
456	28	1
513	349	1
509	338	1
272	144	1
117	487	1
415	259	1
200	494	1
346	443	1
146	316	1
460	182	1
260	63	1
384	102	1
249	367	1
483	367	1
55	127	1
191	144	1
185	386	1
185	48	1
360	70	1
458	129	1
388	518	1
85	263	1
368	303	1
336	259	1
470	446	1
426	131	1
166	370	1
109	423	1
375	78	1
117	222	1
121	241	1
379	334	1
61	203	1
122	74	1
312	37	1
110	52	1
309	346	1
300	285	1
27	60	1
346	332	1
331	70	1
384	99	1
395	346	1
294	54	1
249	203	1
292	356	1
414	1	1
143	184	1
427	70	1
85	339	1
332	28	1
291	223	1
228	85	1
49	282	1
414	297	1
375	234	1
130	185	1
507	529	1
71	346	1
488	194	1
222	101	1
254	276	1
144	54	1
204	197	1
223	267	1
352	245	1
272	185	1
521	121	1
357	73	1
120	367	1
534	487	1
521	522	1
426	389	1
309	529	1
291	65	1
484	15	1
146	135	1
39	443	1
542	282	1
222	19	1
272	433	1
373	297	1
120	104	1
186	389	1
352	165	1
305	104	1
352	151	1
182	487	1
395	67	1
462	442	1
345	374	1
437	78	1
460	309	1
156	267	1
334	285	1
52	494	1
141	370	1
272	131	1
312	160	1
521	54	1
110	185	1
145	181	1
55	366	1
357	108	1
165	68	1
166	345	1
285	179	1
217	66	1
292	63	1
253	259	1
16	223	1
352	74	1
468	9	1
71	332	1
102	507	1
114	150	1
166	415	1
460	416	1
66	501	1
416	220	1
92	102	1
200	161	1
84	104	1
143	345	1
184	160	1
231	146	1
166	393	1
368	111	1
114	54	1
444	184	1
55	258	1
114	456	1
527	65	1
307	258	1
184	67	1
266	220	1
85	362	1
357	180	1
470	234	1
71	180	1
488	207	1
88	219	1
71	70	1
523	560	1
156	427	1
121	265	1
533	376	1
284	335	1
527	214	1
342	270	1
395	366	1
33	305	1
483	335	1
375	487	1
204	203	1
521	226	1
130	382	1
312	155	1
311	87	1
27	442	1
463	344	1
399	181	1
341	147	1
284	494	1
226	116	1
542	263	1
91	269	1
312	94	1
409	215	1
166	338	1
49	450	1
114	285	1
60	241	1
232	60	1
313	282	1
59	367	1
276	269	1
193	104	1
352	306	1
255	332	1
416	445	1
497	147	1
126	171	1
17	59	1
178	267	1
61	126	1
333	357	1
396	54	1
456	344	1
372	335	1
116	146	1
151	248	1
150	120	1
249	483	1
338	507	1
151	322	1
417	135	1
534	186	1
145	391	1
378	91	1
80	334	1
59	445	1
426	74	1
443	120	1
446	437	1
339	27	1
27	28	1
273	302	1
419	384	1
479	465	1
224	217	1
542	320	1
481	487	1
431	303	1
409	211	1
114	465	1
336	370	1
179	433	1
507	197	1
382	348	1
61	407	1
71	299	1
27	75	1
116	282	1
357	220	1
470	396	1
143	465	1
470	120	1
400	219	1
357	208	1
488	358	1
102	450	1
426	334	1
204	507	1
237	26	1
71	31	1
151	357	1
200	78	1
52	64	1
543	266	1
92	245	1
309	241	1
244	42	1
426	342	1
307	450	1
249	70	1
432	185	1
245	54	1
333	378	1
521	339	1
109	87	1
110	182	1
446	203	1
542	417	1
336	306	1
389	244	1
378	182	1
311	282	1
454	214	1
91	52	1
191	242	1
20	376	1
282	415	1
253	507	1
64	529	1
96	223	1
166	31	1
470	71	1
245	102	1
49	346	1
131	110	1
163	285	1
521	101	1
33	214	1
61	450	1
184	203	1
124	334	1
460	362	1
55	362	1
339	203	1
191	113	1
201	504	1
209	404	1
470	335	1
55	59	1
74	147	1
242	184	1
226	197	1
484	267	1
488	491	1
63	181	1
521	91	1
339	396	1
487	101	1
59	346	1
126	91	1
203	180	1
139	519	1
171	262	1
145	63	1
114	64	1
446	259	1
282	19	1
437	487	1
249	494	1
131	55	1
479	417	1
384	300	1
22	70	1
285	258	1
126	226	1
110	87	1
291	303	1
260	173	1
1	108	1
203	450	1
262	203	1
288	209	1
163	370	1
91	241	1
88	73	1
139	282	1
342	60	1
357	114	1
488	154	1
59	220	1
342	68	1
33	219	1
15	104	1
108	197	1
217	126	1
320	262	1
269	234	1
1	484	1
108	182	1
147	67	1
269	529	1
332	494	1
91	161	1
135	374	1
87	180	1
494	67	1
488	317	1
193	526	1
130	60	1
313	307	1
120	147	1
91	203	1
333	151	1
55	376	1
116	522	1
146	54	1
121	494	1
454	15	1
443	370	1
16	433	1
186	152	1
143	423	1
15	209	1
309	226	1
59	203	1
266	539	1
542	54	1
33	526	1
454	181	1
166	204	1
150	241	1
352	439	1
244	160	1
92	295	1
36	345	1
255	101	1
460	269	1
366	116	1
201	267	1
182	135	1
483	258	1
262	146	1
339	374	1
185	296	1
268	399	1
74	450	1
255	417	1
382	154	1
368	288	1
507	307	1
460	200	1
446	307	1
309	487	1
201	149	1
228	262	1
80	384	1
101	307	1
325	267	1
362	415	1
487	539	1
309	255	1
561	201	1
260	291	1
357	331	1
342	379	1
312	159	1
375	180	1
226	222	1
74	301	1
126	19	1
284	258	1
131	300	1
465	450	1
460	234	1
74	242	1
71	203	1
143	241	1
14	344	1
204	370	1
313	418	1
313	465	1
332	370	1
357	444	1
384	146	1
521	126	1
120	214	1
300	526	1
74	127	1
32	527	1
504	178	1
92	378	1
391	209	1
495	70	1
198	219	1
146	294	1
151	370	1
27	282	1
357	254	1
443	102	1
245	270	1
102	306	1
379	240	1
375	370	1
262	294	1
509	378	1
357	222	1
241	90	1
375	367	1
132	265	1
200	120	1
542	346	1
236	215	1
22	443	1
346	487	1
31	335	1
226	415	1
102	285	1
200	309	1
61	306	1
243	384	1
414	291	1
85	74	1
494	344	1
479	101	1
268	526	1
166	248	1
87	443	1
332	362	1
396	507	1
391	297	1
0	129	1
470	101	1
472	376	1
346	91	1
259	450	1
312	119	1
313	139	1
418	255	1
71	143	1
217	418	1
527	236	1
143	262	1
409	190	1
426	144	1
312	401	1
91	67	1
109	362	1
282	299	1
244	285	1
357	384	1
486	190	1
373	427	1
381	14	1
240	166	1
379	203	1
253	258	1
320	146	1
439	398	1
222	450	1
542	338	1
201	427	1
393	259	1
533	102	1
320	203	1
247	298	1
418	59	1
407	102	1
533	44	1
470	345	1
71	415	1
272	104	1
214	215	1
263	367	1
96	526	1
55	270	1
36	359	1
113	441	1
470	307	1
33	316	1
116	465	1
110	203	1
561	368	1
110	389	1
431	427	1
426	187	1
415	180	1
17	408	1
141	266	1
59	366	1
339	91	1
204	282	1
316	181	1
61	200	1
185	180	1
185	258	1
309	78	1
63	215	1
416	258	1
110	487	1
112	245	1
357	171	1
505	187	1
260	334	1
345	222	1
185	14	1
284	265	1
226	483	1
90	77	1
418	78	1
472	272	1
445	487	1
113	160	1
191	131	1
245	527	1
521	370	1
157	88	1
414	384	1
466	285	1
71	241	1
237	306	1
36	251	1
108	19	1
163	294	1
165	300	1
384	386	1
163	120	1
367	450	1
116	450	1
62	316	1
300	295	1
91	307	1
91	102	1
248	222	1
237	230	1
423	234	1
395	161	1
521	437	1
110	186	1
110	31	1
27	146	1
204	108	1
378	1	1
269	182	1
505	534	1
116	241	1
161	299	1
542	110	1
73	267	1
352	17	1
320	437	1
80	110	1
357	377	1
375	446	1
421	26	1
429	178	1
479	299	1
61	423	1
426	220	1
285	187	1
204	393	1
31	465	1
209	181	1
505	165	1
126	109	1
332	442	1
470	299	1
171	87	1
480	332	1
356	316	1
139	241	1
27	247	1
332	487	1
267	215	1
395	338	1
126	346	1
260	187	1
332	285	1
190	267	1
521	222	1
345	265	1
291	201	1
200	367	1
470	85	1
356	466	1
488	275	1
378	376	1
80	505	1
479	362	1
255	14	1
325	173	1
112	533	1
374	507	1
16	15	1
114	204	1
85	146	1
217	450	1
342	300	1
217	415	1
260	431	1
366	64	1
534	285	1
191	143	1
332	102	1
217	166	1
507	48	1
200	345	1
200	249	1
521	262	1
312	315	1
151	112	1
288	215	1
111	1	1
60	358	1
291	145	1
60	127	1
378	417	1
312	183	1
236	316	1
217	262	1
156	504	1
446	102	1
255	480	1
228	437	1
85	335	1
17	350	1
470	483	1
31	285	1
553	516	1
147	267	1
59	465	1
444	179	1
375	529	1
338	64	1
61	91	1
146	299	1
245	378	1
260	527	1
56	488	1
414	399	1
111	316	1
114	135	1
336	147	1
85	282	1
87	307	1
129	384	1
561	193	1
357	505	1
263	14	1
382	128	1
418	336	1
269	83	1
151	334	1
285	19	1
330	18	1
336	560	1
418	415	1
269	487	1
316	391	1
132	67	1
19	529	1
454	145	1
426	184	1
59	66	1
426	240	1
151	295	1
483	197	1
28	445	1
200	443	1
222	102	1
423	19	1
446	370	1
55	187	1
342	444	1
247	446	1
339	182	1
116	222	1
443	487	1
165	144	1
494	234	1
114	116	1
380	267	1
148	113	1
337	374	1
59	204	1
143	416	1
395	416	1
460	197	1
504	391	1
483	374	1
505	54	1
260	202	1
216	378	1
561	373	1
169	82	1
342	294	1
262	78	1
454	399	1
151	171	1
460	339	1
91	171	1
522	529	1
423	135	1
200	339	1
50	70	1
561	268	1
32	46	1
132	418	1
269	109	1
268	288	1
166	187	1
488	348	1
312	44	1
378	534	1
313	299	1
561	414	1
522	307	1
144	104	1
415	507	1
382	438	1
487	234	1
378	442	1
126	150	1
87	258	1
362	416	1
85	64	1
316	359	1
59	87	1
70	227	1
247	108	1
272	70	1
204	522	1
417	234	1
375	91	1
399	297	1
217	522	1
527	427	1
267	372	1
555	219	1
384	14	1
186	294	1
443	307	1
156	305	1
342	36	1
483	285	1
92	222	1
415	101	1
121	384	1
228	362	1
437	483	1
226	450	1
439	332	1
126	285	1
242	104	1
163	396	1
87	282	1
272	479	1
96	147	1
337	108	1
61	284	1
226	101	1
145	316	1
116	294	1
60	146	1
38	147	1
61	339	1
114	222	1
470	241	1
36	207	1
111	373	1
255	263	1
44	147	1
186	487	1
332	277	1
200	362	1
414	216	1
110	270	1
505	143	1
151	533	1
292	149	1
418	366	1
486	242	1
166	285	1
38	384	1
502	54	1
313	114	1
80	147	1
332	64	1
470	529	1
433	538	1
116	259	1
446	483	1
36	489	1
337	247	1
241	234	1
217	132	1
399	391	1
139	166	1
165	42	1
332	262	1
59	285	1
111	190	1
542	507	1
395	222	1
417	374	1
336	332	1
282	180	1
64	494	1
185	212	1
418	101	1
111	214	1
27	255	1
109	234	1
309	522	1
185	507	1
307	299	1
336	465	1
143	187	1
333	295	1
21	285	1
226	54	1
131	295	1
381	142	1
163	374	1
120	450	1
83	66	1
217	19	1
262	299	1
378	423	1
366	522	1
560	219	1
36	562	1
165	378	1
342	330	1
41	382	1
352	186	1
71	147	1
149	391	1
313	64	1
171	182	1
346	269	1
116	262	1
91	64	1
486	111	1
61	372	1
276	416	1
307	180	1
91	263	1
84	391	1
224	36	1
29	316	1
368	211	1
147	77	1
64	197	1
151	59	1
372	209	1
185	44	1
243	147	1
68	443	1
221	487	1
166	14	1
200	450	1
255	560	1
228	203	1
521	362	1
45	316	1
483	396	1
230	219	1
316	138	1
521	182	1
114	91	1
409	372	1
61	338	1
236	15	1
382	384	1
105	173	1
470	522	1
141	83	1
214	209	1
446	263	1
367	48	1
93	184	1
226	465	1
356	166	1
60	179	1
486	414	1
126	446	1
156	484	1
380	431	1
488	97	1
31	222	1
486	267	1
356	145	1
346	282	1
38	60	1
312	331	1
368	526	1
151	160	1
431	391	1
272	373	1
483	307	1
150	222	1
440	185	1
216	54	1
362	307	1
486	65	1
529	234	1
171	60	1
226	31	1
151	338	1
67	344	1
36	423	1
201	198	1
245	179	1
396	367	1
267	219	1
378	362	1
346	87	1
433	267	1
339	311	1
414	201	1
111	156	1
262	161	1
126	338	1
55	417	1
87	263	1
253	494	1
263	437	1
376	244	1
382	95	1
132	108	1
470	346	1
320	522	1
481	543	1
71	255	1
542	204	1
228	415	1
114	309	1
228	166	1
144	113	1
217	151	1
166	311	1
328	70	1
108	180	1
245	2	1
135	19	1
426	244	1
228	91	1
228	479	1
18	219	1
437	507	1
479	185	1
396	203	1
507	78	1
166	376	1
352	444	1
437	445	1
339	487	1
150	396	1
332	299	1
182	180	1
197	234	1
255	241	1
313	182	1
470	108	1
486	1	1
429	380	1
333	245	1
309	443	1
409	177	1
357	452	1
102	78	1
300	70	1
444	441	1
186	113	1
163	367	1
241	529	1
561	215	1
108	282	1
339	197	1
248	370	1
52	529	1
208	70	1
116	87	1
504	316	1
505	152	1
228	332	1
479	529	1
312	240	1
60	289	1
248	160	1
245	127	1
356	165	1
139	126	1
296	295	1
352	54	1
362	507	1
156	433	1
309	338	1
1	214	1
373	391	1
83	481	1
166	362	1
32	291	1
114	294	1
204	446	1
166	244	1
357	507	1
126	437	1
110	222	1
309	54	1
150	282	1
521	345	1
59	135	1
313	78	1
416	539	1
49	197	1
72	488	1
166	534	1
484	391	1
17	266	1
521	59	1
521	416	1
166	423	1
186	285	1
426	330	1
92	82	1
417	78	1
161	393	1
366	479	1
414	538	1
245	171	1
204	182	1
36	241	1
224	393	1
145	526	1
63	316	1
173	484	1
542	450	1
36	298	1
414	96	1
141	218	1
144	295	1
114	71	1
55	494	1
220	295	1
542	366	1
332	150	1
74	78	1
307	78	1
71	479	1
111	433	1
378	480	1
36	159	1
373	433	1
481	54	1
193	316	1
269	338	1
171	219	1
294	135	1
61	442	1
375	36	1
384	560	1
216	181	1
378	203	1
222	70	1
173	404	1
96	73	1
61	487	1
418	182	1
204	299	1
262	437	1
305	223	1
313	522	1
31	14	1
146	147	1
370	19	1
1	391	1
191	148	1
146	19	1
52	259	1
332	265	1
222	423	1
466	113	1
356	444	1
454	391	1
418	542	1
309	166	1
486	288	1
255	222	1
116	307	1
59	218	1
346	226	1
242	427	1
1	145	1
224	171	1
60	267	1
248	67	1
263	19	1
182	299	1
80	191	1
313	71	1
36	183	1
226	507	1
184	338	1
224	334	1
33	65	1
488	359	1
382	118	1
443	108	1
112	344	1
143	415	1
312	67	1
342	70	1
444	334	1
27	185	1
470	443	1
342	248	1
60	73	1
339	294	1
366	483	1
110	142	1
272	209	1
466	296	1
111	104	1
60	500	1
309	437	1
74	285	1
55	445	1
147	359	1
561	454	1
132	150	1
204	335	1
488	373	1
71	54	1
446	494	1
276	67	1
313	320	1
71	258	1
27	284	1
55	450	1
249	166	1
269	101	1
91	299	1
291	526	1
426	357	1
376	248	1
346	166	1
87	259	1
241	344	1
52	78	1
166	282	1
182	146	1
143	197	1
21	295	1
161	370	1
542	423	1
74	70	1
336	362	1
74	389	1
445	450	1
241	487	1
342	244	1
71	307	1
375	344	1
470	332	1
61	36	1
31	338	1
38	185	1
109	522	1
36	198	1
278	316	1
382	194	1
144	500	1
143	437	1
488	36	1
147	199	1
17	259	1
542	226	1
312	385	1
395	307	1
366	146	1
416	494	1
198	484	1
193	391	1
112	335	1
456	259	1
85	171	1
236	198	1
222	437	1
247	29	1
291	236	1
110	376	1
357	479	1
487	285	1
465	374	1
443	78	1
313	259	1
307	67	1
116	204	1
291	484	1
27	263	1
378	220	1
111	288	1
247	90	1
401	147	1
211	209	1
149	297	1
382	212	1
150	417	1
36	180	1
102	300	1
313	345	1
31	19	1
399	178	1
245	59	1
332	146	1
121	60	1
240	441	1
409	236	1
313	27	1
357	500	1
126	161	1
88	124	1
339	126	1
269	161	1
60	101	1
185	146	1
145	305	1
366	204	1
228	529	1
163	417	1
306	77	1
55	182	1
426	166	1
542	91	1
486	454	1
344	335	1
182	494	1
444	294	1
184	266	1
320	126	1
249	226	1
375	396	1
309	263	1
333	186	1
31	307	1
534	295	1
171	483	1
119	393	1
487	494	1
479	180	1
182	285	1
36	442	1
61	14	1
146	285	1
78	450	1
470	362	1
263	101	1
145	201	1
217	446	1
186	187	1
336	443	1
85	346	1
36	102	1
309	204	1
64	258	1
200	59	1
157	203	1
313	48	1
282	67	1
245	296	1
470	487	1
222	180	1
460	54	1
200	258	1
429	439	1
226	294	1
427	305	1
285	197	1
114	52	1
443	423	1
116	182	1
186	64	1
84	526	1
186	295	1
165	102	1
272	181	1
141	276	1
55	396	1
165	389	1
242	65	1
38	70	1
60	160	1
71	135	1
414	173	1
143	396	1
191	295	1
116	374	1
426	338	1
1	487	1
313	171	1
342	148	1
561	399	1
408	77	1
561	146	1
200	54	1
34	74	1
126	108	1
217	67	1
427	181	1
332	197	1
55	269	1
228	241	1
373	236	1
345	284	1
222	285	1
74	31	1
36	258	1
120	526	1
74	204	1
270	54	1
488	261	1
336	384	1
339	479	1
222	187	1
339	259	1
200	282	1
431	65	1
378	336	1
186	270	1
61	336	1
395	450	1
263	203	1
150	101	1
245	220	1
312	377	1
14	372	1
534	102	1
149	288	1
427	484	1
110	116	1
505	270	1
173	303	1
85	370	1
36	146	1
263	135	1
488	278	1
507	258	1
32	272	1
156	173	1
253	375	1
144	427	1
366	336	1
416	450	1
396	465	1
332	384	1
241	450	1
203	42	1
522	180	1
486	216	1
313	249	1
263	494	1
146	404	1
249	479	1
32	368	1
245	160	1
272	223	1
226	345	1
415	367	1
101	529	1
470	339	1
228	135	1
187	54	1
313	446	1
240	42	1
71	101	1
74	384	1
375	259	1
309	311	1
21	244	1
414	409	1
156	399	1
217	336	1
357	442	1
445	101	1
414	454	1
346	396	1
313	52	1
320	445	1
226	109	1
166	443	1
309	336	1
442	265	1
391	267	1
201	104	1
200	378	1
216	334	1
346	259	1
240	148	1
114	234	1
338	529	1
156	526	1
346	285	1
156	15	1
161	54	1
357	130	1
36	74	1
155	70	1
396	307	1
1	181	1
313	479	1
228	282	1
395	465	1
378	483	1
55	144	1
295	187	1
145	104	1
228	226	1
320	59	1
1	416	1
262	529	1
28	102	1
235	316	1
253	265	1
64	465	1
260	215	1
139	204	1
33	272	1
309	234	1
59	91	1
2	443	1
384	344	1
120	307	1
416	135	1
254	66	1
32	376	1
479	344	1
71	19	1
439	279	1
230	279	1
375	494	1
542	285	1
204	14	1
338	234	1
112	165	1
249	60	1
228	446	1
382	267	1
71	166	1
395	150	1
518	568	1
85	307	1
312	247	1
255	230	1
465	259	1
384	377	1
487	78	1
260	46	1
505	444	1
542	336	1
367	19	1
443	203	1
395	31	1
427	149	1
129	178	1
216	201	1
362	483	1
32	353	1
336	67	1
217	402	1
312	39	1
375	521	1
262	285	1
465	370	1
542	269	1
186	248	1
336	529	1
96	65	1
296	244	1
2	184	1
366	285	1
311	396	1
418	204	1
437	54	1
191	203	1
151	285	1
529	335	1
114	258	1
470	203	1
339	101	1
542	415	1
85	262	1
185	207	1
61	299	1
105	209	1
236	146	1
313	529	1
55	529	1
502	487	1
21	334	1
312	335	1
226	370	1
488	438	1
399	484	1
423	259	1
282	338	1
200	204	1
446	234	1
143	494	1
338	389	1
163	78	1
74	95	1
200	101	1
143	171	1
36	226	1
561	484	1
52	120	1
460	263	1
236	239	1
161	307	1
74	159	1
108	285	1
260	409	1
182	465	1
71	259	1
102	494	1
263	445	1
395	479	1
486	391	1
332	87	1
222	259	1
61	121	1
50	312	1
384	529	1
418	445	1
272	201	1
60	207	1
249	487	1
204	487	1
374	219	1
37	443	1
415	48	1
312	130	1
342	92	1
311	362	1
190	198	1
248	102	1
500	70	1
533	127	1
52	161	1
242	316	1
98	247	1
445	285	1
191	356	1
105	267	1
110	91	1
367	465	1
396	19	1
31	282	1
410	479	1
165	166	1
263	67	1
203	78	1
114	87	1
245	82	1
443	445	1
146	180	1
245	113	1
31	443	1
59	450	1
71	204	1
163	91	1
375	269	1
479	19	1
332	263	1
132	101	1
216	285	1
50	60	1
378	197	1
389	102	1
362	367	1
110	244	1
527	15	1
55	446	1
357	427	1
166	161	1
236	538	1
84	105	1
249	423	1
71	263	1
23	147	1
16	331	1
52	234	1
357	496	1
429	211	1
272	291	1
217	92	1
366	465	1
282	64	1
60	359	1
488	183	1
488	514	1
143	263	1
166	437	1
61	529	1
527	223	1
120	297	1
262	417	1
114	372	1
209	104	1
15	214	1
444	165	1
362	19	1
309	182	1
186	67	1
305	65	1
378	269	1
313	521	1
55	222	1
131	201	1
417	161	1
300	203	1
272	147	1
116	120	1
52	338	1
486	223	1
224	60	1
486	305	1
373	305	1
173	15	1
40	472	1
96	219	1
157	244	1
470	59	1
171	83	1
325	63	1
221	416	1
483	120	1
110	179	1
242	215	1
408	378	1
460	320	1
245	165	1
28	222	1
263	54	1
282	197	1
259	197	1
131	466	1
276	83	1
305	433	1
203	423	1
200	522	1
19	180	1
526	214	1
360	384	1
268	316	1
522	161	1
216	295	1
313	416	1
272	96	1
435	382	1
442	70	1
71	374	1
171	67	1
470	450	1
395	163	1
70	160	1
19	259	1
542	396	1
268	373	1
307	234	1
182	19	1
418	374	1
163	59	1
407	174	1
333	244	1
384	179	1
446	161	1
336	204	1
17	479	1
346	336	1
444	338	1
418	163	1
426	21	1
269	437	1
32	239	1
357	247	1
111	431	1
368	201	1
325	198	1
200	255	1
282	494	1
356	334	1
470	61	1
291	433	1
52	393	1
74	366	1
486	409	1
55	116	1
268	223	1
232	147	1
91	367	1
112	187	1
144	215	1
183	70	1
417	285	1
384	405	1
110	346	1
333	20	1
269	294	1
415	338	1
415	258	1
309	59	1
401	70	1
295	270	1
216	223	1
228	48	1
136	507	1
526	267	1
388	255	1
228	258	1
562	384	1
88	152	1
494	197	1
487	370	1
470	263	1
384	500	1
447	77	1
479	483	1
61	446	1
171	150	1
226	87	1
306	219	1
1	135	1
486	526	1
372	344	1
149	372	1
171	186	1
96	105	1
200	445	1
320	143	1
190	104	1
84	268	1
460	116	1
509	245	1
553	360	1
191	166	1
131	391	1
204	437	1
147	73	1
31	522	1
96	190	1
110	494	1
131	190	1
395	101	1
334	338	1
127	113	1
395	228	1
71	60	1
166	120	1
152	285	1
269	282	1
157	18	1
444	240	1
437	450	1
1	223	1
171	332	1
291	305	1
460	521	1
117	269	1
27	372	1
127	70	1
23	185	1
470	445	1
150	258	1
269	543	1
116	367	1
182	203	1
345	529	1
143	234	1
182	507	1
71	226	1
203	258	1
375	299	1
203	54	1
322	131	1
352	187	1
190	215	1
366	374	1
91	437	1
226	367	1
143	101	1
109	443	1
325	84	1
269	54	1
200	166	1
165	248	1
264	147	1
226	443	1
460	52	1
163	259	1
245	285	1
132	91	1
466	295	1
216	74	1
455	382	1
366	48	1
416	66	1
85	529	1
36	99	1
114	442	1
395	64	1
521	180	1
186	220	1
466	376	1
157	285	1
521	367	1
71	507	1
545	70	1
221	501	1
395	313	1
148	244	1
87	285	1
27	102	1
132	126	1
217	481	1
55	216	1
384	247	1
313	443	1
313	309	1
260	433	1
389	54	1
91	494	1
150	450	1
282	307	1
542	445	1
200	417	1
236	376	1
255	258	1
366	241	1
431	15	1
362	417	1
460	338	1
273	70	1
260	268	1
217	443	1
193	201	1
165	296	1
217	423	1
416	241	1
255	416	1
356	526	1
418	259	1
332	522	1
407	255	1
240	270	1
507	19	1
529	299	1
7	428	1
91	483	1
357	399	1
114	396	1
64	101	1
375	59	1
177	267	1
228	346	1
173	305	1
132	55	1
313	339	1
285	160	1
52	135	1
367	258	1
360	147	1
336	121	1
28	77	1
379	54	1
534	248	1
446	415	1
145	190	1
431	190	1
431	201	1
521	255	1
96	178	1
156	144	1
262	307	1
19	234	1
312	30	1
353	236	1
269	450	1
346	116	1
542	299	1
352	398	1
417	180	1
36	155	1
323	220	1
52	282	1
542	74	1
313	166	1
357	340	1
375	313	1
384	241	1
292	96	1
443	450	1
253	345	1
74	534	1
334	152	1
282	450	1
272	173	1
232	70	1
505	330	1
150	415	1
522	483	1
27	309	1
431	331	1
395	87	1
155	384	1
357	300	1
268	65	1
378	54	1
460	487	1
367	303	1
1	236	1
334	144	1
173	73	1
504	404	1
198	214	1
521	71	1
470	197	1
375	121	1
59	31	1
36	222	1
18	380	1
262	465	1
37	384	1
151	416	1
509	191	1
521	143	1
320	423	1
357	48	1
110	533	1
460	143	1
395	320	1
132	48	1
484	215	1
60	440	1
345	282	1
74	234	1
334	248	1
126	120	1
283	316	1
87	101	1
333	285	1
166	300	1
55	339	1
479	437	1
88	231	1
87	64	1
61	150	1
59	241	1
217	294	1
150	19	1
230	332	1
342	488	1
486	173	1
332	259	1
126	27	1
40	340	1
124	533	1
533	534	1
294	445	1
217	48	1
414	223	1
259	265	1
333	102	1
395	234	1
366	362	1
61	263	1
332	282	1
542	200	1
313	285	1
101	78	1
445	54	1
146	391	1
88	178	1
109	384	1
470	180	1
345	437	1
346	108	1
55	334	1
131	156	1
470	143	1
27	465	1
166	44	1
63	214	1
486	96	1
163	101	1
110	396	1
126	180	1
61	163	1
228	64	1
357	185	1
418	161	1
416	263	1
111	63	1
165	113	1
126	54	1
542	479	1
150	234	1
131	111	1
367	307	1
184	127	1
36	37	1
184	270	1
109	307	1
366	180	1
126	204	1
494	54	1
132	494	1
561	149	1
521	285	1
78	258	1
163	299	1
333	191	1
114	59	1
484	433	1
191	534	1
20	110	1
216	110	1
375	346	1
346	338	1
416	54	1
313	49	1
16	404	1
171	446	1
156	214	1
486	356	1
132	1	1
36	212	1
384	187	1
185	161	1
241	415	1
14	529	1
253	28	1
31	362	1
426	285	1
145	198	1
108	494	1
60	319	1
357	423	1
228	78	1
32	40	1
454	144	1
60	562	1
87	299	1
292	84	1
217	54	1
442	372	1
156	1	1
171	423	1
339	338	1
159	316	1
36	341	1
384	289	1
488	128	1
338	270	1
161	465	1
17	230	1
135	299	1
61	370	1
259	180	1
328	357	1
55	126	1
255	299	1
61	408	1
171	234	1
325	16	1
223	181	1
470	249	1
366	417	1
131	424	1
241	161	1
483	299	1
14	483	1
345	146	1
114	78	1
269	307	1
165	143	1
222	370	1
59	197	1
166	389	1
61	182	1
488	165	1
296	147	1
218	64	1
217	135	1
522	446	1
466	186	1
171	437	1
114	542	1
166	184	1
132	378	1
262	443	1
139	220	1
293	147	1
241	335	1
313	200	1
395	507	1
61	108	1
116	446	1
292	144	1
214	538	1
357	295	1
521	366	1
534	64	1
166	494	1
200	74	1
169	139	1
395	116	1
27	362	1
126	163	1
145	242	1
27	494	1
1	65	1
345	465	1
509	166	1
80	244	1
200	446	1
203	270	1
479	307	1
378	282	1
292	206	1
320	345	1
426	44	1
74	387	1
368	177	1
225	247	1
114	171	1
32	409	1
442	529	1
454	63	1
222	539	1
269	423	1
483	180	1
406	70	1
294	450	1
263	487	1
151	222	1
110	307	1
217	110	1
320	135	1
151	92	1
414	63	1
417	415	1
418	166	1
60	382	1
522	64	1
156	65	1
132	366	1
217	52	1
20	185	1
336	284	1
315	147	1
59	338	1
445	147	1
426	165	1
149	433	1
395	55	1
185	427	1
339	416	1
245	266	1
305	267	1
228	143	1
36	479	1
357	70	1
447	219	1
112	244	1
555	241	1
91	120	1
522	108	1
36	60	1
366	443	1
269	171	1
247	344	1
470	126	1
71	522	1
27	150	1
445	494	1
380	209	1
325	146	1
85	143	1
312	386	1
378	447	1
226	307	1
226	446	1
163	494	1
64	234	1
36	179	1
292	104	1
285	450	1
282	445	1
217	87	1
17	487	1
470	423	1
21	533	1
375	90	1
257	382	1
312	289	1
543	370	1
486	209	1
146	48	1
375	282	1
59	234	1
488	297	1
65	181	1
414	484	1
120	433	1
132	529	1
521	415	1
108	70	1
141	481	1
75	507	1
521	163	1
151	54	1
92	186	1
85	78	1
211	267	1
193	305	1
338	450	1
357	386	1
200	307	1
36	259	1
418	487	1
222	108	1
59	184	1
409	288	1
102	423	1
14	70	1
14	147	1
418	465	1
36	243	1
127	147	1
409	433	1
442	494	1
80	245	1
121	303	1
334	300	1
182	529	1
345	101	1
226	78	1
561	120	1
149	223	1
132	204	1
399	231	1
460	418	1
357	534	1
486	214	1
260	472	1
64	539	1
378	265	1
131	179	1
262	64	1
418	74	1
346	54	1
204	64	1
320	346	1
406	185	1
288	214	1
507	442	1
185	494	1
248	338	1
230	523	1
521	446	1
255	1	1
28	529	1
382	301	1
151	426	1
114	299	1
49	31	1
59	146	1
393	187	1
505	124	1
395	27	1
27	163	1
110	362	1
269	501	1
87	338	1
203	127	1
437	494	1
132	372	1
185	423	1
183	185	1
339	180	1
49	70	1
258	450	1
96	15	1
518	463	1
260	149	1
395	143	1
174	70	1
295	179	1
204	396	1
143	466	1
84	223	1
384	208	1
146	215	1
139	19	1
505	338	1
368	433	1
60	198	1
356	201	1
395	110	1
336	171	1
418	54	1
521	90	1
312	127	1
258	335	1
260	272	1
253	336	1
18	441	1
509	285	1
171	197	1
300	147	1
342	147	1
85	203	1
399	211	1
87	241	1
31	393	1
32	202	1
378	450	1
217	17	1
395	299	1
110	165	1
312	389	1
446	396	1
228	465	1
533	389	1
55	262	1
272	391	1
16	297	1
92	187	1
424	316	1
117	370	1
129	185	1
418	479	1
61	456	1
121	77	1
254	186	1
143	307	1
269	415	1
357	127	1
242	295	1
313	423	1
111	399	1
396	487	1
367	299	1
399	380	1
110	144	1
124	113	1
32	149	1
84	215	1
171	522	1
313	180	1
74	382	1
418	228	1
529	450	1
173	178	1
144	201	1
419	60	1
484	181	1
299	234	1
336	14	1
201	526	1
337	14	1
132	282	1
362	285	1
266	187	1
109	265	1
132	465	1
91	450	1
150	204	1
150	465	1
338	54	1
330	338	1
226	487	1
212	70	1
71	126	1
375	150	1
85	479	1
186	222	1
131	285	1
395	339	1
128	315	1
486	144	1
357	376	1
368	105	1
124	240	1
204	135	1
311	204	1
171	101	1
352	426	1
357	440	1
368	73	1
269	67	1
171	415	1
36	108	1
437	417	1
345	263	1
197	299	1
409	214	1
121	102	1
414	147	1
61	269	1
116	344	1
126	101	1
67	450	1
483	445	1
437	465	1
105	63	1
224	254	1
522	285	1
396	445	1
52	367	1
295	42	1
242	248	1
224	222	1
241	494	1
204	374	1
415	64	1
362	135	1
64	445	1
346	416	1
59	52	1
431	219	1
102	442	1
292	1	1
332	116	1
237	421	1
494	450	1
311	465	1
395	335	1
253	222	1
222	78	1
35	266	1
416	48	1
480	523	1
55	533	1
141	501	1
553	322	1
55	367	1
338	367	1
80	187	1
443	146	1
31	367	1
488	428	1
263	197	1
362	370	1
204	416	1
262	450	1
149	15	1
284	507	1
185	99	1
384	427	1
36	171	1
522	507	1
405	90	1
242	305	1
487	450	1
87	197	1
222	445	1
85	437	1
166	182	1
260	353	1
362	374	1
74	90	1
109	446	1
505	334	1
357	113	1
375	372	1
255	423	1
555	344	1
65	526	1
316	390	1
357	285	1
91	445	1
483	529	1
18	231	1
1	64	1
439	306	1
198	305	1
143	445	1
191	300	1
336	90	1
331	209	1
357	296	1
345	19	1
325	88	1
332	67	1
132	555	1
228	542	1
336	60	1
357	338	1
203	48	1
71	309	1
36	348	1
521	259	1
156	288	1
276	481	1
35	64	1
217	378	1
27	265	1
248	127	1
294	494	1
382	133	1
223	209	1
368	219	1
311	78	1
414	193	1
273	377	1
346	255	1
70	358	1
561	223	1
18	404	1
165	186	1
384	212	1
59	186	1
111	527	1
146	15	1
132	284	1
111	198	1
345	494	1
282	203	1
370	187	1
217	285	1
249	146	1
59	332	1
87	416	1
259	67	1
228	54	1
534	338	1
60	180	1
222	442	1
526	391	1
460	222	1
331	147	1
320	282	1
80	312	1
110	180	1
272	345	1
204	529	1
522	443	1
145	120	1
36	336	1
497	443	1
333	187	1
291	331	1
60	345	1
31	446	1
312	358	1
112	240	1
444	244	1
20	187	1
437	101	1
57	185	1
494	265	1
288	15	1
458	144	1
269	78	1
217	374	1
222	338	1
346	479	1
161	259	1
406	60	1
151	187	1
44	70	1
55	186	1
375	415	1
362	48	1
92	285	1
148	295	1
143	91	1
253	121	1
522	374	1
201	484	1
49	263	1
322	270	1
470	171	1
71	150	1
87	415	1
437	338	1
80	54	1
384	160	1
446	14	1
36	39	1
74	222	1
149	484	1
313	378	1
507	113	1
254	187	1
216	145	1
131	215	1
399	104	1
143	59	1
87	507	1
292	198	1
263	443	1
87	437	1
82	220	1
222	465	1
98	60	1
356	104	1
333	54	1
217	339	1
163	345	1
255	108	1
542	102	1
96	357	1
312	23	1
36	255	1
488	267	1
91	222	1
502	171	1
269	367	1
28	67	1
470	217	1
165	127	1
182	370	1
488	520	1
132	370	1
126	67	1
382	297	1
521	338	1
533	296	1
522	120	1
109	116	1
481	266	1
109	28	1
382	390	1
465	307	1
346	234	1
133	316	1
488	159	1
234	180	1
269	370	1
486	120	1
201	16	1
217	529	1
320	78	1
17	447	1
218	481	1
332	446	1
320	166	1
187	160	1
60	452	1
52	417	1
224	260	1
250	337	1
366	67	1
505	285	1
346	494	1
132	71	1
484	297	1
407	152	1
533	113	1
120	234	1
223	104	1
312	147	1
375	52	1
61	447	1
245	466	1
52	446	1
102	135	1
334	160	1
460	90	1
147	358	1
378	135	1
127	285	1
460	91	1
446	54	1
175	247	1
367	54	1
216	391	1
68	203	1
339	465	1
522	241	1
121	332	1
27	77	1
132	171	1
309	416	1
36	73	1
362	150	1
163	307	1
245	55	1
382	207	1
379	74	1
488	517	1
311	443	1
366	367	1
150	307	1
263	146	1
366	78	1
470	64	1
342	166	1
352	285	1
85	522	1
126	222	1
144	244	1
260	297	1
521	396	1
245	244	1
217	543	1
483	19	1
460	55	1
367	78	1
55	338	1
142	405	1
55	294	1
236	104	1
166	446	1
135	101	1
527	297	1
311	487	1
542	416	1
460	204	1
88	439	1
131	187	1
279	26	1
336	423	1
61	277	1
222	415	1
17	400	1
346	483	1
312	452	1
542	78	1
456	284	1
483	203	1
269	66	1
345	443	1
186	160	1
311	234	1
272	198	1
249	147	1
440	70	1
114	262	1
345	77	1
521	284	1
521	417	1
523	447	1
309	222	1
254	534	1
144	484	1
204	234	1
313	234	1
217	55	1
479	43	1
416	529	1
200	263	1
487	135	1
375	116	1
220	113	1
127	54	1
364	312	1
362	241	1
561	305	1
17	420	1
71	450	1
156	373	1
403	220	1
259	344	1
260	368	1
173	177	1
268	104	1
92	55	1
396	494	1
445	180	1
486	368	1
132	416	1
320	101	1
443	529	1
521	55	1
282	335	1
60	293	1
198	211	1
378	487	1
35	54	1
85	52	1
342	127	1
200	226	1
61	332	1
292	300	1
521	479	1
313	226	1
342	533	1
146	307	1
74	187	1
492	461	1
244	54	1
85	255	1
55	416	1
446	299	1
249	87	1
253	114	1
373	73	1
110	334	1
479	262	1
416	187	1
112	248	1
50	36	1
410	507	1
385	316	1
312	73	1
291	104	1
534	54	1
470	465	1
143	370	1
378	67	1
561	63	1
316	104	1
262	487	1
191	466	1
34	382	1
429	157	1
543	487	1
74	135	1
292	242	1
226	180	1
339	108	1
150	259	1
389	295	1
132	36	1
378	307	1
375	284	1
395	180	1
399	303	1
456	77	1
85	91	1
36	38	1
18	152	1
27	522	1
437	370	1
163	450	1
418	311	1
443	299	1
509	244	1
131	288	1
87	52	1
426	242	1
504	372	1
190	120	1
509	216	1
21	88	1
431	215	1
427	267	1
161	415	1
431	305	1
203	529	1
74	443	1
414	242	1
61	465	1
171	370	1
163	87	1
151	240	1
114	483	1
61	366	1
52	19	1
122	316	1
285	465	1
269	417	1
20	203	1
217	61	1
426	444	1
151	20	1
423	180	1
254	220	1
423	529	1
368	214	1
342	152	1
334	389	1
35	59	1
357	37	1
429	219	1
334	203	1
109	417	1
141	171	1
470	204	1
132	263	1
66	370	1
226	52	1
36	273	1
542	48	1
279	152	1
114	101	1
116	234	1
242	203	1
345	372	1
131	334	1
382	261	1
282	374	1
120	316	1
110	423	1
356	295	1
543	54	1
201	15	1
203	465	1
254	36	1
80	533	1
542	150	1
357	23	1
417	241	1
417	465	1
370	54	1
458	131	1
31	262	1
368	223	1
222	372	1
51	382	1
542	27	1
185	22	1
534	184	1
375	362	1
282	135	1
366	102	1
217	307	1
110	300	1
132	439	1
185	345	1
110	367	1
49	147	1
345	362	1
146	465	1
74	208	1
445	234	1
521	52	1
74	347	1
217	1	1
380	373	1
288	267	1
120	288	1
322	187	1
294	234	1
312	516	1
193	433	1
284	372	1
85	338	1
382	286	1
186	370	1
191	389	1
241	396	1
111	267	1
68	248	1
110	242	1
427	391	1
64	135	1
294	285	1
263	48	1
128	30	1
357	243	1
198	147	1
241	180	1
166	135	1
522	263	1
418	339	1
499	382	1
373	201	1
166	242	1
443	227	1
376	184	1
109	182	1
437	135	1
433	104	1
269	479	1
529	90	1
64	66	1
114	450	1
479	241	1
292	409	1
242	187	1
255	204	1
479	203	1
228	87	1
27	443	1
391	15	1
431	372	1
120	396	1
120	305	1
311	529	1
87	450	1
64	259	1
352	184	1
55	356	1
171	402	1
454	215	1
320	241	1
190	146	1
228	55	1
70	251	1
444	466	1
34	316	1
313	108	1
184	295	1
336	447	1
460	396	1
370	307	1
370	48	1
409	380	1
120	370	1
345	48	1
292	538	1
245	441	1
74	376	1
445	299	1
268	391	1
61	258	1
49	185	1
522	294	1
346	101	1
375	339	1
509	74	1
99	147	1
328	488	1
443	396	1
521	269	1
426	55	1
386	147	1
146	370	1
64	220	1
19	197	1
228	101	1
320	258	1
91	146	1
226	416	1
311	417	1
382	471	1
91	116	1
236	65	1
391	214	1
171	218	1
312	226	1
171	203	1
534	113	1
191	112	1
117	171	1
132	228	1
357	226	1
163	64	1
366	87	1
322	166	1
504	303	1
276	117	1
370	197	1
71	443	1
185	529	1
109	197	1
20	356	1
380	63	1
87	222	1
50	357	1
357	67	1
339	446	1
181	297	1
145	146	1
104	215	1
366	416	1
416	367	1
418	55	1
49	52	1
366	450	1
380	173	1
426	160	1
260	340	1
222	494	1
126	143	1
342	165	1
96	185	1
366	108	1
368	104	1
384	273	1
373	145	1
245	143	1
108	483	1
445	19	1
156	120	1
88	42	1
288	391	1
209	297	1
426	127	1
218	501	1
191	248	1
393	529	1
284	445	1
114	384	1
454	1	1
96	331	1
224	67	1
132	87	1
452	147	1
470	285	1
377	70	1
309	294	1
109	78	1
418	180	1
166	295	1
409	231	1
171	513	1
200	320	1
2	384	1
61	415	1
504	223	1
460	171	1
542	529	1
305	214	1
312	359	1
185	241	1
313	335	1
260	373	1
339	109	1
1	335	1
396	423	1
193	297	1
309	150	1
204	443	1
114	494	1
237	407	1
171	185	1
248	487	1
418	52	1
156	63	1
366	52	1
529	180	1
17	407	1
309	299	1
322	92	1
253	161	1
357	389	1
393	258	1
379	248	1
357	186	1
222	374	1
260	190	1
359	70	1
527	433	1
320	31	1
338	299	1
444	296	1
470	437	1
362	396	1
33	372	1
241	367	1
193	190	1
247	251	1
375	185	1
418	146	1
102	203	1
113	335	1
502	64	1
146	177	1
295	113	1
376	113	1
357	382	1
362	259	1
236	190	1
263	483	1
272	527	1
111	193	1
518	306	1
185	359	1
156	291	1
364	147	1
367	180	1
33	454	1
439	523	1
146	78	1
527	316	1
395	294	1
245	334	1
64	180	1
36	401	1
346	374	1
479	31	1
36	378	1
27	423	1
55	320	1
204	180	1
529	67	1
33	427	1
216	526	1
437	146	1
312	254	1
366	338	1
248	187	1
325	431	1
293	70	1
1	427	1
146	101	1
292	173	1
126	366	1
60	185	1
194	316	1
222	147	1
367	370	1
74	60	1
460	126	1
379	338	1
486	268	1
74	487	1
217	101	1
294	307	1
419	70	1
272	84	1
309	249	1
282	120	1
150	494	1
191	533	1
59	370	1
166	220	1
55	163	1
446	258	1
111	144	1
395	460	1
378	372	1
61	87	1
378	226	1
15	181	1
245	184	1
249	396	1
339	393	1
338	78	1
33	211	1
222	543	1
366	311	1
418	258	1
479	48	1
173	372	1
368	297	1
74	197	1
309	269	1
416	282	1
255	19	1
168	60	1
367	507	1
16	484	1
487	219	1
150	522	1
427	526	1
375	507	1
417	64	1
120	135	1
143	362	1
241	78	1
226	150	1
239	187	1
479	263	1
285	67	1
255	522	1
187	441	1
562	147	1
33	268	1
291	105	1
240	534	1
110	450	1
61	265	1
465	234	1
126	269	1
260	376	1
139	31	1
190	538	1
31	445	1
150	423	1
409	305	1
309	445	1
60	44	1
395	91	1
443	182	1
23	447	1
59	522	1
332	415	1
263	507	1
489	185	1
378	102	1
561	173	1
391	223	1
309	282	1
378	146	1
294	120	1
269	241	1
426	300	1
334	54	1
145	297	1
52	222	1
91	443	1
521	332	1
78	54	1
64	374	1
222	443	1
27	197	1
28	345	1
61	28	1
20	216	1
395	415	1
268	144	1
494	70	1
382	491	1
437	335	1
132	339	1
222	67	1
255	370	1
2	248	1
521	346	1
212	316	1
398	152	1
36	384	1
1	523	1
64	48	1
96	201	1
305	526	1
56	382	1
384	22	1
454	504	1
505	74	1
165	466	1
444	187	1
470	262	1
346	294	1
33	223	1
14	135	1
437	367	1
240	187	1
320	52	1
370	259	1
85	249	1
346	258	1
437	423	1
362	487	1
356	338	1
161	396	1
135	78	1
367	374	1
309	87	1
444	389	1
31	423	1
64	307	1
150	182	1
296	285	1
346	262	1
36	452	1
85	415	1
446	180	1
466	127	1
367	197	1
60	405	1
429	238	1
92	334	1
219	77	1
80	203	1
320	91	1
126	423	1
561	33	1
366	307	1
204	54	1
87	294	1
217	521	1
91	294	1
409	181	1
375	64	1
171	66	1
165	376	1
110	166	1
241	299	1
49	384	1
466	54	1
240	248	1
389	70	1
384	372	1
378	345	1
282	78	1
418	494	1
116	396	1
143	150	1
228	339	1
36	71	1
163	311	1
542	443	1
479	247	1
486	538	1
364	488	1
312	251	1
59	307	1
228	150	1
296	70	1
334	270	1
111	15	1
217	182	1
14	219	1
322	334	1
143	450	1
85	116	1
521	294	1
228	345	1
217	269	1
17	416	1
149	305	1
74	415	1
171	187	1
366	529	1
150	299	1
55	165	1
336	269	1
263	396	1
61	228	1
173	190	1
454	433	1
201	215	1
27	52	1
182	48	1
221	276	1
313	204	1
260	236	1
449	382	1
409	178	1
114	339	1
48	529	1
305	288	1
357	298	1
143	334	1
207	316	1
244	295	1
255	494	1
131	305	1
507	259	1
217	35	1
80	466	1
217	248	1
221	254	1
342	42	1
200	110	1
114	126	1
48	19	1
311	203	1
416	344	1
521	483	1
85	336	1
217	395	1
55	507	1
269	362	1
348	70	1
145	236	1
309	262	1
479	332	1
320	259	1
204	367	1
312	264	1
294	465	1
336	197	1
143	226	1
269	335	1
217	204	1
163	171	1
309	446	1
36	187	1
460	87	1
64	423	1
231	504	1
85	396	1
345	234	1
311	294	1
80	426	1
269	102	1
284	259	1
49	446	1
135	54	1
416	307	1
311	415	1
486	201	1
423	299	1
292	131	1
92	248	1
339	370	1
320	332	1
357	27	1
454	223	1
431	288	1
31	450	1
521	494	1
446	282	1
332	180	1
312	419	1
109	284	1
185	247	1
253	109	1
132	200	1
52	450	1
161	487	1
260	1	1
198	391	1
65	223	1
384	199	1
356	113	1
460	146	1
338	48	1
150	135	1
470	370	1
150	446	1
126	299	1
193	427	1
120	181	1
74	248	1
426	42	1
68	187	1
226	147	1
534	384	1
342	441	1
486	145	1
74	270	1
231	267	1
320	87	1
382	331	1
200	311	1
398	26	1
71	64	1
263	299	1
60	99	1
414	190	1
285	78	1
374	450	1
316	267	1
443	180	1
255	226	1
378	230	1
338	180	1
384	296	1
224	187	1
294	370	1
28	258	1
197	335	1
294	396	1
174	26	1
111	484	1
334	534	1
454	291	1
166	203	1
102	197	1
529	265	1
97	316	1
357	187	1
143	299	1
126	102	1
110	204	1
110	285	1
309	197	1
120	223	1
320	161	1
284	67	1
109	415	1
242	201	1
339	262	1
36	70	1
203	285	1
151	534	1
173	219	1
151	441	1
460	180	1
312	319	1
521	384	1
116	135	1
85	222	1
521	282	1
217	416	1
89	247	1
417	102	1
395	487	1
25	147	1
509	533	1
313	31	1
542	171	1
121	259	1
272	214	1
203	487	1
163	48	1
31	108	1
33	190	1
80	185	1
109	396	1
226	204	1
242	338	1
479	338	1
352	279	1
200	48	1
373	15	1
226	120	1
339	483	1
296	338	1
297	215	1
200	126	1
114	28	1
166	116	1
357	120	1
71	163	1
509	113	1
414	368	1
522	299	1
109	19	1
1	507	1
409	15	1
292	399	1
85	126	1
63	104	1
187	270	1
45	74	1
61	418	1
228	31	1
87	19	1
60	264	1
151	74	1
174	421	1
307	529	1
494	259	1
190	209	1
248	441	1
151	113	1
426	203	1
116	263	1
346	367	1
384	159	1
74	390	1
163	465	1
200	259	1
61	479	1
143	285	1
20	242	1
395	166	1
71	417	1
33	297	1
444	44	1
357	494	1
110	534	1
366	259	1
516	70	1
31	102	1
217	375	1
313	143	1
71	384	1
253	445	1
166	294	1
395	241	1
333	444	1
334	393	1
249	19	1
294	203	1
443	258	1
85	445	1
366	396	1
339	258	1
92	357	1
375	418	1
48	197	1
161	285	1
330	187	1
1	305	1
161	483	1
414	198	1
395	445	1
396	450	1
141	221	1
35	83	1
320	234	1
231	63	1
415	445	1
131	214	1
171	116	1
454	431	1
143	146	1
150	487	1
166	335	1
163	241	1
466	389	1
263	393	1
384	108	1
309	423	1
228	507	1
222	417	1
561	538	1
61	378	1
143	135	1
242	297	1
533	244	1
165	240	1
339	285	1
527	391	1
312	212	1
228	182	1
339	443	1
36	358	1
357	319	1
330	295	1
61	59	1
269	108	1
309	345	1
465	197	1
312	77	1
291	316	1
486	433	1
60	187	1
204	262	1
395	494	1
161	48	1
357	129	1
156	145	1
17	222	1
132	85	1
446	335	1
126	135	1
149	104	1
338	370	1
60	258	1
171	135	1
415	465	1
320	465	1
248	179	1
423	374	1
85	269	1
470	294	1
521	344	1
244	187	1
85	366	1
542	161	1
247	14	1
268	215	1
367	259	1
171	534	1
120	265	1
292	179	1
116	203	1
179	187	1
272	190	1
203	507	1
61	180	1
292	340	1
59	276	1
203	160	1
91	362	1
257	316	1
92	74	1
116	150	1
309	415	1
255	306	1
36	406	1
281	488	1
143	163	1
20	443	1
31	146	1
20	357	1
522	197	1
35	269	1
163	180	1
375	417	1
87	522	1
313	126	1
486	156	1
294	180	1
61	54	1
312	373	1
36	127	1
320	309	1
472	206	1
262	367	1
292	145	1
166	146	1
339	263	1
395	226	1
470	91	1
222	161	1
400	344	1
338	259	1
521	529	1
253	460	1
379	165	1
151	124	1
132	19	1
217	276	1
534	244	1
338	101	1
311	19	1
149	331	1
373	288	1
345	161	1
71	222	1
255	116	1
87	370	1
521	307	1
445	529	1
126	48	1
35	370	1
561	291	1
432	36	1
255	262	1
166	186	1
362	258	1
366	161	1
80	36	1
207	147	1
255	277	1
366	226	1
126	249	1
216	214	1
200	366	1
173	214	1
236	201	1
381	108	1
466	187	1
542	465	1
171	31	1
143	366	1
116	445	1
312	382	1
346	64	1
328	384	1
487	465	1
406	384	1
131	65	1
443	512	1
17	439	1
36	382	1
200	507	1
110	296	1
59	180	1
135	465	1
479	161	1
334	42	1
255	345	1
432	384	1
527	104	1
80	186	1
74	269	1
204	445	1
368	15	1
395	200	1
415	370	1
346	180	1
418	87	1
228	146	1
85	197	1
143	64	1
74	166	1
249	204	1
335	265	1
173	223	1
146	65	1
60	109	1
254	402	1
454	267	1
348	147	1
320	71	1
126	258	1
80	295	1
409	223	1
444	127	1
121	258	1
262	180	1
109	241	1
143	161	1
27	113	1
197	450	1
521	135	1
186	42	1
446	465	1
146	338	1
141	487	1
260	15	1
63	73	1
27	219	1
505	295	1
309	494	1
443	44	1
533	42	1
522	101	1
465	101	1
36	300	1
151	389	1
339	31	1
222	396	1
395	108	1
444	248	1
416	161	1
163	116	1
366	19	1
85	101	1
19	335	1
311	262	1
71	78	1
395	367	1
484	526	1
395	14	1
427	104	1
226	396	1
159	70	1
203	152	1
373	316	1
362	101	1
201	305	1
74	180	1
163	479	1
378	186	1
332	417	1
336	108	1
382	482	1
328	382	1
151	342	1
418	150	1
63	211	1
59	182	1
443	19	1
486	198	1
249	234	1
245	67	1
161	234	1
460	465	1
479	396	1
191	444	1
124	248	1
49	78	1
338	487	1
59	374	1
407	336	1
186	102	1
114	219	1
102	372	1
18	372	1
362	522	1
355	316	1
285	234	1
143	258	1
245	295	1
139	219	1
109	180	1
214	267	1
228	309	1
156	409	1
518	441	1
426	270	1
222	307	1
533	378	1
263	259	1
32	16	1
268	149	1
124	285	1
479	150	1
486	193	1
204	258	1
200	234	1
507	180	1
416	446	1
132	423	1
131	297	1
102	529	1
336	31	1
509	426	1
312	108	1
92	113	1
470	102	1
245	42	1
437	203	1
157	187	1
110	135	1
2	185	1
185	251	1
254	539	1
444	54	1
163	222	1
163	437	1
116	494	1
255	87	1
16	305	1
309	417	1
375	135	1
395	249	1
36	534	1
186	184	1
173	215	1
352	230	1
55	135	1
80	248	1
526	223	1
269	393	1
357	155	1
114	416	1
339	14	1
460	36	1
427	214	1
488	471	1
346	197	1
74	19	1
221	66	1
346	366	1
339	345	1
320	285	1
384	251	1
373	215	1
279	306	1
426	191	1
509	203	1
334	113	1
186	416	1
309	362	1
445	265	1
417	423	1
353	334	1
91	31	1
260	391	1
561	84	1
55	184	1
426	92	1
91	101	1
416	222	1
368	65	1
339	87	1
2	70	1
367	529	1
155	185	1
418	522	1
423	101	1
88	441	1
332	182	1
74	235	1
49	203	1
489	70	1
139	339	1
342	534	1
31	161	1
268	111	1
55	203	1
253	241	1
151	254	1
414	433	1
16	73	1
388	219	1
52	14	1
198	303	1
313	494	1
445	507	1
254	218	1
342	338	1
505	378	1
533	187	1
143	295	1
357	212	1
102	90	1
505	127	1
268	198	1
48	494	1
294	299	1
132	59	1
488	286	1
316	433	1
366	150	1
166	180	1
57	60	1
85	19	1
147	496	1
87	446	1
220	203	1
18	303	1
1	190	1
269	446	1
117	83	1
426	152	1
181	215	1
489	147	1
342	113	1
52	54	1
268	300	1
84	15	1
474	488	1
260	247	1
470	139	1
283	147	1
163	52	1
418	450	1
71	161	1
332	483	1
454	427	1
375	109	1
320	299	1
262	374	1
282	370	1
418	200	1
454	288	1
105	431	1
253	67	1
362	146	1
522	367	1
217	31	1
241	284	1
339	335	1
182	102	1
272	356	1
479	78	1
454	16	1
52	241	1
263	415	1
245	403	1
346	307	1
45	382	1
325	96	1
71	338	1
375	228	1
384	496	1
470	146	1
204	67	1
253	61	1
165	295	1
418	507	1
114	370	1
368	181	1
333	466	1
362	108	1
269	332	1
31	52	1
59	423	1
518	88	1
269	262	1
161	182	1
132	262	1
74	87	1
488	316	1
221	67	1
262	258	1
381	345	1
375	555	1
61	437	1
31	135	1
509	55	1
444	285	1
144	242	1
292	353	1
228	445	1
130	147	1
484	214	1
272	288	1
414	504	1
542	309	1
364	185	1
120	197	1
402	266	1
126	393	1
470	494	1
407	77	1
395	85	1
179	297	1
521	265	1
149	178	1
171	102	1
507	450	1
71	446	1
378	179	1
325	149	1
356	285	1
376	102	1
396	78	1
408	344	1
492	188	1
61	560	1
74	529	1
263	307	1
112	186	1
102	465	1
130	70	1
59	150	1
243	70	1
309	108	1
309	370	1
116	180	1
378	184	1
333	338	1
217	180	1
542	180	1
184	389	1
333	533	1
522	450	1
31	234	1
521	28	1
132	320	1
334	296	1
236	433	1
312	249	1
173	65	1
247	70	1
352	378	1
399	177	1
309	258	1
285	54	1
84	297	1
91	135	1
346	109	1
158	73	1
114	241	1
241	265	1
147	101	1
272	268	1
245	64	1
423	54	1
395	393	1
35	66	1
116	19	1
116	362	1
182	423	1
161	19	1
322	248	1
345	150	1
479	374	1
52	263	1
126	362	1
163	415	1
55	444	1
260	267	1
561	288	1
32	267	1
362	465	1
292	368	1
42	113	1
342	242	1
309	19	1
339	204	1
84	111	1
263	64	1
263	234	1
116	335	1
345	180	1
269	443	1
245	300	1
155	247	1
63	178	1
269	203	1
185	198	1
375	197	1
182	445	1
374	370	1
260	146	1
375	263	1
309	52	1
488	138	1
163	234	1
299	180	1
220	370	1
423	450	1
292	373	1
269	120	1
71	437	1
217	245	1
156	431	1
116	48	1
60	14	1
356	15	1
17	247	1
375	258	1
443	507	1
124	295	1
201	316	1
70	77	1
312	198	1
366	234	1
102	187	1
414	149	1
313	367	1
488	510	1
269	146	1
487	374	1
71	362	1
16	181	1
345	423	1
111	236	1
313	101	1
313	445	1
221	59	1
415	396	1
408	219	1
25	384	1
161	367	1
561	214	1
217	171	1
74	362	1
288	297	1
342	312	1
366	282	1
414	236	1
356	533	1
352	18	1
320	443	1
417	367	1
396	64	1
345	415	1
217	346	1
378	248	1
166	160	1
149	219	1
144	285	1
312	267	1
131	427	1
17	152	1
384	319	1
328	36	1
384	358	1
21	248	1
109	262	1
110	184	1
357	199	1
61	161	1
112	219	1
114	226	1
102	307	1
55	300	1
504	433	1
487	529	1
236	288	1
483	54	1
249	307	1
204	423	1
373	181	1
108	102	1
204	241	1
439	77	1
61	439	1
111	223	1
426	102	1
416	234	1
179	526	1
36	445	1
148	184	1
55	91	1
17	370	1
85	311	1
226	332	1
200	109	1
268	190	1
292	267	1
109	494	1
200	87	1
384	264	1
479	282	1
245	248	1
342	131	1
131	268	1
165	152	1
266	344	1
331	267	1
300	297	1
255	442	1
342	21	1
93	129	1
84	372	1
356	65	1
248	42	1
65	391	1
228	204	1
101	494	1
509	248	1
109	259	1
387	382	1
84	73	1
200	299	1
201	288	1
276	487	1
316	358	1
378	74	1
231	198	1
57	70	1
443	54	1
454	65	1
201	297	1
521	146	1
171	220	1
241	182	1
502	254	1
55	443	1
395	269	1
36	160	1
73	209	1
333	334	1
132	521	1
132	443	1
74	522	1
60	67	1
282	101	1
126	263	1
460	443	1
292	334	1
152	54	1
414	214	1
509	151	1
255	446	1
382	185	1
419	147	1
209	215	1
74	203	1
460	344	1
96	391	1
95	316	1
228	222	1
487	187	1
23	60	1
378	127	1
437	374	1
276	501	1
407	398	1
373	331	1
39	384	1
464	488	1
382	275	1
166	307	1
375	146	1
357	54	1
288	433	1
378	560	1
505	203	1
217	465	1
255	285	1
132	483	1
114	344	1
259	307	1
84	404	1
206	14	1
272	149	1
460	415	1
527	323	1
322	242	1
539	54	1
408	255	1
395	54	1
533	270	1
217	220	1
346	102	1
505	102	1
33	111	1
63	223	1
83	416	1
222	146	1
409	297	1
183	384	1
533	242	1
245	152	1
352	244	1
272	357	1
345	367	1
502	67	1
416	182	1
454	356	1
114	346	1
171	450	1
479	52	1
92	184	1
59	483	1
156	297	1
218	66	1
166	179	1
362	54	1
36	389	1
71	529	1
464	382	1
269	374	1
185	264	1
157	533	1
416	52	1
454	190	1
527	215	1
509	295	1
339	67	1
193	65	1
446	101	1
220	487	1
357	337	1
157	505	1
284	442	1
16	65	1
364	384	1
17	344	1
346	78	1
504	65	1
522	262	1
521	320	1
312	273	1
110	248	1
276	218	1
217	534	1
245	166	1
1	266	1
417	507	1
294	187	1
414	145	1
84	303	1
200	285	1
454	131	1
85	367	1
375	423	1
415	234	1
67	219	1
426	148	1
542	19	1
31	78	1
0	514	1
217	367	1
151	466	1
346	19	1
165	534	1
173	526	1
114	161	1
91	417	1
533	203	1
306	421	1
414	181	1
480	77	1
312	99	1
200	269	1
414	146	1
200	396	1
141	222	1
234	54	1
338	494	1
345	299	1
521	450	1
35	171	1
84	156	1
284	405	1
77	344	1
339	49	1
262	370	1
230	152	1
151	42	1
35	416	1
505	148	1
357	248	1
71	262	1
262	494	1
357	38	1
311	494	1
166	78	1
367	135	1
268	267	1
357	184	1
200	437	1
330	285	1
313	222	1
228	200	1
143	186	1
534	70	1
120	391	1
61	135	1
33	177	1
163	269	1
80	184	1
98	147	1
110	282	1
166	529	1
320	263	1
443	197	1
320	163	1
368	316	1
255	78	1
561	65	1
20	334	1
61	90	1
200	19	1
61	384	1
236	305	1
150	146	1
393	483	1
399	223	1
129	70	1
224	54	1
204	494	1
356	215	1
312	489	1
185	70	1
249	52	1
55	150	1
426	378	1
114	19	1
373	214	1
132	407	1
416	262	1
85	49	1
217	362	1
61	374	1
80	55	1
20	441	1
311	285	1
166	263	1
49	307	1
470	74	1
16	391	1
171	494	1
166	48	1
216	203	1
423	197	1
309	91	1
35	501	1
334	186	1
357	293	1
44	187	1
333	322	1
91	54	1
161	265	1
399	65	1
470	521	1
431	316	1
269	87	1
353	187	1
36	560	1
255	171	1
217	83	1
36	77	1
245	389	1
61	171	1
472	215	1
191	285	1
317	316	1
561	431	1
262	101	1
378	285	1
465	258	1
426	216	1
309	374	1
31	180	1
31	396	1
182	338	1
65	209	1
217	228	1
27	269	1
216	305	1
71	423	1
150	52	1
533	160	1
74	358	1
414	373	1
332	372	1
382	386	1
139	346	1
450	335	1
96	433	1
521	85	1
338	285	1
116	258	1
312	406	1
146	259	1
470	338	1
342	357	1
423	147	1
217	222	1
285	307	1
236	431	1
320	226	1
366	166	1
132	367	1
470	366	1
433	138	1
470	135	1
237	279	1
426	505	1
379	295	1
40	236	1
151	67	1
110	269	1
136	335	1
165	54	1
244	441	1
224	236	1
249	282	1
165	74	1
50	185	1
253	332	1
150	108	1
410	514	1
395	171	1
16	219	1
362	161	1
61	71	1
191	20	1
285	101	1
346	446	1
338	203	1
171	416	1
353	239	1
311	52	1
108	372	1
249	116	1
55	345	1
74	494	1
268	146	1
241	54	1
217	141	1
418	171	1
185	300	1
17	335	1
110	479	1
379	245	1
465	180	1
55	64	1
150	445	1
120	180	1
373	404	1
101	19	1
395	522	1
21	186	1
486	431	1
479	226	1
216	244	1
55	101	1
163	346	1
460	507	1
345	113	1
379	166	1
216	356	1
116	101	1
375	222	1
460	185	1
114	487	1
80	285	1
454	300	1
346	161	1
14	415	1
268	305	1
110	197	1
362	529	1
228	116	1
21	505	1
116	415	1
384	442	1
171	241	1
356	500	1
36	130	1
74	226	1
87	150	1
33	32	1
33	178	1
460	135	1
163	416	1
132	446	1
399	73	1
395	362	1
470	87	1
339	332	1
255	507	1
87	182	1
312	227	1
416	437	1
403	248	1
312	497	1
101	197	1
52	285	1
245	416	1
120	15	1
294	244	1
417	396	1
378	415	1
241	370	1
245	338	1
217	313	1
166	127	1
105	146	1
306	152	1
74	183	1
288	181	1
288	104	1
260	40	1
272	60	1
320	150	1
263	180	1
109	135	1
114	374	1
114	67	1
312	562	1
236	242	1
291	427	1
312	207	1
437	161	1
55	143	1
487	258	1
171	443	1
395	375	1
313	120	1
521	258	1
345	135	1
418	370	1
61	101	1
183	147	1
366	294	1
145	15	1
143	87	1
378	270	1
230	77	1
292	527	1
151	55	1
143	182	1
395	396	1
114	200	1
269	299	1
52	423	1
542	258	1
416	219	1
132	180	1
345	344	1
71	345	1
166	334	1
470	393	1
224	70	1
63	526	1
312	208	1
132	226	1
505	160	1
156	201	1
85	299	1
346	241	1
443	437	1
521	19	1
255	161	1
342	356	1
31	204	1
59	487	1
376	338	1
445	344	1
121	28	1
418	285	1
312	293	1
224	64	1
193	215	1
59	362	1
131	166	1
259	529	1
357	60	1
198	73	1
338	258	1
502	501	1
248	54	1
357	560	1
327	185	1
339	64	1
228	163	1
245	376	1
488	212	1
399	384	1
366	345	1
32	373	1
36	44	1
161	258	1
282	48	1
59	263	1
463	219	1
116	78	1
538	181	1
217	249	1
59	101	1
483	507	1
406	147	1
339	52	1
60	48	1
126	335	1
296	184	1
345	102	1
272	267	1
217	320	1
276	54	1
312	500	1
200	91	1
1	479	1
109	204	1
126	182	1
87	67	1
222	483	1
121	529	1
185	560	1
447	344	1
375	366	1
49	234	1
320	54	1
260	33	1
55	483	1
114	423	1
224	357	1
226	384	1
336	87	1
226	423	1
263	338	1
135	494	1
91	197	1
443	241	1
183	60	1
262	259	1
294	259	1
200	203	1
1	54	1
217	187	1
28	507	1
445	465	1
166	296	1
146	104	1
357	562	1
74	424	1
182	197	1
190	15	1
522	282	1
161	203	1
27	346	1
84	380	1
342	157	1
171	248	1
470	378	1
488	58	1
483	415	1
248	64	1
487	67	1
139	483	1
156	73	1
285	494	1
332	306	1
35	117	1
268	120	1
416	78	1
309	109	1
384	345	1
114	417	1
325	291	1
171	54	1
185	67	1
60	529	1
313	150	1
85	110	1
1	215	1
27	483	1
309	483	1
267	181	1
91	487	1
19	494	1
36	67	1
483	465	1
171	184	1
150	54	1
228	263	1
193	223	1
14	19	1
332	450	1
346	67	1
146	234	1
357	267	1
183	316	1
197	54	1
110	294	1
101	54	1
114	445	1
36	185	1
393	282	1
272	297	1
368	231	1
126	332	1
143	78	1
116	285	1
334	44	1
311	150	1
126	465	1
255	282	1
60	423	1
460	284	1
255	415	1
431	73	1
384	198	1
116	14	1
60	384	1
298	147	1
240	203	1
96	236	1
226	282	1
346	31	1
313	54	1
204	259	1
166	450	1
151	157	1
418	367	1
262	54	1
339	367	1
479	442	1
20	184	1
74	359	1
373	231	1
454	409	1
184	187	1
87	374	1
173	297	1
110	522	1
221	222	1
168	312	1
120	78	1
486	427	1
225	264	1
14	282	1
156	242	1
156	146	1
444	144	1
375	31	1
109	31	1
161	135	1
521	204	1
27	222	1
247	324	1
470	78	1
31	263	1
334	376	1
362	437	1
31	507	1
110	265	1
85	120	1
272	65	1
217	203	1
356	223	1
149	526	1
98	70	1
313	55	1
78	299	1
521	200	1
114	367	1
71	146	1
418	126	1
362	445	1
456	255	1
78	180	1
415	54	1
320	171	1
378	296	1
366	182	1
470	166	1
460	258	1
109	150	1
542	362	1
402	64	1
126	87	1
116	108	1
74	171	1
131	74	1
74	138	1
1	77	1
236	120	1
182	307	1
479	367	1
533	186	1
70	180	1
131	113	1
416	338	1
370	539	1
166	52	1
466	242	1
260	96	1
312	144	1
218	222	1
418	446	1
336	282	1
36	497	1
417	282	1
309	259	1
396	67	1
483	64	1
460	294	1
423	70	1
151	148	1
484	538	1
166	270	1
61	132	1
20	147	1
375	309	1
445	78	1
156	209	1
543	501	1
357	179	1
362	203	1
85	182	1
522	423	1
91	370	1
347	316	1
1	222	1
262	507	1
242	484	1
311	367	1
399	404	1
263	78	1
201	120	1
18	177	1
312	101	1
217	234	1
146	73	1
367	494	1
60	208	1
146	372	1
70	319	1
226	299	1
143	338	1
426	157	1
320	366	1
542	49	1
102	265	1
126	146	1
320	180	1
426	20	1
454	209	1
258	265	1
378	180	1
59	534	1
507	101	1
330	184	1
249	346	1
135	370	1
63	484	1
32	504	1
369	447	1
542	367	1
312	496	1
146	223	1
322	312	1
262	135	1
272	538	1
163	182	1
185	372	1
64	370	1
418	64	1
336	1	1
14	197	1
48	450	1
395	263	1
423	307	1
60	507	1
486	297	1
92	20	1
443	64	1
163	423	1
418	332	1
542	241	1
245	487	1
165	179	1
507	372	1
437	294	1
409	391	1
163	31	1
454	526	1
248	416	1
333	184	1
224	266	1
126	64	1
427	15	1
248	285	1
146	423	1
339	161	1
292	202	1
35	487	1
163	529	1
36	232	1
313	362	1
151	220	1
521	299	1
144	179	1
247	86	1
429	404	1
338	19	1
487	299	1
31	150	1
437	258	1
445	370	1
521	443	1
320	483	1
294	295	1
418	263	1
399	219	1
253	255	1
191	294	1
146	331	1
542	120	1
317	382	1
294	487	1
150	67	1
446	374	1
427	146	1
61	443	1
36	49	1
446	48	1
124	444	1
505	296	1
191	127	1
221	54	1
55	31	1
339	234	1
55	465	1
112	295	1
409	303	1
378	332	1
356	54	1
488	280	1
16	214	1
368	156	1
533	54	1
116	483	1
542	108	1
151	444	1
166	108	1
147	160	1
85	443	1
248	220	1
300	187	1
61	19	1
36	293	1
379	244	1
193	145	1
150	180	1
483	494	1
217	417	1
488	38	1
426	248	1
395	139	1
143	248	1
36	161	1
379	55	1
312	399	1
330	165	1
224	370	1
132	336	1
414	70	1
415	67	1
478	514	1
59	255	1
135	180	1
375	332	1
112	345	1
129	147	1
74	294	1
203	441	1
285	507	1
131	444	1
266	219	1
60	443	1
255	437	1
494	258	1
345	522	1
139	415	1
221	543	1
217	102	1
281	316	1
542	522	1
157	444	1
171	299	1
339	135	1
173	433	1
312	70	1
494	90	1
31	494	1
116	197	1
126	74	1
553	341	1
217	120	1
429	73	1
141	64	1
268	356	1
513	188	1
486	16	1
384	222	1
220	187	1
249	285	1
366	197	1
60	161	1
316	538	1
470	309	1
222	282	1
379	444	1
339	362	1
312	327	1
444	376	1
418	114	1
398	174	1
470	507	1
49	443	1
108	147	1
334	244	1
1	526	1
357	497	1
132	450	1
426	113	1
378	529	1
431	214	1
191	220	1
55	197	1
226	437	1
146	433	1
309	180	1
27	19	1
171	263	1
357	419	1
147	251	1
373	105	1
71	367	1
417	101	1
377	147	1
415	299	1
222	481	1
110	483	1
57	36	1
163	204	1
484	104	1
465	19	1
386	70	1
230	102	1
191	337	1
505	244	1
101	450	1
84	331	1
357	264	1
409	526	1
381	378	1
111	297	1
339	241	1
146	450	1
59	282	1
163	74	1
437	529	1
1	109	1
460	522	1
488	95	1
431	223	1
143	487	1
312	423	1
454	316	1
479	146	1
260	181	1
17	27	1
231	16	1
124	187	1
190	297	1
236	504	1
15	223	1
272	16	1
59	226	1
357	289	1
218	487	1
338	295	1
143	367	1
346	362	1
294	78	1
84	145	1
366	120	1
197	67	1
32	334	1
527	145	1
496	70	1
370	101	1
396	370	1
418	396	1
292	16	1
312	14	1
483	102	1
165	160	1
382	138	1
249	362	1
454	484	1
217	150	1
431	177	1
147	494	1
262	423	1
309	116	1
460	64	1
56	74	1
443	48	1
300	113	1
96	380	1
322	184	1
342	185	1
102	447	1
132	285	1
542	67	1
454	146	1
372	77	1
370	494	1
384	293	1
163	487	1
399	427	1
19	54	1
143	443	1
414	312	1
417	259	1
418	423	1
203	135	1
184	64	1
254	513	1
414	111	1
260	120	1
276	222	1
542	294	1
109	247	1
25	60	1
182	64	1
454	96	1
307	335	1
309	479	1
260	484	1
255	91	1
313	146	1
74	207	1
384	101	1
460	417	1
374	299	1
460	226	1
356	305	1
49	483	1
114	320	1
357	334	1
217	218	1
357	373	1
522	487	1
114	284	1
240	334	1
395	443	1
561	1	1
191	244	1
294	367	1
124	165	1
203	179	1
250	90	1
163	446	1
216	427	1
322	533	1
416	184	1
521	374	1
352	248	1
35	254	1
409	145	1
521	228	1
132	161	1
418	135	1
284	102	1
488	235	1
28	284	1
488	15	1
398	306	1
132	338	1
116	487	1
48	180	1
376	514	1
71	366	1
375	87	1
191	90	1
83	543	1
60	212	1
143	446	1
171	445	1
245	294	1
171	285	1
364	60	1
111	427	1
226	374	1
15	433	1
466	144	1
96	36	1
150	370	1
427	16	1
272	431	1
74	423	1
479	113	1
489	384	1
472	340	1
533	240	1
416	203	1
116	161	1
561	181	1
37	185	1
356	129	1
126	14	1
80	70	1
454	156	1
109	282	1
396	258	1
255	338	1
242	214	1
61	146	1
486	291	1
254	185	1
470	228	1
276	171	1
236	181	1
504	219	1
352	240	1
263	335	1
204	52	1
312	310	1
60	247	1
85	423	1
96	316	1
345	78	1
200	143	1
336	494	1
533	338	1
395	311	1
356	179	1
260	454	1
38	382	1
466	248	1
135	335	1
143	116	1
255	336	1
166	222	1
320	374	1
446	367	1
114	121	1
36	27	1
282	294	1
16	288	1
228	370	1
223	215	1
338	445	1
206	236	1
126	307	1
272	305	1
59	446	1
60	300	1
55	244	1
57	357	1
61	255	1
311	483	1
505	441	1
255	265	1
182	483	1
71	52	1
336	70	1
71	87	1
31	87	1
479	204	1
165	187	1
61	309	1
120	65	1
71	483	1
391	215	1
116	443	1
151	266	1
345	247	1
479	87	1
171	417	1
114	85	1
336	372	1
305	15	1
362	443	1
466	148	1
46	236	1
74	396	1
150	437	1
59	258	1
255	284	1
166	144	1
555	494	1
399	147	1
220	54	1
198	178	1
217	91	1
370	529	1
362	78	1
31	437	1
460	299	1
84	433	1
543	67	1
527	181	1
33	156	1
269	48	1
322	534	1
268	179	1
345	483	1
461	513	1
91	180	1
176	443	1
445	423	1
182	54	1
333	55	1
132	313	1
55	479	1
74	465	1
356	240	1
334	295	1
460	109	1
55	204	1
74	278	1
61	259	1
332	307	1
379	113	1
226	311	1
200	222	1
417	494	1
230	306	1
200	423	1
49	393	1
46	514	1
309	64	1
254	184	1
116	52	1
249	222	1
336	307	1
27	529	1
91	332	1
182	78	1
418	282	1
17	109	1
74	186	1
61	417	1
312	336	1
507	77	1
454	305	1
226	494	1
120	70	1
234	335	1
157	165	1
230	344	1
479	423	1
25	36	1
443	159	1
255	366	1
352	342	1
32	63	1
139	1	1
185	319	1
25	185	1
263	258	1
470	114	1
414	526	1
36	440	1
132	259	1
74	54	1
470	182	1
416	483	1
1	15	1
171	529	1
417	487	1
470	110	1
150	102	1
282	54	1
174	306	1
111	16	1
80	357	1
82	248	1
27	332	1
339	222	1
255	203	1
91	522	1
217	332	1
488	382	1
292	193	1
460	59	1
454	538	1
166	54	1
131	484	1
17	237	1
126	415	1
395	109	1
417	529	1
445	258	1
204	102	1
143	166	1
20	248	1
114	522	1
418	443	1
33	303	1
313	91	1
124	338	1
17	8	1
521	487	1
146	282	1
456	185	1
7	9	1
191	179	1
336	78	1
49	91	1
345	338	1
163	483	1
416	101	1
309	48	1
534	203	1
124	466	1
190	526	1
312	560	1
378	446	1
217	309	1
272	1	1
191	270	1
325	409	1
460	384	1
255	372	1
182	120	1
357	249	1
185	179	1
37	147	1
126	166	1
17	457	1
342	179	1
35	221	1
338	441	1
269	19	1
312	179	1
437	259	1
236	223	1
479	384	1
366	203	1
260	242	1
85	294	1
116	299	1
272	111	1
228	161	1
460	366	1
165	44	1
291	297	1
84	181	1
492	513	1
481	66	1
253	132	1
452	70	1
157	248	1
18	73	1
87	417	1
126	367	1
1	102	1
407	230	1
87	120	1
466	441	1
32	96	1
526	209	1
131	145	1
384	348	1
226	241	1
465	48	1
191	240	1
260	16	1
87	204	1
334	148	1
132	14	1
184	152	1
336	116	1
332	443	1
92	110	1
366	258	1
339	309	1
300	244	1
80	378	1
74	144	1
414	427	1
165	203	1
262	415	1
423	78	1
362	262	1
446	294	1
247	219	1
91	415	1
161	294	1
33	288	1
55	166	1
249	450	1
487	197	1
171	204	1
36	289	1
437	299	1
320	446	1
190	484	1
418	19	1
470	161	1
132	64	1
33	181	1
313	374	1
486	236	1
120	423	1
368	178	1
414	215	1
221	218	1
561	260	1
247	293	1
370	67	1
362	204	1
149	73	1
375	19	1
312	427	1
374	197	1
191	54	1
249	241	1
561	156	1
248	203	1
384	70	1
216	215	1
460	31	1
417	338	1
248	300	1
522	222	1
313	263	1
368	190	1
198	433	1
268	16	1
151	378	1
334	127	1
204	161	1
295	127	1
126	450	1
258	90	1
150	263	1
35	218	1
55	295	1
92	254	1
418	71	1
102	259	1
417	54	1
370	258	1
542	332	1
313	370	1
339	450	1
518	174	1
220	244	1
255	374	1
2	60	1
431	181	1
486	149	1
444	113	1
460	71	1
439	378	1
112	466	1
111	181	1
384	207	1
357	242	1
198	372	1
303	267	1
145	267	1
191	338	1
75	345	1
313	109	1
241	483	1
96	305	1
429	152	1
291	372	1
378	187	1
263	102	1
226	135	1
488	331	1
240	70	1
268	291	1
336	335	1
333	248	1
312	49	1
263	294	1
245	124	1
460	367	1
346	48	1
91	262	1
224	147	1
126	529	1
330	113	1
52	374	1
182	258	1
332	204	1
48	54	1
502	217	1
534	370	1
116	102	1
408	523	1
1	433	1
150	78	1
74	244	1
74	62	1
367	234	1
242	54	1
291	288	1
382	97	1
267	297	1
272	215	1
470	258	1
311	31	1
63	433	1
342	74	1
96	215	1
303	209	1
171	52	1
533	165	1
395	74	1
55	71	1
260	305	1
366	54	1
320	479	1
20	36	1
131	20	1
114	48	1
151	203	1
243	185	1
126	59	1
217	221	1
101	259	1
87	483	1
121	372	1
126	494	1
203	197	1
222	263	1
409	427	1
52	483	1
36	332	1
312	185	1
249	384	1
327	70	1
379	505	1
336	222	1
91	166	1
31	345	1
120	529	1
168	185	1
85	450	1
52	465	1
116	417	1
276	64	1
269	204	1
32	206	1
479	75	1
65	433	1
260	414	1
151	330	1
533	166	1
74	146	1
126	336	1
35	222	1
161	284	1
320	222	1
446	423	1
268	214	1
60	445	1
272	145	1
83	222	1
483	423	1
84	316	1
533	74	1
31	101	1
87	135	1
437	19	1
486	15	1
221	171	1
255	197	1
414	84	1
249	91	1
418	294	1
339	494	1
454	120	1
504	305	1
330	334	1
312	348	1
269	483	1
409	484	1
245	203	1
346	204	1
470	542	1
94	128	1
200	370	1
542	437	1
139	116	1
143	244	1
542	14	1
312	131	1
116	370	1
135	450	1
114	259	1
151	64	1
342	382	1
382	62	1
116	416	1
143	180	1
415	529	1
23	277	1
61	521	1
443	282	1
414	185	1
486	131	1
63	297	1
414	391	1
470	415	1
534	222	1
85	204	1
27	182	1
28	265	1
55	296	1
201	65	1
269	14	1
166	417	1
17	67	1
479	116	1
330	466	1
362	294	1
61	346	1
539	67	1
429	231	1
427	209	1
201	223	1
322	113	1
222	529	1
445	135	1
143	222	1
216	297	1
504	15	1
357	160	1
71	285	1
521	357	1
249	417	1
376	295	1
534	147	1
87	262	1
132	522	1
150	262	1
414	357	1
52	146	1
445	197	1
402	54	1
418	91	1
200	182	1
145	215	1
218	543	1
269	507	1
173	181	1
409	316	1
163	19	1
33	73	1
63	288	1
297	104	1
64	487	1
117	66	1
59	543	1
262	48	1
339	437	1
226	60	1
262	483	1
338	220	1
121	445	1
423	285	1
384	67	1
235	382	1
332	14	1
272	484	1
98	384	1
151	21	1
416	64	1
470	320	1
313	437	1
149	211	1
309	163	1
307	54	1
272	384	1
43	514	1
339	445	1
19	78	1
216	288	1
328	60	1
373	223	1
166	483	1
483	48	1
312	232	1
60	37	1
231	431	1
336	507	1
521	241	1
292	216	1
542	85	1
500	147	1
110	417	1
93	245	1
339	110	1
150	374	1
418	416	1
193	181	1
126	522	1
339	226	1
292	291	1
171	465	1
542	339	1
185	187	1
338	135	1
74	129	1
260	104	1
182	450	1
268	409	1
342	240	1
224	416	1
236	391	1
216	15	1
255	146	1
156	527	1
161	180	1
460	346	1
108	219	1
204	120	1
131	223	1
64	19	1
228	338	1
55	542	1
393	197	1
55	78	1
249	197	1
111	391	1
36	208	1
139	197	1
85	285	1
269	52	1
198	316	1
184	370	1
443	30	1
31	54	1
333	113	1
103	37	1
336	415	1
224	487	1
120	465	1
52	370	1
417	307	1
291	177	1
145	223	1
454	268	1
309	146	1
193	15	1
228	259	1
472	202	1
216	111	1
108	415	1
320	416	1
132	306	1
395	59	1
242	285	1
502	59	1
36	405	1
356	288	1
150	507	1
74	370	1
144	203	1
85	87	1
163	366	1
340	70	1
415	203	1
126	311	1
542	71	1
426	68	1
311	522	1
31	258	1
249	185	1
248	296	1
378	121	1
114	269	1
124	184	1
186	296	1
61	542	1
56	37	1
312	384	1
460	307	1
147	187	1
276	266	1
561	504	1
50	384	1
263	450	1
313	262	1
522	135	1
313	258	1
85	226	1
454	201	1
370	180	1
166	171	1
217	282	1
144	297	1
238	18	1
148	248	1
518	277	1
378	494	1
312	341	1
108	135	1
147	289	1
80	102	1
268	201	1
538	104	1
255	445	1
92	171	1
226	146	1
309	465	1
144	214	1
486	215	1
143	282	1
165	382	1
74	348	1
281	382	1
454	368	1
401	382	1
313	487	1
339	116	1
409	65	1
146	526	1
382	105	1
415	102	1
269	285	1
460	166	1
185	73	1
533	300	1
370	219	1
222	220	1
270	113	1
375	204	1
444	295	1
139	374	1
460	483	1
260	193	1
263	529	1
384	267	1
313	59	1
111	305	1
336	146	1
292	201	1
186	441	1
92	444	1
269	258	1
249	294	1
173	288	1
253	102	1
399	185	1
182	294	1
346	393	1
352	88	1
521	418	1
36	507	1
226	259	1
334	236	1
269	135	1
168	70	1
217	396	1
36	529	1
200	479	1
375	114	1
272	409	1
454	179	1
20	112	1
48	78	1
245	242	1
379	110	1
309	101	1
488	435	1
96	104	1
84	65	1
156	149	1
242	244	1
248	294	1
32	340	1
166	299	1
92	323	1
400	273	1
96	231	1
120	203	1
217	259	1
228	180	1
395	146	1
83	54	1
59	262	1
52	507	1
80	166	1
407	421	1
114	182	1
201	146	1
379	357	1
36	377	1
151	110	1
443	14	1
64	187	1
206	514	1
520	382	1
245	533	1
492	349	1
415	78	1
561	104	1
522	258	1
111	526	1
384	310	1
357	159	1
143	90	1
96	303	1
253	521	1
114	166	1
64	285	1
284	120	1
327	147	1
332	507	1
91	374	1
156	181	1
27	135	1
214	433	1
504	104	1
182	259	1
110	465	1
356	203	1
131	104	1
168	384	1
201	538	1
336	102	1
356	433	1
339	522	1
110	384	1
71	234	1
228	285	1
132	332	1
299	54	1
454	297	1
418	262	1
143	346	1
161	344	1
132	362	1
87	146	1
185	208	1
346	450	1
454	104	1
146	507	1
28	241	1
368	404	1
268	504	1
145	65	1
255	150	1
28	494	1
204	285	1
163	255	1
460	282	1
165	270	1
131	216	1
48	234	1
131	242	1
1	201	1
245	186	1
33	325	1
228	307	1
184	102	1
110	90	1
179	15	1
224	239	1
399	526	1
191	55	1
218	54	1
260	526	1
78	67	1
538	297	1
203	244	1
151	127	1
85	416	1
132	307	1
74	438	1
378	87	1
523	372	1
345	285	1
334	68	1
116	529	1
416	259	1
345	204	1
352	334	1
31	415	1
368	215	1
241	135	1
36	319	1
60	251	1
460	442	1
185	293	1
440	147	1
320	396	1
61	375	1
292	427	1
561	16	1
191	505	1
295	160	1
222	265	1
52	443	1
16	316	1
339	529	1
150	48	1
61	345	1
216	484	1
60	147	1
312	534	1
96	297	1
460	28	1
399	215	1
415	335	1
294	48	1
105	16	1
294	64	1
36	199	1
470	200	1
61	388	1
245	444	1
74	286	1
109	367	1
245	254	1
151	166	1
521	114	1
429	441	1
111	495	2
144	227	2
80	94	2
366	545	2
466	524	2
514	331	2
121	424	2
60	512	2
2	159	2
516	496	2
212	495	2
298	441	2
43	298	2
175	283	2
276	220	2
298	42	2
473	226	2
68	424	2
504	545	2
240	58	2
101	227	2
194	227	2
507	524	2
516	170	2
20	106	2
320	393	2
516	373	2
226	512	2
438	512	2
330	2	2
147	227	2
50	368	2
337	278	2
176	453	2
66	495	2
176	555	2
100	227	2
218	220	2
33	516	2
123	516	2
37	266	2
30	67	2
291	341	2
459	207	2
310	405	2
516	182	2
356	384	2
272	536	2
25	94	2
119	437	2
36	478	2
360	30	2
59	227	2
492	42	2
183	524	2
473	419	2
155	360	2
473	445	2
217	176	2
532	240	2
134	495	2
360	438	2
240	2	2
221	401	2
240	53	2
25	283	2
120	512	2
516	67	2
516	121	2
217	512	2
243	545	2
497	496	2
373	563	2
27	196	2
132	46	2
369	240	2
156	441	2
176	341	2
385	562	2
359	30	2
213	209	2
322	496	2
455	466	2
37	315	2
49	401	2
232	385	2
480	43	2
299	512	2
20	449	2
424	227	2
143	227	2
401	68	2
495	559	2
196	512	2
111	240	2
553	298	2
180	513	2
516	287	2
545	512	2
385	194	2
563	504	2
385	108	2
240	183	2
369	264	2
516	43	2
50	521	2
74	514	2
456	385	2
14	496	2
567	431	2
56	495	2
117	220	2
16	495	2
240	350	2
291	213	2
563	512	2
498	512	2
385	319	2
458	524	2
2	512	2
400	495	2
385	153	2
176	403	2
82	443	2
149	298	2
340	264	2
349	512	2
176	63	2
130	401	2
473	300	2
57	227	2
440	494	2
488	536	2
532	516	2
445	545	2
68	365	2
401	2	2
240	497	2
176	362	2
401	283	2
186	524	2
440	512	2
118	524	2
261	227	2
274	63	2
94	160	2
127	524	2
328	30	2
514	471	2
207	298	2
455	143	2
298	524	2
360	386	2
397	227	2
221	513	2
521	102	2
360	28	2
360	449	2
290	109	2
511	341	2
138	104	2
156	161	2
109	108	2
176	106	2
253	17	2
33	173	2
513	335	2
36	315	2
505	401	2
516	190	2
473	296	2
108	513	2
350	440	2
362	495	2
74	511	2
357	385	2
130	545	2
33	38	2
254	385	2
340	101	2
385	222	2
455	79	2
545	138	2
514	341	2
16	397	2
27	264	2
401	384	2
470	525	2
386	227	2
516	541	2
459	138	2
94	130	2
385	239	2
0	185	2
381	321	2
330	179	2
119	27	2
410	99	2
514	319	2
176	58	2
378	240	2
130	128	2
486	227	2
354	501	2
37	495	2
385	120	2
240	423	2
119	511	2
385	424	2
42	319	2
22	362	2
202	545	2
22	513	2
133	95	2
536	77	2
377	227	2
473	545	2
240	154	2
260	536	2
247	512	2
382	545	2
168	328	2
80	473	2
516	285	2
521	156	2
505	385	2
401	440	2
441	160	2
439	495	2
524	73	2
340	341	2
223	138	2
176	46	2
524	349	2
362	335	2
455	562	2
375	119	2
399	512	2
34	459	2
455	235	2
296	495	2
139	335	2
50	471	2
261	524	2
455	27	2
385	384	2
385	457	2
131	2	2
312	25	2
114	495	2
176	9	2
194	524	2
37	513	2
183	424	2
280	67	2
409	213	2
312	435	2
186	159	2
385	267	2
50	401	2
170	513	2
553	495	2
528	227	2
458	36	2
473	440	2
157	512	2
240	535	2
27	523	2
495	335	2
497	2	2
4	545	2
222	335	2
271	360	2
455	564	2
399	30	2
271	516	2
506	524	2
186	298	2
213	431	2
459	550	2
127	30	2
473	335	2
69	46	2
69	322	2
321	212	2
123	524	2
145	471	2
516	487	2
240	54	2
58	512	2
262	512	2
401	54	2
462	20	2
516	205	2
401	512	2
511	42	2
173	16	2
153	513	2
454	524	2
455	315	2
264	30	2
516	501	2
298	513	2
82	227	2
315	227	2
176	251	2
355	512	2
249	441	2
69	500	2
263	545	2
521	110	2
176	569	2
565	173	2
92	481	2
2	138	2
458	336	2
567	227	2
291	298	2
368	335	2
176	401	2
516	283	2
176	442	2
328	43	2
78	513	2
458	60	2
262	396	2
134	524	2
322	350	2
168	512	2
109	511	2
431	512	2
516	442	2
401	148	2
222	341	2
185	524	2
455	128	2
341	508	2
455	351	2
455	211	2
24	86	2
213	16	2
466	512	2
143	524	2
567	209	2
445	30	2
495	153	2
457	227	2
524	569	2
273	30	2
106	30	2
217	516	2
82	15	2
386	335	2
119	296	2
176	549	2
471	441	2
385	349	2
360	159	2
20	340	2
402	443	2
272	524	2
82	424	2
254	545	2
489	514	2
25	545	2
487	512	2
353	524	2
455	266	2
146	341	2
455	50	2
521	30	2
221	42	2
217	524	2
473	385	2
173	545	2
516	251	2
553	227	2
232	227	2
521	524	2
176	567	2
43	99	2
250	424	2
385	294	2
50	495	2
18	240	2
409	385	2
94	39	2
350	14	2
176	67	2
409	495	2
455	123	2
283	188	2
23	516	2
532	119	2
405	441	2
106	495	2
378	401	2
176	20	2
353	240	2
283	404	2
158	100	2
137	448	2
224	473	2
290	512	2
430	227	2
68	536	2
130	513	2
516	195	2
278	385	2
82	354	2
24	22	2
94	199	2
240	332	2
33	274	2
271	545	2
150	512	2
94	389	2
39	315	2
68	28	2
186	545	2
298	501	2
488	335	2
424	241	2
147	524	2
176	2	2
240	153	2
94	68	2
524	471	2
375	442	2
385	566	2
499	240	2
176	423	2
495	442	2
479	495	2
455	421	2
159	513	2
119	441	2
384	524	2
46	185	2
17	284	2
517	512	2
69	227	2
47	341	2
555	545	2
473	27	2
171	227	2
61	513	2
176	262	2
495	508	2
283	54	2
93	369	2
298	227	2
543	220	2
60	494	2
360	24	2
291	173	2
176	25	2
337	227	2
176	82	2
9	495	2
439	545	2
399	38	2
217	68	2
176	56	2
111	516	2
229	512	2
92	276	2
82	178	2
60	24	2
287	524	2
451	495	2
226	227	2
459	227	2
50	137	2
222	159	2
190	138	2
74	79	2
158	128	2
545	331	2
137	49	2
82	181	2
60	30	2
409	512	2
240	508	2
516	71	2
185	512	2
462	2	2
240	326	2
516	144	2
330	507	2
100	512	2
93	139	2
388	516	2
167	512	2
21	521	2
176	353	2
360	266	2
541	524	2
176	168	2
161	513	2
153	524	2
312	22	2
163	393	2
352	507	2
355	513	2
74	545	2
348	545	2
322	354	2
330	300	2
94	240	2
382	315	2
6	524	2
432	514	2
340	519	2
399	565	2
535	545	2
400	524	2
317	43	2
176	504	2
520	443	2
357	178	2
497	545	2
337	39	2
439	512	2
176	366	2
185	495	2
375	495	2
315	207	2
332	424	2
385	298	2
61	240	2
516	377	2
516	185	2
350	512	2
94	243	2
94	73	2
137	377	2
455	555	2
455	18	2
2	144	2
473	358	2
385	160	2
473	159	2
101	513	2
282	524	2
546	161	2
37	159	2
385	423	2
401	160	2
516	298	2
524	335	2
119	135	2
352	48	2
455	345	2
369	495	2
217	385	2
424	540	2
409	397	2
260	82	2
240	68	2
232	514	2
449	159	2
94	48	2
369	130	2
553	513	2
24	298	2
168	240	2
311	441	2
176	367	2
455	337	2
424	512	2
222	298	2
516	391	2
253	545	2
39	186	2
439	227	2
83	220	2
176	160	2
499	524	2
563	173	2
375	298	2
556	298	2
232	424	2
514	160	2
462	298	2
449	44	2
290	77	2
524	181	2
362	298	2
502	92	2
462	512	2
351	42	2
110	42	2
253	240	2
481	220	2
455	277	2
94	14	2
185	298	2
119	534	2
472	545	2
545	77	2
240	255	2
375	264	2
520	298	2
290	42	2
413	495	2
449	37	2
39	401	2
296	513	2
432	24	2
240	205	2
110	425	2
57	283	2
165	545	2
473	373	2
435	30	2
497	222	2
2	511	2
87	512	2
322	146	2
2	358	2
56	516	2
393	180	2
121	513	2
43	22	2
186	227	2
502	220	2
385	348	2
479	523	2
94	427	2
55	495	2
155	524	2
176	445	2
2	514	2
382	30	2
369	567	2
456	495	2
545	341	2
240	63	2
356	336	2
240	82	2
176	231	2
521	512	2
455	556	2
509	341	2
176	457	2
146	545	2
84	38	2
401	188	2
23	94	2
401	48	2
171	524	2
385	223	2
57	176	2
185	30	2
516	309	2
385	121	2
23	424	2
296	227	2
74	524	2
68	513	2
455	407	2
509	385	2
516	482	2
474	385	2
158	302	2
27	524	2
516	167	2
69	516	2
30	227	2
403	227	2
462	516	2
360	508	2
413	227	2
132	290	2
239	524	2
410	328	2
373	545	2
96	545	2
45	473	2
324	227	2
57	94	2
176	320	2
337	524	2
418	512	2
240	294	2
514	445	2
246	495	2
94	358	2
322	207	2
322	536	2
360	424	2
74	30	2
473	175	2
156	42	2
340	227	2
385	438	2
565	227	2
454	138	2
96	397	2
401	332	2
419	227	2
176	299	2
145	62	2
69	356	2
39	28	2
473	30	2
521	495	2
360	186	2
315	187	2
545	559	2
495	494	2
481	545	2
196	138	2
473	208	2
158	38	2
472	20	2
206	227	2
516	29	2
221	220	2
139	524	2
443	335	2
173	63	2
22	512	2
516	348	2
240	452	2
497	385	2
355	424	2
67	513	2
171	30	2
30	289	2
340	319	2
516	567	2
158	536	2
545	170	2
60	524	2
146	524	2
82	65	2
273	315	2
50	514	2
283	248	2
511	405	2
240	44	2
73	512	2
488	524	2
229	536	2
516	438	2
238	335	2
442	42	2
317	393	2
369	38	2
221	283	2
567	512	2
61	524	2
455	255	2
322	149	2
157	545	2
176	309	2
462	14	2
364	315	2
47	545	2
560	30	2
176	399	2
545	423	2
155	536	2
106	471	2
224	354	2
401	183	2
488	545	2
516	512	2
447	545	2
50	290	2
391	227	2
521	378	2
330	119	2
315	524	2
131	384	2
522	335	2
207	545	2
385	494	2
205	545	2
283	512	2
424	153	2
209	335	2
240	481	2
315	67	2
312	298	2
55	545	2
158	315	2
213	227	2
240	159	2
357	424	2
255	478	2
454	240	2
552	335	2
176	101	2
176	199	2
80	545	2
401	44	2
158	161	2
462	524	2
355	227	2
322	291	2
516	277	2
516	559	2
157	507	2
322	473	2
106	315	2
20	511	2
401	161	2
439	507	2
370	512	2
495	30	2
30	73	2
455	340	2
473	496	2
176	337	2
378	495	2
424	263	2
414	385	2
458	82	2
183	283	2
536	181	2
516	213	2
137	300	2
128	341	2
228	524	2
137	160	2
57	495	2
134	227	2
364	514	2
506	536	2
176	108	2
2	24	2
273	514	2
455	487	2
50	405	2
228	227	2
401	373	2
516	278	2
455	470	2
399	567	2
438	227	2
176	23	2
72	67	2
389	30	2
49	222	2
244	524	2
240	87	2
155	385	2
50	42	2
556	495	2
108	315	2
473	341	2
171	42	2
473	77	2
55	441	2
516	522	2
479	545	2
171	514	2
516	223	2
92	66	2
12	495	2
516	73	2
43	251	2
240	563	2
367	512	2
360	149	2
176	373	2
143	240	2
57	524	2
176	474	2
266	159	2
524	501	2
61	176	2
356	180	2
98	514	2
300	42	2
424	170	2
385	118	2
74	512	2
473	44	2
28	495	2
503	524	2
516	514	2
332	178	2
25	401	2
119	282	2
356	102	2
467	524	2
449	341	2
42	335	2
240	99	2
240	442	2
332	227	2
409	274	2
455	246	2
110	545	2
336	500	2
240	293	2
283	42	2
30	187	2
516	332	2
514	359	2
46	332	2
312	545	2
240	77	2
82	316	2
495	227	2
521	22	2
456	512	2
455	391	2
2	424	2
61	495	2
432	315	2
154	227	2
357	240	2
94	298	2
473	199	2
516	59	2
272	401	2
46	378	2
291	565	2
271	335	2
514	208	2
111	511	2
322	535	2
82	459	2
455	57	2
473	185	2
43	196	2
473	452	2
50	315	2
516	300	2
455	129	2
250	513	2
60	222	2
241	513	2
373	274	2
365	30	2
290	545	2
176	66	2
30	310	2
350	524	2
375	440	2
274	146	2
514	524	2
44	513	2
362	524	2
489	315	2
558	459	2
410	90	2
360	512	2
20	159	2
94	497	2
455	350	2
366	524	2
109	14	2
240	170	2
176	28	2
458	185	2
447	524	2
401	14	2
81	82	2
567	173	2
158	401	2
185	227	2
424	58	2
186	341	2
330	12	2
185	514	2
385	79	2
524	113	2
80	158	2
516	308	2
293	227	2
240	207	2
249	310	2
360	514	2
516	431	2
516	293	2
455	213	2
455	507	2
500	30	2
102	545	2
472	255	2
505	545	2
315	160	2
373	512	2
150	495	2
82	190	2
25	514	2
511	442	2
21	479	2
272	227	2
368	567	2
375	471	2
322	488	2
98	315	2
50	28	2
341	30	2
495	471	2
155	545	2
473	207	2
489	94	2
240	280	2
94	207	2
24	341	2
176	532	2
110	511	2
473	427	2
357	545	2
158	101	2
80	512	2
524	79	2
474	341	2
176	74	2
158	107	2
553	424	2
94	77	2
96	473	2
373	315	2
249	385	2
262	234	2
495	170	2
20	222	2
240	285	2
274	545	2
410	319	2
196	545	2
152	42	2
516	295	2
240	229	2
514	348	2
516	129	2
455	223	2
340	187	2
319	227	2
375	117	2
516	147	2
455	431	2
186	495	2
566	227	2
360	127	2
516	53	2
375	102	2
399	173	2
254	227	2
473	144	2
340	525	2
216	424	2
14	42	2
473	146	2
322	326	2
509	516	2
431	274	2
499	341	2
240	299	2
336	315	2
315	545	2
92	221	2
472	440	2
385	479	2
280	524	2
20	341	2
176	278	2
108	30	2
99	42	2
269	513	2
240	315	2
106	377	2
24	135	2
27	344	2
328	94	2
455	229	2
455	416	2
315	73	2
246	524	2
384	227	2
57	513	2
176	452	2
108	545	2
322	50	2
384	514	2
455	344	2
20	360	2
84	298	2
68	511	2
42	344	2
458	132	2
48	441	2
94	129	2
565	16	2
516	360	2
174	514	2
227	335	2
176	54	2
290	385	2
145	138	2
80	495	2
330	448	2
385	53	2
111	42	2
57	401	2
401	42	2
139	130	2
400	516	2
158	471	2
322	499	2
200	240	2
495	267	2
174	315	2
353	512	2
562	524	2
108	441	2
291	563	2
53	443	2
322	82	2
459	536	2
385	481	2
479	512	2
375	497	2
410	440	2
458	332	2
565	149	2
528	385	2
516	491	2
385	220	2
455	137	2
176	508	2
71	240	2
375	21	2
99	30	2
49	511	2
42	513	2
176	497	2
521	471	2
549	227	2
545	135	2
149	341	2
155	240	2
553	512	2
375	68	2
459	358	2
385	496	2
322	294	2
200	227	2
340	37	2
131	36	2
176	345	2
12	545	2
459	517	2
176	487	2
68	524	2
563	495	2
418	240	2
43	248	2
68	42	2
94	212	2
213	149	2
563	267	2
23	401	2
225	495	2
283	263	2
0	36	2
473	340	2
247	524	2
240	274	2
315	500	2
240	566	2
545	319	2
2	178	2
455	563	2
418	393	2
20	365	2
488	341	2
521	49	2
342	30	2
12	240	2
176	545	2
20	28	2
14	514	2
226	514	2
205	524	2
176	36	2
82	305	2
12	441	2
418	495	2
158	545	2
2	227	2
555	227	2
97	184	2
497	186	2
454	176	2
176	328	2
158	249	2
25	82	2
459	153	2
481	227	2
94	373	2
424	259	2
55	516	2
330	525	2
556	360	2
60	495	2
94	500	2
315	358	2
455	90	2
401	336	2
176	451	2
225	512	2
340	360	2
516	326	2
409	563	2
562	30	2
157	227	2
240	363	2
454	545	2
472	516	2
55	124	2
176	409	2
472	44	2
427	42	2
535	298	2
315	348	2
42	77	2
567	524	2
509	298	2
109	42	2
305	138	2
148	513	2
33	563	2
360	434	2
462	159	2
159	496	2
385	403	2
123	473	2
521	511	2
350	227	2
142	42	2
94	336	2
449	68	2
549	459	2
294	545	2
340	562	2
382	495	2
508	512	2
48	512	2
556	512	2
514	264	2
521	341	2
410	495	2
564	512	2
385	24	2
360	524	2
535	335	2
486	138	2
322	507	2
328	524	2
212	524	2
545	551	2
134	516	2
130	283	2
375	337	2
94	359	2
336	514	2
129	495	2
315	512	2
516	261	2
6	227	2
385	513	2
46	240	2
497	511	2
424	198	2
520	512	2
516	199	2
0	384	2
385	545	2
368	22	2
472	384	2
340	269	2
385	179	2
455	67	2
60	513	2
473	355	2
473	488	2
227	181	2
222	513	2
23	514	2
566	536	2
240	223	2
549	524	2
410	240	2
132	0	2
455	205	2
340	444	2
131	185	2
322	508	2
401	524	2
247	30	2
198	495	2
168	495	2
401	341	2
2	524	2
176	222	2
336	42	2
145	495	2
176	146	2
240	524	2
60	365	2
249	511	2
386	524	2
521	264	2
271	227	2
473	161	2
336	511	2
413	512	2
30	208	2
53	495	2
360	496	2
400	227	2
213	173	2
397	267	2
432	340	2
455	140	2
528	524	2
473	356	2
194	545	2
118	512	2
158	562	2
455	99	2
545	154	2
545	100	2
232	495	2
473	386	2
455	369	2
283	331	2
240	373	2
110	73	2
24	545	2
340	102	2
440	496	2
550	214	2
168	341	2
254	401	2
340	74	2
220	545	2
345	512	2
516	2	2
416	524	2
375	60	2
94	198	2
348	536	2
186	335	2
495	551	2
94	340	2
472	49	2
375	523	2
240	548	2
131	336	2
232	401	2
176	456	2
39	42	2
176	79	2
2	82	2
168	335	2
473	259	2
376	227	2
353	227	2
553	401	2
84	341	2
473	232	2
68	106	2
106	525	2
38	514	2
150	524	2
313	401	2
401	240	2
385	186	2
240	514	2
226	495	2
290	511	2
385	520	2
68	350	2
357	401	2
309	227	2
179	536	2
90	42	2
521	67	2
309	495	2
545	227	2
49	365	2
96	341	2
153	227	2
146	397	2
69	458	2
516	508	2
455	54	2
401	120	2
385	198	2
375	22	2
340	451	2
473	145	2
156	385	2
305	227	2
12	511	2
139	239	2
385	150	2
145	424	2
455	322	2
22	180	2
44	30	2
222	545	2
0	523	2
378	500	2
401	37	2
515	240	2
176	496	2
156	403	2
368	563	2
554	227	2
156	536	2
385	182	2
458	176	2
455	388	2
516	120	2
131	523	2
50	159	2
290	523	2
449	440	2
530	119	2
43	327	2
382	524	2
360	440	2
419	495	2
360	308	2
516	222	2
439	109	2
23	536	2
497	424	2
417	393	2
353	385	2
266	545	2
516	507	2
94	315	2
385	541	2
42	457	2
473	367	2
79	227	2
563	146	2
30	513	2
42	471	2
176	494	2
66	545	2
512	160	2
365	298	2
155	298	2
84	567	2
369	227	2
68	494	2
544	227	2
455	61	2
67	42	2
123	176	2
545	99	2
28	44	2
375	516	2
94	562	2
240	212	2
385	147	2
240	22	2
102	500	2
158	214	2
473	494	2
541	227	2
39	449	2
198	513	2
509	545	2
240	60	2
420	42	2
455	472	2
119	345	2
312	459	2
414	340	2
368	440	2
401	386	2
250	283	2
161	73	2
401	182	2
382	459	2
84	397	2
381	546	2
82	215	2
98	30	2
322	310	2
94	452	2
159	494	2
455	58	2
536	223	2
545	153	2
451	138	2
340	49	2
499	385	2
87	545	2
253	516	2
139	401	2
414	30	2
340	65	2
495	76	2
80	524	2
20	512	2
328	385	2
424	67	2
82	545	2
37	30	2
342	514	2
385	517	2
124	42	2
240	67	2
82	526	2
356	2	2
497	266	2
176	449	2
514	73	2
322	159	2
176	465	2
460	512	2
94	38	2
437	227	2
39	222	2
424	358	2
462	227	2
176	488	2
177	545	2
434	512	2
290	102	2
395	262	2
28	30	2
460	42	2
401	229	2
564	227	2
385	431	2
156	524	2
228	42	2
176	200	2
2	513	2
410	227	2
401	30	2
455	498	2
50	365	2
322	401	2
61	385	2
240	457	2
455	164	2
119	170	2
206	495	2
12	340	2
64	524	2
443	298	2
119	133	2
291	38	2
155	514	2
516	344	2
385	471	2
176	173	2
405	42	2
229	227	2
341	180	2
167	385	2
332	144	2
424	73	2
516	48	2
240	377	2
455	200	2
176	182	2
401	293	2
385	229	2
106	316	2
522	341	2
255	524	2
455	17	2
131	70	2
315	310	2
37	365	2
368	495	2
385	535	2
507	536	2
240	551	2
76	524	2
401	82	2
480	42	2
451	227	2
94	512	2
362	227	2
516	220	2
225	42	2
369	565	2
49	28	2
330	298	2
20	42	2
360	294	2
94	545	2
74	109	2
28	545	2
360	240	2
119	475	2
134	545	2
401	355	2
516	58	2
509	2	2
455	252	2
176	511	2
119	513	2
403	425	2
130	315	2
556	227	2
99	227	2
38	504	2
357	516	2
317	330	2
207	495	2
61	512	2
473	348	2
176	129	2
455	414	2
315	494	2
414	315	2
145	160	2
71	545	2
516	367	2
516	386	2
369	385	2
489	30	2
313	283	2
176	220	2
453	545	2
516	79	2
22	524	2
508	335	2
50	511	2
278	524	2
511	512	2
283	106	2
462	495	2
69	178	2
228	516	2
473	98	2
375	12	2
470	523	2
449	298	2
385	427	2
17	42	2
473	101	2
473	336	2
227	107	2
176	522	2
473	120	2
552	536	2
497	28	2
449	227	2
55	330	2
495	299	2
338	495	2
340	247	2
414	138	2
368	341	2
473	254	2
558	385	2
80	516	2
424	182	2
9	545	2
527	138	2
416	545	2
49	514	2
473	58	2
94	155	2
515	516	2
283	144	2
128	524	2
567	495	2
240	362	2
38	443	2
360	185	2
82	484	2
494	512	2
401	212	2
328	516	2
511	298	2
455	45	2
110	441	2
280	227	2
320	227	2
536	160	2
401	22	2
516	566	2
401	497	2
440	266	2
80	315	2
64	545	2
67	512	2
401	99	2
356	378	2
469	340	2
545	316	2
369	545	2
409	565	2
516	466	2
340	119	2
176	308	2
488	513	2
403	341	2
545	244	2
455	299	2
176	287	2
462	49	2
50	496	2
68	512	2
495	223	2
176	559	2
410	298	2
385	487	2
94	360	2
60	159	2
279	545	2
414	473	2
22	159	2
57	516	2
495	517	2
447	512	2
401	385	2
373	524	2
176	548	2
176	99	2
473	540	2
338	227	2
163	240	2
127	335	2
439	108	2
545	298	2
240	504	2
514	48	2
545	295	2
455	279	2
143	385	2
511	524	2
524	299	2
96	335	2
568	545	2
373	565	2
272	240	2
564	545	2
419	514	2
237	240	2
14	159	2
138	215	2
94	560	2
472	336	2
94	227	2
144	524	2
240	501	2
370	524	2
454	385	2
176	302	2
269	220	2
36	240	2
416	512	2
315	289	2
176	143	2
455	133	2
488	240	2
236	138	2
458	357	2
378	42	2
330	424	2
545	524	2
311	511	2
521	68	2
564	495	2
94	159	2
159	298	2
360	497	2
438	524	2
69	0	2
385	363	2
385	514	2
168	424	2
132	478	2
127	512	2
540	513	2
315	319	2
183	512	2
385	459	2
424	54	2
337	441	2
337	119	2
403	495	2
127	227	2
495	434	2
354	187	2
558	227	2
528	512	2
455	460	2
63	397	2
106	335	2
455	545	2
524	199	2
337	452	2
385	183	2
455	440	2
516	102	2
409	545	2
176	114	2
357	94	2
57	536	2
556	459	2
330	62	2
158	209	2
474	524	2
515	512	2
350	495	2
545	67	2
133	545	2
220	524	2
511	102	2
340	159	2
455	441	2
61	516	2
240	199	2
173	274	2
523	441	2
566	512	2
353	139	2
521	14	2
240	520	2
20	494	2
511	471	2
20	335	2
217	473	2
455	548	2
46	524	2
514	101	2
240	283	2
283	545	2
545	79	2
53	524	2
470	23	2
516	562	2
410	225	2
240	66	2
400	512	2
353	360	2
272	138	2
298	209	2
363	545	2
201	227	2
240	465	2
516	457	2
455	524	2
65	545	2
403	208	2
356	185	2
413	385	2
524	551	2
84	274	2
521	39	2
49	494	2
176	100	2
240	198	2
24	159	2
373	38	2
268	82	2
443	485	2
96	567	2
30	251	2
68	159	2
176	514	2
176	94	2
536	215	2
360	293	2
495	370	2
227	513	2
271	385	2
207	30	2
473	148	2
305	545	2
455	354	2
176	209	2
14	513	2
462	545	2
296	512	2
516	194	2
20	424	2
176	68	2
531	119	2
217	513	2
176	137	2
2	267	2
176	22	2
119	29	2
470	471	2
251	227	2
414	495	2
82	214	2
176	528	2
506	227	2
315	159	2
240	503	2
176	167	2
272	424	2
516	366	2
87	227	2
445	512	2
516	156	2
240	48	2
385	144	2
535	227	2
369	274	2
473	110	2
322	222	2
473	406	2
98	340	2
315	560	2
45	401	2
328	42	2
459	133	2
232	545	2
340	2	2
243	30	2
120	42	2
458	512	2
516	106	2
458	61	2
231	545	2
567	198	2
440	298	2
240	180	2
61	473	2
473	49	2
377	514	2
54	513	2
47	495	2
278	227	2
473	283	2
176	225	2
274	495	2
22	263	2
455	359	2
176	47	2
419	524	2
455	514	2
521	60	2
385	146	2
176	400	2
69	495	2
273	545	2
176	505	2
19	524	2
101	512	2
521	160	2
455	158	2
80	176	2
416	227	2
27	42	2
322	375	2
385	47	2
158	160	2
39	424	2
511	30	2
553	385	2
159	30	2
356	70	2
440	222	2
245	283	2
340	68	2
550	545	2
94	42	2
385	512	2
561	138	2
368	30	2
545	107	2
167	495	2
545	500	2
246	545	2
227	349	2
473	54	2
340	471	2
356	424	2
516	18	2
495	48	2
119	514	2
56	227	2
228	536	2
176	564	2
488	495	2
464	248	2
362	512	2
240	144	2
176	60	2
344	265	2
516	279	2
20	524	2
503	42	2
553	473	2
176	280	2
495	127	2
128	14	2
528	495	2
561	82	2
247	227	2
147	512	2
313	473	2
563	227	2
71	385	2
473	243	2
523	14	2
516	452	2
455	565	2
552	360	2
322	240	2
186	22	2
455	512	2
337	516	2
509	524	2
176	27	2
261	512	2
401	331	2
158	288	2
2	545	2
176	150	2
558	545	2
467	227	2
266	335	2
478	523	2
202	512	2
495	107	2
458	102	2
173	149	2
410	480	2
176	223	2
455	300	2
393	536	2
332	500	2
283	78	2
283	153	2
129	514	2
159	545	2
516	44	2
385	465	2
73	405	2
240	73	2
473	182	2
74	495	2
298	386	2
350	545	2
6	545	2
156	82	2
473	37	2
176	205	2
156	512	2
0	2	2
163	495	2
80	42	2
385	127	2
521	311	2
341	70	2
158	258	2
391	138	2
567	267	2
278	512	2
37	424	2
183	184	2
12	524	2
320	512	2
221	473	2
46	30	2
385	280	2
240	403	2
30	70	2
283	101	2
368	2	2
479	227	2
455	347	2
128	298	2
99	138	2
137	525	2
516	397	2
92	218	2
120	514	2
144	102	2
183	545	2
472	512	2
80	424	2
231	524	2
311	42	2
563	524	2
156	240	2
129	536	2
385	355	2
455	429	2
385	511	2
473	269	2
278	545	2
63	512	2
50	449	2
119	97	2
401	404	2
12	512	2
364	67	2
360	326	2
456	516	2
471	227	2
340	30	2
249	109	2
341	507	2
375	30	2
332	545	2
312	82	2
106	300	2
416	495	2
473	378	2
455	228	2
521	440	2
360	478	2
337	536	2
384	298	2
567	146	2
516	30	2
322	330	2
231	512	2
183	459	2
365	495	2
455	23	2
455	160	2
473	505	2
368	497	2
373	30	2
509	227	2
159	227	2
30	358	2
272	42	2
440	30	2
472	335	2
472	50	2
119	140	2
545	229	2
176	438	2
484	227	2
159	512	2
168	94	2
254	42	2
545	73	2
455	118	2
225	393	2
385	504	2
424	30	2
176	149	2
495	569	2
514	512	2
87	524	2
272	545	2
440	424	2
385	293	2
345	495	2
375	159	2
239	545	2
69	176	2
222	512	2
94	536	2
481	524	2
58	227	2
216	283	2
516	183	2
106	341	2
315	120	2
548	524	2
27	199	2
315	536	2
131	332	2
413	524	2
563	431	2
473	267	2
176	267	2
458	378	2
42	26	2
207	341	2
50	473	2
337	310	2
117	495	2
245	183	2
60	315	2
145	377	2
470	14	2
25	385	2
146	30	2
133	227	2
18	227	2
200	524	2
14	524	2
451	545	2
514	500	2
452	545	2
473	315	2
453	227	2
496	524	2
326	524	2
280	545	2
473	495	2
521	497	2
385	246	2
326	545	2
155	327	2
290	240	2
459	562	2
355	495	2
298	154	2
516	54	2
166	42	2
43	319	2
449	14	2
401	367	2
240	399	2
417	545	2
240	102	2
353	495	2
401	145	2
330	227	2
240	117	2
139	340	2
176	294	2
455	444	2
27	512	2
240	554	2
516	274	2
131	60	2
322	434	2
385	67	2
206	240	2
167	524	2
183	513	2
516	555	2
459	316	2
496	30	2
254	94	2
139	334	2
176	330	2
173	495	2
516	66	2
516	564	2
363	512	2
520	524	2
111	82	2
315	267	2
44	227	2
516	513	2
491	524	2
93	301	2
360	535	2
168	524	2
137	298	2
455	332	2
176	482	2
200	495	2
141	220	2
552	298	2
130	30	2
145	536	2
328	240	2
451	524	2
294	335	2
514	207	2
455	155	2
499	227	2
22	496	2
337	283	2
424	179	2
185	178	2
473	71	2
207	524	2
455	356	2
176	226	2
94	174	2
158	274	2
316	227	2
33	213	2
455	145	2
385	308	2
175	401	2
337	279	2
38	431	2
243	514	2
336	441	2
117	441	2
94	273	2
322	353	2
146	298	2
360	180	2
449	545	2
456	240	2
247	514	2
272	516	2
516	403	2
158	403	2
385	64	2
516	196	2
554	545	2
33	240	2
558	524	2
36	227	2
271	524	2
260	227	2
473	171	2
516	396	2
94	264	2
120	30	2
266	298	2
74	523	2
240	100	2
473	82	2
298	496	2
61	340	2
176	255	2
488	512	2
294	524	2
315	180	2
94	180	2
473	500	2
49	495	2
521	44	2
514	267	2
340	60	2
39	159	2
240	416	2
50	30	2
61	42	2
183	248	2
128	495	2
549	516	2
516	108	2
462	22	2
240	202	2
337	512	2
521	42	2
563	536	2
240	267	2
341	434	2
473	524	2
17	28	2
50	523	2
360	291	2
315	514	2
21	42	2
60	424	2
178	180	2
373	397	2
176	153	2
285	512	2
350	536	2
455	305	2
110	524	2
499	335	2
373	495	2
350	159	2
438	335	2
298	508	2
176	515	2
458	545	2
340	344	2
474	298	2
224	139	2
106	160	2
495	319	2
217	227	2
341	42	2
144	335	2
39	441	2
385	554	2
385	367	2
337	497	2
308	545	2
176	181	2
357	315	2
94	496	2
37	258	2
454	227	2
401	179	2
272	340	2
400	240	2
357	514	2
385	44	2
455	14	2
455	284	2
414	176	2
213	146	2
141	92	2
240	76	2
106	227	2
49	24	2
173	209	2
495	100	2
360	43	2
176	244	2
516	225	2
458	495	2
283	227	2
37	106	2
146	514	2
49	186	2
57	512	2
459	212	2
198	545	2
536	54	2
133	393	2
109	79	2
545	457	2
255	385	2
137	60	2
37	514	2
253	524	2
82	335	2
532	385	2
156	495	2
137	12	2
185	424	2
455	66	2
298	285	2
504	524	2
254	514	2
80	240	2
495	181	2
455	420	2
137	545	2
32	138	2
309	385	2
200	385	2
410	545	2
140	227	2
119	24	2
29	227	2
322	403	2
328	512	2
340	336	2
74	471	2
443	495	2
82	495	2
410	327	2
456	227	2
565	504	2
473	198	2
46	180	2
322	267	2
357	513	2
298	512	2
173	198	2
497	335	2
97	248	2
99	513	2
198	524	2
20	186	2
516	244	2
46	70	2
462	37	2
137	37	2
14	365	2
176	368	2
563	63	2
194	495	2
30	494	2
472	185	2
176	385	2
545	180	2
232	315	2
449	60	2
369	208	2
46	82	2
368	173	2
497	513	2
240	106	2
424	42	2
94	185	2
100	524	2
161	425	2
9	512	2
176	247	2
341	438	2
82	512	2
337	495	2
38	149	2
336	524	2
176	147	2
322	128	2
385	416	2
68	545	2
82	201	2
46	523	2
274	504	2
522	227	2
170	512	2
176	285	2
455	349	2
98	2	2
176	139	2
283	358	2
2	106	2
144	185	2
307	227	2
455	445	2
473	384	2
511	441	2
439	524	2
106	62	2
385	58	2
375	290	2
322	524	2
360	154	2
499	495	2
20	94	2
330	377	2
340	262	2
472	524	2
556	524	2
232	30	2
312	536	2
401	102	2
0	77	2
240	147	2
94	419	2
516	434	2
102	495	2
224	30	2
114	385	2
385	212	2
28	344	2
165	459	2
27	401	2
222	514	2
80	119	2
93	175	2
381	425	2
225	545	2
46	335	2
186	14	2
296	514	2
553	545	2
424	335	2
121	495	2
293	495	2
332	42	2
159	495	2
137	440	2
212	545	2
240	569	2
455	77	2
132	178	2
308	227	2
516	494	2
43	227	2
187	42	2
500	335	2
240	496	2
491	227	2
336	178	2
16	524	2
42	162	2
455	152	2
337	206	2
102	227	2
375	156	2
337	303	2
176	365	2
176	498	2
246	42	2
20	266	2
217	283	2
357	2	2
363	495	2
176	180	2
566	545	2
385	341	2
176	44	2
385	482	2
0	332	2
42	441	2
108	495	2
240	196	2
158	216	2
473	36	2
495	73	2
516	451	2
158	2	2
94	382	2
132	144	2
254	424	2
129	315	2
497	30	2
195	512	2
373	424	2
212	315	2
25	513	2
478	30	2
139	536	2
178	70	2
528	516	2
283	424	2
74	108	2
545	465	2
176	170	2
368	360	2
253	495	2
562	513	2
64	495	2
332	512	2
524	267	2
340	298	2
418	227	2
50	249	2
473	241	2
300	536	2
385	180	2
472	159	2
155	86	2
106	513	2
94	60	2
25	43	2
504	397	2
20	401	2
176	12	2
272	495	2
59	42	2
356	335	2
368	524	2
516	490	2
414	536	2
516	479	2
33	567	2
495	77	2
514	494	2
381	365	2
131	30	2
182	545	2
95	545	2
176	562	2
185	545	2
68	266	2
94	251	2
298	434	2
513	404	2
271	495	2
516	145	2
516	430	2
259	513	2
454	512	2
545	569	2
555	512	2
228	240	2
268	138	2
176	340	2
516	504	2
44	495	2
516	87	2
352	545	2
375	240	2
47	512	2
337	568	2
364	94	2
176	565	2
272	30	2
96	298	2
322	20	2
356	77	2
458	77	2
455	226	2
94	30	2
418	524	2
131	378	2
240	308	2
296	524	2
176	439	2
533	119	2
285	335	2
283	30	2
553	524	2
340	315	2
106	133	2
524	512	2
563	16	2
443	154	2
312	473	2
352	335	2
224	315	2
106	440	2
516	117	2
240	495	2
298	267	2
12	227	2
80	514	2
364	473	2
414	516	2
229	513	2
253	322	2
226	536	2
30	319	2
37	222	2
455	120	2
244	227	2
22	494	2
373	283	2
424	545	2
144	513	2
248	347	2
124	48	2
488	385	2
473	65	2
442	512	2
385	382	2
511	108	2
562	514	2
514	310	2
340	58	2
240	64	2
455	59	2
24	44	2
28	335	2
516	299	2
43	225	2
473	227	2
240	440	2
438	298	2
292	138	2
322	176	2
563	545	2
559	227	2
473	330	2
348	524	2
440	513	2
362	341	2
375	42	2
473	503	2
0	180	2
2	385	2
117	512	2
30	512	2
134	512	2
469	27	2
302	524	2
315	44	2
106	44	2
545	482	2
497	315	2
27	441	2
356	332	2
82	425	2
455	176	2
472	30	2
505	495	2
360	522	2
308	512	2
129	545	2
312	68	2
158	298	2
47	298	2
440	365	2
401	298	2
177	512	2
565	431	2
322	521	2
224	2	2
375	27	2
521	119	2
375	37	2
27	424	2
320	545	2
12	106	2
340	160	2
240	171	2
240	355	2
217	545	2
521	240	2
74	479	2
96	563	2
516	419	2
176	440	2
240	494	2
121	42	2
38	315	2
455	231	2
516	153	2
353	516	2
315	386	2
269	283	2
473	160	2
455	212	2
231	227	2
513	512	2
368	38	2
516	524	2
462	240	2
200	536	2
43	341	2
425	42	2
473	298	2
455	283	2
49	42	2
379	283	2
509	240	2
274	443	2
110	240	2
431	397	2
516	232	2
455	110	2
385	100	2
350	335	2
455	335	2
399	315	2
176	198	2
472	495	2
370	227	2
385	345	2
455	436	2
37	494	2
473	60	2
253	227	2
2	42	2
240	185	2
49	496	2
176	102	2
43	440	2
176	145	2
340	234	2
212	30	2
565	267	2
477	42	2
358	513	2
545	517	2
240	451	2
64	227	2
158	251	2
516	520	2
495	513	2
227	195	2
455	567	2
321	405	2
342	473	2
176	348	2
290	524	2
232	283	2
401	562	2
24	335	2
423	30	2
452	514	2
385	565	2
384	424	2
131	82	2
497	365	2
401	358	2
71	495	2
565	524	2
137	44	2
102	178	2
516	74	2
60	511	2
385	548	2
473	382	2
487	524	2
516	535	2
55	152	2
139	378	2
291	335	2
157	385	2
320	42	2
196	524	2
124	507	2
176	6	2
27	495	2
253	512	2
2	496	2
567	63	2
455	121	2
65	138	2
375	378	2
137	317	2
82	501	2
473	293	2
497	185	2
424	367	2
516	239	2
455	40	2
360	146	2
157	55	2
381	156	2
96	514	2
368	49	2
2	365	2
28	14	2
516	311	2
330	48	2
565	146	2
240	513	2
460	14	2
139	68	2
73	513	2
38	173	2
322	84	2
385	185	2
470	27	2
455	253	2
499	545	2
375	110	2
459	422	2
373	513	2
385	199	2
255	144	2
176	266	2
367	536	2
495	438	2
36	178	2
363	227	2
401	65	2
478	298	2
514	545	2
137	159	2
21	441	2
274	198	2
516	417	2
516	347	2
144	545	2
111	545	2
482	512	2
249	240	2
266	524	2
473	560	2
455	372	2
504	512	2
360	402	2
458	227	2
460	524	2
399	514	2
375	385	2
455	161	2
154	335	2
381	73	2
385	195	2
454	495	2
60	186	2
401	73	2
131	180	2
516	305	2
516	267	2
114	401	2
384	30	2
375	50	2
240	160	2
23	283	2
184	347	2
473	70	2
322	495	2
94	232	2
340	204	2
176	462	2
94	179	2
240	498	2
375	341	2
213	545	2
516	240	2
55	439	2
516	179	2
362	545	2
298	67	2
74	345	2
315	331	2
176	338	2
9	227	2
545	127	2
336	501	2
12	42	2
368	213	2
134	385	2
239	512	2
545	335	2
455	272	2
336	513	2
20	521	2
389	514	2
472	37	2
396	495	2
514	335	2
240	479	2
322	24	2
455	48	2
545	299	2
223	512	2
545	370	2
455	71	2
455	185	2
24	319	2
473	129	2
401	514	2
455	238	2
84	563	2
458	255	2
119	68	2
385	315	2
464	245	2
272	513	2
425	258	2
96	360	2
567	545	2
294	495	2
20	315	2
467	512	2
535	524	2
60	227	2
385	569	2
232	512	2
94	101	2
137	495	2
521	227	2
312	42	2
509	512	2
132	131	2
288	138	2
300	30	2
399	397	2
36	360	2
38	209	2
89	119	2
158	400	2
322	145	2
495	147	2
68	393	2
555	524	2
427	512	2
455	457	2
227	569	2
511	159	2
46	516	2
546	405	2
455	285	2
479	152	2
330	133	2
240	517	2
240	348	2
385	559	2
516	198	2
451	512	2
39	496	2
48	42	2
353	341	2
336	424	2
414	82	2
340	335	2
516	206	2
554	495	2
365	335	2
505	227	2
350	44	2
418	385	2
455	106	2
472	2	2
240	386	2
495	79	2
290	255	2
110	512	2
322	440	2
0	102	2
522	512	2
499	298	2
94	108	2
322	137	2
58	42	2
106	179	2
82	341	2
59	240	2
400	545	2
27	160	2
262	524	2
524	54	2
119	545	2
322	186	2
337	183	2
152	48	2
369	516	2
131	357	2
328	340	2
328	155	2
455	28	2
330	512	2
523	109	2
287	227	2
385	396	2
313	424	2
119	155	2
50	337	2
462	30	2
356	283	2
516	449	2
315	77	2
176	159	2
39	511	2
562	512	2
33	385	2
545	76	2
473	357	2
385	102	2
357	495	2
564	536	2
488	516	2
57	240	2
39	514	2
290	332	2
382	512	2
427	524	2
473	130	2
410	524	2
25	240	2
176	370	2
134	240	2
505	512	2
327	514	2
283	179	2
455	181	2
481	512	2
449	497	2
491	495	2
69	478	2
206	524	2
96	30	2
393	319	2
478	440	2
25	512	2
473	119	2
460	545	2
565	209	2
516	16	2
65	513	2
315	199	2
369	81	2
473	359	2
515	227	2
109	441	2
37	161	2
401	540	2
452	227	2
455	385	2
167	545	2
535	341	2
94	327	2
102	42	2
340	179	2
226	524	2
516	215	2
369	225	2
455	418	2
227	199	2
280	495	2
424	404	2
473	389	2
359	42	2
46	227	2
14	393	2
155	495	2
200	545	2
413	240	2
128	335	2
355	545	2
24	510	2
46	384	2
18	495	2
322	365	2
245	97	2
94	146	2
447	495	2
368	274	2
94	183	2
545	30	2
176	417	2
516	554	2
368	37	2
33	495	2
176	535	2
240	127	2
455	275	2
497	106	2
94	49	2
337	545	2
240	507	2
455	117	2
516	319	2
495	501	2
473	74	2
194	512	2
121	536	2
254	512	2
176	24	2
149	335	2
330	240	2
440	514	2
459	273	2
524	30	2
158	171	2
385	107	2
116	42	2
556	516	2
179	512	2
185	315	2
462	497	2
399	213	2
322	438	2
74	315	2
456	545	2
524	154	2
473	497	2
283	513	2
59	385	2
455	20	2
154	512	2
458	384	2
497	524	2
155	510	2
94	524	2
123	227	2
337	385	2
455	102	2
368	240	2
487	227	2
137	62	2
315	496	2
33	565	2
94	319	2
274	149	2
283	161	2
418	119	2
74	240	2
264	441	2
111	385	2
496	335	2
0	30	2
94	2	2
332	524	2
385	101	2
144	384	2
474	495	2
385	370	2
94	331	2
474	459	2
385	283	2
312	424	2
524	107	2
2	266	2
399	524	2
453	385	2
360	285	2
532	495	2
386	30	2
37	28	2
357	144	2
298	494	2
516	212	2
315	179	2
130	138	2
137	316	2
360	507	2
520	545	2
322	368	2
473	180	2
240	246	2
176	71	2
119	444	2
458	240	2
240	506	2
171	315	2
545	494	2
382	514	2
240	145	2
360	209	2
490	495	2
455	214	2
176	84	2
474	512	2
560	42	2
101	30	2
322	472	2
545	285	2
296	545	2
198	512	2
385	302	2
490	385	2
360	494	2
414	545	2
37	186	2
424	319	2
535	512	2
28	22	2
505	516	2
320	524	2
473	121	2
63	545	2
312	180	2
479	42	2
364	30	2
350	37	2
176	195	2
516	316	2
341	496	2
473	170	2
50	106	2
365	44	2
249	30	2
109	471	2
213	504	2
240	384	2
39	350	2
402	341	2
36	144	2
224	94	2
57	424	2
155	341	2
76	227	2
119	308	2
490	512	2
427	30	2
378	524	2
548	495	2
293	514	2
283	170	2
410	22	2
401	335	2
532	512	2
244	512	2
385	9	2
222	227	2
401	198	2
61	401	2
134	176	2
48	30	2
352	108	2
414	42	2
16	512	2
176	128	2
168	227	2
455	64	2
296	298	2
158	227	2
92	543	2
28	512	2
27	74	2
523	178	2
94	293	2
283	496	2
217	401	2
295	512	2
109	405	2
179	227	2
385	261	2
143	495	2
516	302	2
348	495	2
388	227	2
367	513	2
353	298	2
20	27	2
385	207	2
176	240	2
240	226	2
385	522	2
514	77	2
225	524	2
186	30	2
226	545	2
110	513	2
23	227	2
384	341	2
516	163	2
496	227	2
176	30	2
94	335	2
144	30	2
449	240	2
56	512	2
240	173	2
158	503	2
283	212	2
436	545	2
213	198	2
455	379	2
240	266	2
523	511	2
455	516	2
312	524	2
222	524	2
514	67	2
94	310	2
514	251	2
423	512	2
158	206	2
473	512	2
59	545	2
176	118	2
61	144	2
226	225	2
220	495	2
516	315	2
283	73	2
119	30	2
455	378	2
206	512	2
440	545	2
96	565	2
455	411	2
516	506	2
455	458	2
341	386	2
385	170	2
74	14	2
315	445	2
379	401	2
328	514	2
272	94	2
25	403	2
516	384	2
176	121	2
385	335	2
175	424	2
459	159	2
516	207	2
326	512	2
385	434	2
278	495	2
39	495	2
523	507	2
445	495	2
360	267	2
22	222	2
94	120	2
498	227	2
455	202	2
521	2	2
385	30	2
472	36	2
439	479	2
12	385	2
240	471	2
48	524	2
413	516	2
0	357	2
495	465	2
48	227	2
473	22	2
532	227	2
110	401	2
372	42	2
516	22	2
554	524	2
471	512	2
152	335	2
240	195	2
94	423	2
240	367	2
385	564	2
551	512	2
176	298	2
524	170	2
255	500	2
176	363	2
173	504	2
129	512	2
171	495	2
521	385	2
455	374	2
283	386	2
69	144	2
143	545	2
467	545	2
37	511	2
545	195	2
146	512	2
427	227	2
49	106	2
377	545	2
94	300	2
340	199	2
516	247	2
28	159	2
228	545	2
249	524	2
385	154	2
131	102	2
378	178	2
27	519	2
473	155	2
18	524	2
417	524	2
111	227	2
182	495	2
226	30	2
490	545	2
283	58	2
378	511	2
240	231	2
82	144	2
385	177	2
87	495	2
254	536	2
516	545	2
499	512	2
385	417	2
424	524	2
272	514	2
176	424	2
315	208	2
360	350	2
340	497	2
23	512	2
401	101	2
123	283	2
413	545	2
516	385	2
137	39	2
18	512	2
36	94	2
368	298	2
240	567	2
94	267	2
145	513	2
227	54	2
330	513	2
385	447	2
488	227	2
176	524	2
54	512	2
309	512	2
96	213	2
455	310	2
0	60	2
495	507	2
69	335	2
368	39	2
418	545	2
397	209	2
368	545	2
458	335	2
424	48	2
545	199	2
6	516	2
511	501	2
369	512	2
283	241	2
521	27	2
514	560	2
417	495	2
556	240	2
263	42	2
322	154	2
108	42	2
176	516	2
176	155	2
462	360	2
360	106	2
82	524	2
521	249	2
495	457	2
455	254	2
176	237	2
511	44	2
176	293	2
22	545	2
520	335	2
101	524	2
321	258	2
516	471	2
341	494	2
455	132	2
63	524	2
145	227	2
176	512	2
524	457	2
69	545	2
522	393	2
515	545	2
453	240	2
46	36	2
305	536	2
385	350	2
449	30	2
0	336	2
459	293	2
472	77	2
22	495	2
60	545	2
66	227	2
473	114	2
322	449	2
110	495	2
260	545	2
119	44	2
410	196	2
263	341	2
515	385	2
280	512	2
516	365	2
473	471	2
94	222	2
516	94	2
217	424	2
266	341	2
283	198	2
516	558	2
365	341	2
106	298	2
488	401	2
401	180	2
340	524	2
440	341	2
228	512	2
158	223	2
42	227	2
94	99	2
473	67	2
214	227	2
473	399	2
334	354	2
413	176	2
474	545	2
473	513	2
57	289	2
156	424	2
402	335	2
68	222	2
240	194	2
330	14	2
401	263	2
176	254	2
322	168	2
25	495	2
176	246	2
137	14	2
240	335	2
439	240	2
514	44	2
548	227	2
424	496	2
186	512	2
473	73	2
514	386	2
101	42	2
50	94	2
309	545	2
315	298	2
111	512	2
384	178	2
505	524	2
455	437	2
524	319	2
240	186	2
369	176	2
227	77	2
17	265	2
137	133	2
176	239	2
158	98	2
545	508	2
176	326	2
505	513	2
27	377	2
213	63	2
472	102	2
176	491	2
23	240	2
497	350	2
495	386	2
424	102	2
473	78	2
472	70	2
123	385	2
491	545	2
2	30	2
524	434	2
424	108	2
96	173	2
262	545	2
330	316	2
384	512	2
240	120	2
338	512	2
516	76	2
240	28	2
240	30	2
401	296	2
545	496	2
176	466	2
411	42	2
220	66	2
332	283	2
523	310	2
283	182	2
176	261	2
473	401	2
516	47	2
250	401	2
148	424	2
350	341	2
516	110	2
545	287	2
455	240	2
331	513	2
516	363	2
240	396	2
348	227	2
157	479	2
516	307	2
516	427	2
240	146	2
176	471	2
495	160	2
523	524	2
176	434	2
240	302	2
385	173	2
401	67	2
94	67	2
440	28	2
514	300	2
55	385	2
424	229	2
479	524	2
245	347	2
532	545	2
566	495	2
176	419	2
312	2	2
176	295	2
114	512	2
340	196	2
337	34	2
232	240	2
521	108	2
229	524	2
68	514	2
385	524	2
516	107	2
454	82	2
232	524	2
137	240	2
274	209	2
322	520	2
94	495	2
67	441	2
167	240	2
516	140	2
347	42	2
482	227	2
516	335	2
176	495	2
459	10	2
27	240	2
545	513	2
516	416	2
309	524	2
176	296	2
129	513	2
327	315	2
378	424	2
120	441	2
117	524	2
563	209	2
240	101	2
33	176	2
549	495	2
49	30	2
71	512	2
516	565	2
497	495	2
342	94	2
455	348	2
118	227	2
285	524	2
69	341	2
73	42	2
377	495	2
240	345	2
217	497	2
473	39	2
524	78	2
20	298	2
253	335	2
385	442	2
50	186	2
455	338	2
330	495	2
360	207	2
410	133	2
315	14	2
240	79	2
396	227	2
524	494	2
385	555	2
150	393	2
193	355	2
418	516	2
124	479	2
424	298	2
110	424	2
58	513	2
545	367	2
453	512	2
455	179	2
18	385	2
82	511	2
336	144	2
76	512	2
455	336	2
254	495	2
168	401	2
222	44	2
474	240	2
385	491	2
30	180	2
176	377	2
111	138	2
410	176	2
10	545	2
263	513	2
237	227	2
176	521	2
309	240	2
123	545	2
472	227	2
524	179	2
385	22	2
455	495	2
410	317	2
222	495	2
330	524	2
455	156	2
56	377	2
217	119	2
523	345	2
521	109	2
94	384	2
283	355	2
322	385	2
84	335	2
516	127	2
514	298	2
424	293	2
449	22	2
98	27	2
255	545	2
240	16	2
341	67	2
524	77	2
455	459	2
328	545	2
521	117	2
94	459	2
290	495	2
385	507	2
80	283	2
36	385	2
356	255	2
176	384	2
92	83	2
472	39	2
472	176	2
30	335	2
82	208	2
363	524	2
179	30	2
473	273	2
409	173	2
356	30	2
460	495	2
23	30	2
182	524	2
58	524	2
350	22	2
473	327	2
25	524	2
473	377	2
401	60	2
564	524	2
240	466	2
176	48	2
331	30	2
516	150	2
254	315	2
120	524	2
516	100	2
567	16	2
151	24	2
472	240	2
46	255	2
516	60	2
310	471	2
495	99	2
435	42	2
467	176	2
546	340	2
158	110	2
521	335	2
287	512	2
516	255	2
524	160	2
330	283	2
253	536	2
315	30	2
122	545	2
267	512	2
68	496	2
455	320	2
466	227	2
467	459	2
367	524	2
132	356	2
545	349	2
49	513	2
462	44	2
516	24	2
516	338	2
385	48	2
286	42	2
340	495	2
23	524	2
266	227	2
57	514	2
291	397	2
158	459	2
57	30	2
511	264	2
14	441	2
506	545	2
401	78	2
522	524	2
176	349	2
516	146	2
0	255	2
340	377	2
27	545	2
385	274	2
182	513	2
21	511	2
536	214	2
108	524	2
288	227	2
137	524	2
120	495	2
94	249	2
240	431	2
61	500	2
472	180	2
240	247	2
137	68	2
385	326	2
176	96	2
157	495	2
253	360	2
516	77	2
524	508	2
50	350	2
49	449	2
385	445	2
514	496	2
455	271	2
330	401	2
207	512	2
473	38	2
171	545	2
176	479	2
176	315	2
232	513	2
455	410	2
290	378	2
293	545	2
322	497	2
511	120	2
516	99	2
237	385	2
155	512	2
322	474	2
424	188	2
410	341	2
0	70	2
315	389	2
94	187	2
263	298	2
46	336	2
74	42	2
421	42	2
2	315	2
46	512	2
94	70	2
294	341	2
14	120	2
223	227	2
341	127	2
467	385	2
341	524	2
156	138	2
56	524	2
368	512	2
472	68	2
379	473	2
375	524	2
176	554	2
516	181	2
455	259	2
82	513	2
244	495	2
158	212	2
176	232	2
534	315	2
470	39	2
155	335	2
435	315	2
271	512	2
208	42	2
131	335	2
61	290	2
61	227	2
298	507	2
516	345	2
240	366	2
44	494	2
495	229	2
545	101	2
238	55	2
24	524	2
43	133	2
108	310	2
176	194	2
378	545	2
240	555	2
20	496	2
137	523	2
23	385	2
253	344	2
431	545	2
373	173	2
65	227	2
516	517	2
516	154	2
549	545	2
549	385	2
516	186	2
385	551	2
424	78	2
455	396	2
298	70	2
455	365	2
330	523	2
322	30	2
516	226	2
240	487	2
466	495	2
514	358	2
375	14	2
176	186	2
213	512	2
119	450	2
559	512	2
298	127	2
183	227	2
322	424	2
130	514	2
517	524	2
185	513	2
455	101	2
457	512	2
168	545	2
362	393	2
332	495	2
110	37	2
402	298	2
341	495	2
168	516	2
511	495	2
443	524	2
488	360	2
240	227	2
497	512	2
458	70	2
460	240	2
178	335	2
385	159	2
262	495	2
48	513	2
354	42	2
170	227	2
240	349	2
522	14	2
290	441	2
176	185	2
459	22	2
315	341	2
523	500	2
28	298	2
565	63	2
0	82	2
22	315	2
123	240	2
284	344	2
44	496	2
213	443	2
28	341	2
24	37	2
123	401	2
137	497	2
545	386	2
365	227	2
315	42	2
516	362	2
455	427	2
185	341	2
473	153	2
254	524	2
168	30	2
360	315	2
399	563	2
117	42	2
119	401	2
353	335	2
60	28	2
473	247	2
302	227	2
443	76	2
79	512	2
251	512	2
315	70	2
514	99	2
409	524	2
360	365	2
296	341	2
196	495	2
283	184	2
6	512	2
38	545	2
396	524	2
84	360	2
516	349	2
341	512	2
60	496	2
414	240	2
385	145	2
94	226	2
514	199	2
45	513	2
424	65	2
176	378	2
277	227	2
80	385	2
369	524	2
94	289	2
452	42	2
554	512	2
356	513	2
440	524	2
495	195	2
516	355	2
401	241	2
240	129	2
45	283	2
58	545	2
455	247	2
341	227	2
37	405	2
440	315	2
264	42	2
567	536	2
526	138	2
71	315	2
521	290	2
82	223	2
240	558	2
336	30	2
473	42	2
317	145	2
18	545	2
368	60	2
158	312	2
176	249	2
39	106	2
176	375	2
562	424	2
146	495	2
14	494	2
500	180	2
37	496	2
401	144	2
516	288	2
82	433	2
144	495	2
145	512	2
66	512	2
532	524	2
410	516	2
212	512	2
377	512	2
269	424	2
449	2	2
274	512	2
522	298	2
176	291	2
473	240	2
440	159	2
213	495	2
545	303	2
337	4	2
505	283	2
384	315	2
74	507	2
217	22	2
176	382	2
485	514	2
401	227	2
340	108	2
516	266	2
521	12	2
128	227	2
455	159	2
385	82	2
254	240	2
516	180	2
456	524	2
0	335	2
176	55	2
447	227	2
237	512	2
226	315	2
340	427	2
523	144	2
473	48	2
176	360	2
516	246	2
474	335	2
61	131	2
227	160	2
409	38	2
131	255	2
545	160	2
68	30	2
356	60	2
14	495	2
198	30	2
375	44	2
466	545	2
231	495	2
340	99	2
176	272	2
369	213	2
117	385	2
455	215	2
495	349	2
341	154	2
473	264	2
178	77	2
384	513	2
158	154	2
144	512	2
330	545	2
373	213	2
9	524	2
254	516	2
181	512	2
312	360	2
23	545	2
514	495	2
176	177	2
260	516	2
175	119	2
94	440	2
516	341	2
133	536	2
470	79	2
452	30	2
427	495	2
33	524	2
393	264	2
516	214	2
520	495	2
159	524	2
500	77	2
488	298	2
82	376	2
121	512	2
424	222	2
565	198	2
20	514	2
541	512	2
155	30	2
516	290	2
523	106	2
176	507	2
465	512	2
30	267	2
326	298	2
176	117	2
455	511	2
176	551	2
455	260	2
0	378	2
283	296	2
158	42	2
355	524	2
545	267	2
36	356	2
55	524	2
108	514	2
238	48	2
272	512	2
102	441	2
401	153	2
118	495	2
69	512	2
546	258	2
102	524	2
516	101	2
496	512	2
176	107	2
120	545	2
462	335	2
455	55	2
271	298	2
240	562	2
462	68	2
516	399	2
455	35	2
34	545	2
114	516	2
158	30	2
521	336	2
368	565	2
473	216	2
401	496	2
227	512	2
247	495	2
385	296	2
320	385	2
385	227	2
495	287	2
174	30	2
424	120	2
68	186	2
472	357	2
473	332	2
315	293	2
381	37	2
516	548	2
424	99	2
62	393	2
455	177	2
266	44	2
61	158	2
521	298	2
366	227	2
340	450	2
155	2	2
385	386	2
94	341	2
39	513	2
497	514	2
340	22	2
240	244	2
66	524	2
556	341	2
25	516	2
322	285	2
473	404	2
240	9	2
330	315	2
385	247	2
25	473	2
516	563	2
53	227	2
378	513	2
386	512	2
120	513	2
311	227	2
360	128	2
249	315	2
462	440	2
445	524	2
473	156	2
341	209	2
59	512	2
360	385	2
158	119	2
182	512	2
369	138	2
48	536	2
249	514	2
2	494	2
442	227	2
176	416	2
319	513	2
326	341	2
516	376	2
375	511	2
322	513	2
247	545	2
414	512	2
472	341	2
137	512	2
176	144	2
521	405	2
240	564	2
545	44	2
144	77	2
145	523	2
138	297	2
330	385	2
45	424	2
379	424	2
21	55	2
403	512	2
340	523	2
352	42	2
516	202	2
175	513	2
366	512	2
240	179	2
287	67	2
199	512	2
473	23	2
553	283	2
163	512	2
473	534	2
24	14	2
385	213	2
106	524	2
2	440	2
455	371	2
50	266	2
494	227	2
173	512	2
340	351	2
61	178	2
545	42	2
417	227	2
87	536	2
315	101	2
114	513	2
23	315	2
207	335	2
222	14	2
382	440	2
60	514	2
69	298	2
84	173	2
467	240	2
401	319	2
111	441	2
511	545	2
49	350	2
555	495	2
319	512	2
168	514	2
455	405	2
68	227	2
487	536	2
497	60	2
545	495	2
94	296	2
119	324	2
20	495	2
243	315	2
237	524	2
403	545	2
369	563	2
321	110	2
516	401	2
315	495	2
385	68	2
108	512	2
27	385	2
360	513	2
227	215	2
385	171	2
240	220	2
434	227	2
20	240	2
292	82	2
455	195	2
455	183	2
385	231	2
294	227	2
82	427	2
424	14	2
21	48	2
322	209	2
516	484	2
200	516	2
283	459	2
293	513	2
157	48	2
69	524	2
228	495	2
516	378	2
458	2	2
453	524	2
393	338	2
366	385	2
24	495	2
467	495	2
36	495	2
534	30	2
514	289	2
365	524	2
328	473	2
158	99	2
252	459	2
513	160	2
57	545	2
266	512	2
365	536	2
298	180	2
180	227	2
541	495	2
145	524	2
472	378	2
246	512	2
74	441	2
295	524	2
379	119	2
375	111	2
183	495	2
401	222	2
50	24	2
424	101	2
455	480	2
42	160	2
348	512	2
504	495	2
473	14	2
227	344	2
322	494	2
250	473	2
240	365	2
69	240	2
516	324	2
399	385	2
159	335	2
495	367	2
541	545	2
117	545	2
28	524	2
545	147	2
385	287	2
396	545	2
328	315	2
183	315	2
240	445	2
39	494	2
455	474	2
419	512	2
340	513	2
385	226	2
266	495	2
495	179	2
119	150	2
399	495	2
240	121	2
240	319	2
240	278	2
340	27	2
473	127	2
524	513	2
55	227	2
342	545	2
279	227	2
220	227	2
176	196	2
516	443	2
22	514	2
385	508	2
94	435	2
240	341	2
295	495	2
261	545	2
385	225	2
516	65	2
283	319	2
137	516	2
202	42	2
240	417	2
50	340	2
549	240	2
330	39	2
20	227	2
174	545	2
155	42	2
25	153	2
20	545	2
176	290	2
261	495	2
455	219	2
240	382	2
110	385	2
60	144	2
495	54	2
473	188	2
360	520	2
119	424	2
176	332	2
521	111	2
523	335	2
385	66	2
171	512	2
272	473	2
145	545	2
158	405	2
50	441	2
455	386	2
20	513	2
23	513	2
347	227	2
553	459	2
424	161	2
117	511	2
473	212	2
158	94	2
274	267	2
39	24	2
490	240	2
240	541	2
12	27	2
156	511	2
38	198	2
473	94	2
176	499	2
50	222	2
138	181	2
176	501	2
226	393	2
38	63	2
168	513	2
23	495	2
240	118	2
442	441	2
565	512	2
99	524	2
511	335	2
237	516	2
106	545	2
225	227	2
283	222	2
356	82	2
161	365	2
473	102	2
84	213	2
144	70	2
462	39	2
315	99	2
495	154	2
511	14	2
393	19	2
271	176	2
455	157	2
123	512	2
424	180	2
15	138	2
36	30	2
176	558	2
253	341	2
249	495	2
385	181	2
341	285	2
345	524	2
61	472	2
357	524	2
239	354	2
453	495	2
328	227	2
255	227	2
546	42	2
516	280	2
515	495	2
20	137	2
144	424	2
60	178	2
283	293	2
168	473	2
545	471	2
291	274	2
443	397	2
495	199	2
186	44	2
274	227	2
201	138	2
158	12	2
94	22	2
472	60	2
58	495	2
521	120	2
353	545	2
473	187	2
176	127	2
516	9	2
345	42	2
455	68	2
176	427	2
375	336	2
455	488	2
6	385	2
337	122	2
177	227	2
69	360	2
491	512	2
473	108	2
107	512	2
240	511	2
176	212	2
473	229	2
360	222	2
473	174	2
176	183	2
385	285	2
222	315	2
440	495	2
315	198	2
524	223	2
472	459	2
473	424	2
163	385	2
419	385	2
125	545	2
156	545	2
216	227	2
516	175	2
472	298	2
128	512	2
176	59	2
317	106	2
562	315	2
368	397	2
173	267	2
337	511	2
403	524	2
498	495	2
155	39	2
84	565	2
473	310	2
455	13	2
73	227	2
449	459	2
401	106	2
452	495	2
524	195	2
495	496	2
249	545	2
563	149	2
94	247	2
200	42	2
340	14	2
455	481	2
514	179	2
149	397	2
423	524	2
173	146	2
119	293	2
385	262	2
216	401	2
565	545	2
385	60	2
240	522	2
176	460	2
514	70	2
322	512	2
119	42	2
50	494	2
128	545	2
253	176	2
375	249	2
419	315	2
71	514	2
473	423	2
385	251	2
253	298	2
94	494	2
455	501	2
529	42	2
523	42	2
545	358	2
99	536	2
6	240	2
385	377	2
401	159	2
342	315	2
516	402	2
385	77	2
117	227	2
240	251	2
2	273	2
459	554	2
322	478	2
163	524	2
385	244	2
240	427	2
213	267	2
516	27	2
240	298	2
119	74	2
454	516	2
61	46	2
322	42	2
14	30	2
499	360	2
119	160	2
330	30	2
432	94	2
534	514	2
455	314	2
271	240	2
470	48	2
176	207	2
145	133	2
330	471	2
46	60	2
375	49	2
473	331	2
322	545	2
25	424	2
481	495	2
455	316	2
202	524	2
401	185	2
144	180	2
368	68	2
271	341	2
158	377	2
516	569	2
136	524	2
455	147	2
146	315	2
308	495	2
2	222	2
375	311	2
177	495	2
43	90	2
511	22	2
440	42	2
155	319	2
340	545	2
473	106	2
495	285	2
521	37	2
516	447	2
385	495	2
260	138	2
176	64	2
53	545	2
385	76	2
94	171	2
94	534	2
302	495	2
455	442	2
240	295	2
156	513	2
168	283	2
94	399	2
455	412	2
106	512	2
240	261	2
139	240	2
176	202	2
198	397	2
360	362	2
357	512	2
123	495	2
50	424	2
296	42	2
443	377	2
385	28	2
545	54	2
176	228	2
516	128	2
497	24	2
545	181	2
155	315	2
25	30	2
240	447	2
552	524	2
377	524	2
442	524	2
38	30	2
460	516	2
382	227	2
114	545	2
296	315	2
294	512	2
30	160	2
176	16	2
155	22	2
368	44	2
106	22	2
495	298	2
516	544	2
495	487	2
44	512	2
27	513	2
337	42	2
176	490	2
521	74	2
326	335	2
427	514	2
490	524	2
536	349	2
163	227	2
414	524	2
432	155	2
315	423	2
368	385	2
46	495	2
516	340	2
240	225	2
385	205	2
455	258	2
556	545	2
516	511	2
176	566	2
472	22	2
290	336	2
521	501	2
71	30	2
56	240	2
440	186	2
272	315	2
80	227	2
545	179	2
176	110	2
497	298	2
255	495	2
453	516	2
516	201	2
455	541	2
384	495	2
68	24	2
508	227	2
375	20	2
369	397	2
516	382	2
320	495	2
56	545	2
393	90	2
375	512	2
462	341	2
60	266	2
64	512	2
96	94	2
458	385	2
157	240	2
205	495	2
424	160	2
434	335	2
521	516	2
49	441	2
176	163	2
338	524	2
33	397	2
20	516	2
22	30	2
514	159	2
298	30	2
545	442	2
414	227	2
562	227	2
520	341	2
240	424	2
274	16	2
238	507	2
167	227	2
473	99	2
455	521	2
322	402	2
216	516	2
59	495	2
156	258	2
514	187	2
360	511	2
505	240	2
80	513	2
385	443	2
341	267	2
139	119	2
548	512	2
511	160	2
495	512	2
474	227	2
156	401	2
455	74	2
419	240	2
410	251	2
137	2	2
375	501	2
379	513	2
94	348	2
514	127	2
378	144	2
254	283	2
401	545	2
25	315	2
473	485	2
424	341	2
22	424	2
24	327	2
521	523	2
357	227	2
396	512	2
50	462	2
545	251	2
440	511	2
549	512	2
473	222	2
68	315	2
516	173	2
326	227	2
369	173	2
36	524	2
227	501	2
68	495	2
381	158	2
202	227	2
82	104	2
150	545	2
2	350	2
213	524	2
24	512	2
431	524	2
313	513	2
240	491	2
217	495	2
129	227	2
254	30	2
148	283	2
516	437	2
558	512	2
73	258	2
516	12	2
353	354	2
143	512	2
401	269	2
202	495	2
36	545	2
114	227	2
567	504	2
357	356	2
220	512	2
448	106	2
240	177	2
27	108	2
385	63	2
545	434	2
283	495	2
106	159	2
315	127	2
455	318	2
39	365	2
431	443	2
55	512	2
455	367	2
524	227	2
514	227	2
176	18	2
423	227	2
200	512	2
516	63	2
458	516	2
253	385	2
495	180	2
119	127	2
38	146	2
322	514	2
507	227	2
516	262	2
94	44	2
55	42	2
20	368	2
385	365	2
521	545	2
378	512	2
36	500	2
511	67	2
249	227	2
401	536	2
409	567	2
499	516	2
368	159	2
207	227	2
545	48	2
176	517	2
240	287	2
61	0	2
205	512	2
283	514	2
269	42	2
458	180	2
315	251	2
92	269	2
221	424	2
175	227	2
71	524	2
206	545	2
561	236	2
212	424	2
378	227	2
24	440	2
553	176	2
365	545	2
272	82	2
321	161	2
214	138	2
516	249	2
249	42	2
378	441	2
295	227	2
375	360	2
509	176	2
92	35	2
439	516	2
340	514	2
495	67	2
129	524	2
240	181	2
368	516	2
168	360	2
332	513	2
501	512	2
159	42	2
302	545	2
516	424	2
432	473	2
240	239	2
401	259	2
240	222	2
240	24	2
158	264	2
427	315	2
330	479	2
240	108	2
340	240	2
183	30	2
455	21	2
419	30	2
414	94	2
322	2	2
495	524	2
417	512	2
158	422	2
176	541	2
176	120	2
328	495	2
424	44	2
326	495	2
385	54	2
441	335	2
137	179	2
375	545	2
524	559	2
528	545	2
30	199	2
360	443	2
480	393	2
473	360	2
419	545	2
60	341	2
240	296	2
516	409	2
94	37	2
124	335	2
240	107	2
158	82	2
473	516	2
486	516	2
212	514	2
521	442	2
99	512	2
102	512	2
322	127	2
455	194	2
385	440	2
96	315	2
352	479	2
360	60	2
516	28	2
546	110	2
322	443	2
478	70	2
375	335	2
340	512	2
38	16	2
176	481	2
49	315	2
179	513	2
558	495	2
424	495	2
497	159	2
63	495	2
224	514	2
27	14	2
129	424	2
335	512	2
516	320	2
340	226	2
498	524	2
424	386	2
565	495	2
312	514	2
545	487	2
322	441	2
322	106	2
132	500	2
111	524	2
473	249	2
455	42	2
176	87	2
2	127	2
322	96	2
283	315	2
385	16	2
373	567	2
119	229	2
176	77	2
401	170	2
473	68	2
449	335	2
176	73	2
198	514	2
102	513	2
283	540	2
452	512	2
237	495	2
312	513	2
473	251	2
237	545	2
299	227	2
145	82	2
205	42	2
50	513	2
409	240	2
46	357	2
309	393	2
455	168	2
240	434	2
291	567	2
240	338	2
293	30	2
516	155	2
410	512	2
459	560	2
131	77	2
385	452	2
176	563	2
267	335	2
425	405	2
385	295	2
302	512	2
190	227	2
365	258	2
216	513	2
46	2	2
159	341	2
94	119	2
399	274	2
490	227	2
46	102	2
176	513	2
50	108	2
296	30	2
96	38	2
176	156	2
178	30	2
473	2	2
294	298	2
521	360	2
467	516	2
114	524	2
360	495	2
315	300	2
385	362	2
274	524	2
283	524	2
455	41	2
315	452	2
110	365	2
153	512	2
240	128	2
350	30	2
228	385	2
35	220	2
327	30	2
94	445	2
290	310	2
524	482	2
562	545	2
410	248	2
293	512	2
400	385	2
516	159	2
61	424	2
424	159	2
465	524	2
552	240	2
176	418	2
455	311	2
38	267	2
69	385	2
61	545	2
509	495	2
385	106	2
254	340	2
427	545	2
340	324	2
240	182	2
443	341	2
46	545	2
36	514	2
176	283	2
176	179	2
516	296	2
176	473	2
340	208	2
565	536	2
176	350	2
216	144	2
455	312	2
567	149	2
495	101	2
315	264	2
57	473	2
322	511	2
515	524	2
196	227	2
470	25	2
401	495	2
106	424	2
308	524	2
360	401	2
467	2	2
290	227	2
150	227	2
473	489	2
33	512	2
473	319	2
377	107	2
176	357	2
455	108	2
123	513	2
121	227	2
249	512	2
473	179	2
545	223	2
240	385	2
455	290	2
217	360	2
368	14	2
118	545	2
522	495	2
472	332	2
455	330	2
139	187	2
340	44	2
130	424	2
36	516	2
60	350	2
484	138	2
137	471	2
472	82	2
20	30	2
486	82	2
94	74	2
157	524	2
152	507	2
285	227	2
239	495	2
514	30	2
478	77	2
521	159	2
341	513	2
355	443	2
322	386	2
473	289	2
240	438	2
240	545	2
60	298	2
53	512	2
514	180	2
176	335	2
271	322	2
563	198	2
401	513	2
455	173	2
322	340	2
495	423	2
566	524	2
183	514	2
82	288	2
414	514	2
27	511	2
427	138	2
182	227	2
255	178	2
401	129	2
385	563	2
240	512	2
227	551	2
2	28	2
240	482	2
176	396	2
569	512	2
168	385	2
545	501	2
516	423	2
462	385	2
94	127	2
495	251	2
60	106	2
240	47	2
516	370	2
96	274	2
180	512	2
161	42	2
177	524	2
322	362	2
562	42	2
545	507	2
523	108	2
524	180	2
81	403	2
57	315	2
262	227	2
176	319	2
528	240	2
114	424	2
497	494	2
459	58	2
44	524	2
49	159	2
82	297	2
176	111	2
466	385	2
315	335	2
386	513	2
137	22	2
94	98	2
455	109	2
27	298	2
455	227	2
320	240	2
137	227	2
217	240	2
365	159	2
455	104	2
47	524	2
176	229	2
61	536	2
516	229	2
6	495	2
182	393	2
357	30	2
222	30	2
495	482	2
562	495	2
497	341	2
545	438	2
474	360	2
452	524	2
176	206	2
176	227	2
94	385	2
22	266	2
536	67	2
212	227	2
455	87	2
20	385	2
401	424	2
516	350	2
352	55	2
494	335	2
516	171	2
239	227	2
39	266	2
121	545	2
2	495	2
176	431	2
94	386	2
240	150	2
168	315	2
488	424	2
114	240	2
176	386	2
132	472	2
176	157	2
473	183	2
556	536	2
501	441	2
462	60	2
431	495	2
16	545	2
163	545	2
455	94	2
350	298	2
56	385	2
283	99	2
424	296	2
129	30	2
121	524	2
69	472	2
20	473	2
424	331	2
22	365	2
385	73	2
535	495	2
212	513	2
20	350	2
472	497	2
322	522	2
80	30	2
496	513	2
119	315	2
449	512	2
507	335	2
322	119	2
82	391	2
94	208	2
61	356	2
340	39	2
315	48	2
283	259	2
401	108	2
516	495	2
94	514	2
340	440	2
20	24	2
455	566	2
432	30	2
516	160	2
464	184	2
69	131	2
49	424	2
498	545	2
548	545	2
300	227	2
516	118	2
385	128	2
30	42	2
322	462	2
401	58	2
240	565	2
114	283	2
94	283	2
338	545	2
39	30	2
507	512	2
236	82	2
524	251	2
238	479	2
27	39	2
474	516	2
123	424	2
522	545	2
345	545	2
455	417	2
473	562	2
385	87	2
385	338	2
439	48	2
315	359	2
77	512	2
385	501	2
385	567	2
173	397	2
521	337	2
80	401	2
266	30	2
514	423	2
55	240	2
562	536	2
505	424	2
159	44	2
28	227	2
459	181	2
122	459	2
369	247	2
455	375	2
455	124	2
92	117	2
378	385	2
133	251	2
136	42	2
247	315	2
524	67	2
71	227	2
384	545	2
27	525	2
36	512	2
365	42	2
337	174	2
240	262	2
132	524	2
455	148	2
385	299	2
94	71	2
516	465	2
356	401	2
30	77	2
455	307	2
98	443	2
146	335	2
470	20	2
472	14	2
553	240	2
337	240	2
465	227	2
439	385	2
401	121	2
255	512	2
399	545	2
385	266	2
240	559	2
101	536	2
176	171	2
33	545	2
418	14	2
176	447	2
173	524	2
516	551	2
337	109	2
46	77	2
406	514	2
516	64	2
59	524	2
366	495	2
455	456	2
440	335	2
458	30	2
340	303	2
240	213	2
365	512	2
367	227	2
455	114	2
293	524	2
322	552	2
240	370	2
503	514	2
473	263	2
24	30	2
360	545	2
373	514	2
435	259	3
321	372	3
2	199	3
393	251	3
327	393	3
506	559	3
56	53	3
552	340	3
137	66	3
552	447	3
332	536	3
128	393	3
515	536	3
485	297	3
229	172	3
149	172	3
375	2	3
478	422	3
552	442	3
139	172	3
137	182	3
552	153	3
206	172	3
137	319	3
369	46	3
196	536	3
61	552	3
503	427	3
503	261	3
177	172	3
309	506	3
378	435	3
137	283	3
506	403	3
552	16	3
552	311	3
506	121	3
506	44	3
503	491	3
262	485	3
552	229	3
435	314	3
237	503	3
414	435	3
96	172	3
503	522	3
375	373	3
506	567	3
171	172	3
435	128	3
552	434	3
322	172	3
189	425	3
137	443	3
506	494	3
393	289	3
552	296	3
385	99	3
124	396	3
38	536	3
478	536	3
393	341	3
556	506	3
499	172	3
356	431	3
552	274	3
137	100	3
86	76	3
438	172	3
472	139	3
139	212	3
556	514	3
100	500	3
137	202	3
2	536	3
86	234	3
131	38	3
556	401	3
552	143	3
503	465	3
395	37	3
506	565	3
360	506	3
472	435	3
552	147	3
137	453	3
506	293	3
489	435	3
435	475	3
552	417	3
110	536	3
50	506	3
134	552	3
503	302	3
552	101	3
172	195	3
206	435	3
549	506	3
137	48	3
145	393	3
506	262	3
137	177	3
506	54	3
139	511	3
353	506	3
552	205	3
21	396	3
46	213	3
355	500	3
222	26	3
506	68	3
74	536	3
147	172	3
267	172	3
503	87	3
506	520	3
552	87	3
503	296	3
322	500	3
506	63	3
159	536	3
200	172	3
137	563	3
506	423	3
137	341	3
345	172	3
503	423	3
328	172	3
506	376	3
264	209	3
503	227	3
552	128	3
453	536	3
454	536	3
509	137	3
375	139	3
454	139	3
139	495	3
552	506	3
68	172	3
552	424	3
308	536	3
249	503	3
396	536	3
298	172	3
552	148	3
35	536	3
552	491	3
506	211	3
137	363	3
506	120	3
137	278	3
506	24	3
312	393	3
443	393	3
498	172	3
469	38	3
552	149	3
137	384	3
76	172	3
399	503	3
33	137	3
137	156	3
375	469	3
137	206	3
532	137	3
82	503	3
369	306	3
506	154	3
552	312	3
503	498	3
137	73	3
506	562	3
38	178	3
503	53	3
474	172	3
291	393	3
552	562	3
137	55	3
350	172	3
552	252	3
435	252	3
503	431	3
206	503	3
435	307	3
443	536	3
377	172	3
472	38	3
566	172	3
556	180	3
503	154	3
253	506	3
369	356	3
58	99	3
536	42	3
484	536	3
137	521	3
37	234	3
137	82	3
388	536	3
385	451	3
134	137	3
157	503	3
375	227	3
223	172	3
237	172	3
503	77	3
503	338	3
435	358	3
256	298	3
506	382	3
521	172	3
20	536	3
503	220	3
375	343	3
375	199	3
176	213	3
503	102	3
499	506	3
337	172	3
57	172	3
393	494	3
256	58	3
439	506	3
407	435	3
20	139	3
283	172	3
462	172	3
435	164	3
134	503	3
56	536	3
202	58	3
552	332	3
33	375	3
520	297	3
435	476	3
368	503	3
170	172	3
552	285	3
217	172	3
552	111	3
393	500	3
61	435	3
552	330	3
552	403	3
503	73	3
220	172	3
516	536	3
106	393	3
47	503	3
467	172	3
375	536	3
106	172	3
293	536	3
309	503	3
176	536	3
506	300	3
478	213	3
200	503	3
139	341	3
137	127	3
445	172	3
552	456	3
137	249	3
474	506	3
500	227	3
516	393	3
2	503	3
139	422	3
137	362	3
552	9	3
503	99	3
137	403	3
506	424	3
520	172	3
495	536	3
33	264	3
393	86	3
435	235	3
180	172	3
552	449	3
137	153	3
137	511	3
506	102	3
552	59	3
506	199	3
255	172	3
552	294	3
552	454	3
503	504	3
119	478	3
552	307	3
552	488	3
552	345	3
172	513	3
110	435	3
157	506	3
435	48	3
528	506	3
503	370	3
503	30	3
552	199	3
506	182	3
272	506	3
56	355	3
515	393	3
137	326	3
137	494	3
139	280	3
506	541	3
439	172	3
451	297	3
536	508	3
366	172	3
506	563	3
552	295	3
552	451	3
458	213	3
137	558	3
451	172	3
506	73	3
506	512	3
137	294	3
137	399	3
503	417	3
552	355	3
369	500	3
375	167	3
137	266	3
536	513	3
506	350	3
440	503	3
435	427	3
253	435	3
402	297	3
552	77	3
176	556	3
367	172	3
375	154	3
375	94	3
435	336	3
552	443	3
131	431	3
552	423	3
552	472	3
238	234	3
110	172	3
552	316	3
139	294	3
384	172	3
322	94	3
552	288	3
137	244	3
56	520	3
369	478	3
486	536	3
55	435	3
277	536	3
552	38	3
261	172	3
183	503	3
467	552	3
506	223	3
552	393	3
503	185	3
246	172	3
460	172	3
137	24	3
345	536	3
137	262	3
458	355	3
552	507	3
554	172	3
506	153	3
155	506	3
552	551	3
369	503	3
506	430	3
552	515	3
558	506	3
552	370	3
490	172	3
410	139	3
156	189	3
503	495	3
0	431	3
506	251	3
552	6	3
266	536	3
153	172	3
272	137	3
131	274	3
506	205	3
506	229	3
503	100	3
503	181	3
506	495	3
506	450	3
375	433	3
552	503	3
139	43	3
271	503	3
172	199	3
552	419	3
139	385	3
56	506	3
511	503	3
473	506	3
503	244	3
506	288	3
506	247	3
202	536	3
137	9	3
172	160	3
506	384	3
440	393	3
456	172	3
506	214	3
28	503	3
552	29	3
145	172	3
455	536	3
176	520	3
0	355	3
171	503	3
205	536	3
506	307	3
57	552	3
203	536	3
536	107	3
520	519	3
503	262	3
435	77	3
393	170	3
290	172	3
232	506	3
375	563	3
506	308	3
506	496	3
319	172	3
74	172	3
20	172	3
506	522	3
552	501	3
369	178	3
130	100	3
46	137	3
38	500	3
139	435	3
140	545	3
478	100	3
503	363	3
506	99	3
552	439	3
478	431	3
249	172	3
21	435	3
552	155	3
332	298	3
536	494	3
456	503	3
119	536	3
256	536	3
40	435	3
274	135	3
61	506	3
552	24	3
18	503	3
56	172	3
506	79	3
500	172	3
532	536	3
20	506	3
506	366	3
393	514	3
64	536	3
2	393	3
520	86	3
137	231	3
176	172	3
506	29	3
506	431	3
320	172	3
506	215	3
395	86	3
552	324	3
435	118	3
503	386	3
556	440	3
506	302	3
471	172	3
435	211	3
509	184	3
499	503	3
144	431	3
506	53	3
473	451	3
84	393	3
237	137	3
395	21	3
137	71	3
378	503	3
552	478	3
455	172	3
237	506	3
255	506	3
353	503	3
506	417	3
137	6	3
506	363	3
355	297	3
172	209	3
331	536	3
173	536	3
552	508	3
25	137	3
506	47	3
228	506	3
85	536	3
393	434	3
176	397	3
23	172	3
503	44	3
137	186	3
532	503	3
352	396	3
503	536	3
328	503	3
503	251	3
124	234	3
410	536	3
322	503	3
536	267	3
137	59	3
86	154	3
137	491	3
506	471	3
506	220	3
506	147	3
396	172	3
137	514	3
444	435	3
454	506	3
496	172	3
167	506	3
403	503	3
139	512	3
552	223	3
226	503	3
290	506	3
23	435	3
134	506	3
139	159	3
552	96	3
553	172	3
552	182	3
552	176	3
460	137	3
137	267	3
455	139	3
482	172	3
519	154	3
446	135	3
552	36	3
472	506	3
435	350	3
264	341	3
490	506	3
156	425	3
549	137	3
280	536	3
519	213	3
435	563	3
536	482	3
278	503	3
222	536	3
24	172	3
137	396	3
435	31	3
435	396	3
552	94	3
552	106	3
552	377	3
274	536	3
137	309	3
552	564	3
503	355	3
137	565	3
137	402	3
74	393	3
148	536	3
552	479	3
564	172	3
56	154	3
506	355	3
481	172	3
119	128	3
503	416	3
343	421	3
158	189	3
474	503	3
158	506	3
71	503	3
552	349	3
356	38	3
552	309	3
552	436	3
137	53	3
137	507	3
2	500	3
431	297	3
137	479	3
137	246	3
552	385	3
552	283	3
20	393	3
311	545	3
163	503	3
251	297	3
396	152	3
399	264	3
393	386	3
149	393	3
552	382	3
506	198	3
378	536	3
341	223	3
238	396	3
522	172	3
322	506	3
332	58	3
337	435	3
84	503	3
469	355	3
393	513	3
435	159	3
503	487	3
272	435	3
400	506	3
552	207	3
393	298	3
536	211	3
71	506	3
130	422	3
506	65	3
413	503	3
473	202	3
36	172	3
402	262	3
541	503	3
385	373	3
222	172	3
137	490	3
552	239	3
503	367	3
556	434	3
323	393	3
355	135	3
552	55	3
503	457	3
123	137	3
375	479	3
474	137	3
172	335	3
137	373	3
536	512	3
61	137	3
409	506	3
137	370	3
256	341	3
552	401	3
552	177	3
503	223	3
503	569	3
552	154	3
137	220	3
514	172	3
200	435	3
137	481	3
521	536	3
552	440	3
137	340	3
503	202	3
175	536	3
158	156	3
552	198	3
139	37	3
137	567	3
503	180	3
435	417	3
399	172	3
506	459	3
137	554	3
458	274	3
485	86	3
552	347	3
46	503	3
144	397	3
552	84	3
137	434	3
302	172	3
519	76	3
536	227	3
552	216	3
172	569	3
469	397	3
239	172	3
506	267	3
552	44	3
506	564	3
38	519	3
552	79	3
332	128	3
46	274	3
264	298	3
552	255	3
424	536	3
544	536	3
552	156	3
137	79	3
479	172	3
137	106	3
0	213	3
173	172	3
552	300	3
556	172	3
137	386	3
395	42	3
435	338	3
137	255	3
478	335	3
137	120	3
552	43	3
506	180	3
552	22	3
395	439	3
506	212	3
517	172	3
369	396	3
137	181	3
474	393	3
22	172	3
139	267	3
65	536	3
120	172	3
503	424	3
155	503	3
506	181	3
434	172	3
262	393	3
172	512	3
84	264	3
366	503	3
72	375	3
503	247	3
64	172	3
28	172	3
552	517	3
553	503	3
506	365	3
137	139	3
139	128	3
545	172	3
237	536	3
410	247	3
47	172	3
263	536	3
506	127	3
237	343	3
260	552	3
552	58	3
43	86	3
137	482	3
96	503	3
58	172	3
466	536	3
552	100	3
57	503	3
503	107	3
137	503	3
56	402	3
552	117	3
462	137	3
506	434	3
84	139	3
137	180	3
291	264	3
567	172	3
453	172	3
396	135	3
535	172	3
63	172	3
556	28	3
137	16	3
393	495	3
503	199	3
503	443	3
135	234	3
435	203	3
137	232	3
58	536	3
287	172	3
552	74	3
552	528	3
137	285	3
552	399	3
435	226	3
137	505	3
552	466	3
455	503	3
435	457	3
552	368	3
562	172	3
332	503	3
10	393	3
552	427	3
137	418	3
552	376	3
552	247	3
38	135	3
137	564	3
516	172	3
503	335	3
330	536	3
556	30	3
506	87	3
202	341	3
298	99	3
137	353	3
545	234	3
16	264	3
137	338	3
552	99	3
137	198	3
556	139	3
375	506	3
46	355	3
373	500	3
122	536	3
503	341	3
373	264	3
23	506	3
503	299	3
506	344	3
532	172	3
458	137	3
239	536	3
506	396	3
137	365	3
552	397	3
552	266	3
393	227	3
506	481	3
506	501	3
503	512	3
455	506	3
53	262	3
552	27	3
123	172	3
545	536	3
552	65	3
504	172	3
503	285	3
119	506	3
375	84	3
330	396	3
22	536	3
506	173	3
506	392	3
478	227	3
137	185	3
217	137	3
375	212	3
82	500	3
239	503	3
528	503	3
176	38	3
522	536	3
385	172	3
497	503	3
402	519	3
552	82	3
369	552	3
506	513	3
134	536	3
33	503	3
330	506	3
503	194	3
503	563	3
552	206	3
96	393	3
200	506	3
506	190	3
401	506	3
536	434	3
435	285	3
100	172	3
503	22	3
503	494	3
262	172	3
435	392	3
536	391	3
172	181	3
503	298	3
401	503	3
435	562	3
552	465	3
552	278	3
137	447	3
506	548	3
247	172	3
488	506	3
375	503	3
271	506	3
137	239	3
552	56	3
506	60	3
478	38	3
369	137	3
536	78	3
536	358	3
278	172	3
137	485	3
84	172	3
506	437	3
397	199	3
552	167	3
506	338	3
556	186	3
506	335	3
435	183	3
311	536	3
503	308	3
552	183	3
511	393	3
137	559	3
137	566	3
473	536	3
373	536	3
0	397	3
552	336	3
322	435	3
137	183	3
552	163	3
381	375	3
137	114	3
185	172	3
355	199	3
435	78	3
50	536	3
279	536	3
39	500	3
427	172	3
373	393	3
472	274	3
355	262	3
76	536	3
2	506	3
375	377	3
393	159	3
503	222	3
417	172	3
506	442	3
60	172	3
274	500	3
454	503	3
373	438	3
552	367	3
137	251	3
506	544	3
308	172	3
393	438	3
556	385	3
39	478	3
128	256	3
125	552	3
506	58	3
213	199	3
506	294	3
137	452	3
202	128	3
137	128	3
552	431	3
82	536	3
385	536	3
375	280	3
375	6	3
144	213	3
552	438	3
207	172	3
249	506	3
278	506	3
143	506	3
176	435	3
137	416	3
552	430	3
458	506	3
435	13	3
419	536	3
487	172	3
137	87	3
196	298	3
552	133	3
129	506	3
458	503	3
454	172	3
552	267	3
294	172	3
137	290	3
137	366	3
552	146	3
503	295	3
506	100	3
505	393	3
506	194	3
137	332	3
431	264	3
375	289	3
506	498	3
137	28	3
503	67	3
552	108	3
213	172	3
552	256	3
312	556	3
503	396	3
552	556	3
76	297	3
74	435	3
228	503	3
503	150	3
137	226	3
552	157	3
2	172	3
137	155	3
69	506	3
61	172	3
375	519	3
137	508	3
472	172	3
158	170	3
458	431	3
137	102	3
449	393	3
375	401	3
414	172	3
503	377	3
80	172	3
503	120	3
243	536	3
515	172	3
357	536	3
330	172	3
322	393	3
451	58	3
139	438	3
506	244	3
410	552	3
118	172	3
506	504	3
552	328	3
506	38	3
80	506	3
552	140	3
73	172	3
56	213	3
33	552	3
552	384	3
262	397	3
324	536	3
552	326	3
114	172	3
139	437	3
137	535	3
458	552	3
388	506	3
305	159	3
503	315	3
520	503	3
231	536	3
552	200	3
506	146	3
400	503	3
506	195	3
506	367	3
87	172	3
128	99	3
506	186	3
375	247	3
393	508	3
369	393	3
478	274	3
137	541	3
552	514	3
232	172	3
183	536	3
295	172	3
27	172	3
552	504	3
552	237	3
137	280	3
473	393	3
506	43	3
28	536	3
25	172	3
420	343	3
137	225	3
128	536	3
122	393	3
423	536	3
340	172	3
506	159	3
6	506	3
71	435	3
137	456	3
375	348	3
506	277	3
503	196	3
460	58	3
503	63	3
552	498	3
137	213	3
27	503	3
356	274	3
139	170	3
553	393	3
234	42	3
506	319	3
266	172	3
352	536	3
552	222	3
137	536	3
331	297	3
506	171	3
396	441	3
139	513	3
137	27	3
111	536	3
552	559	3
552	30	3
29	536	3
355	536	3
69	503	3
392	536	3
38	144	3
474	139	3
139	443	3
506	118	3
369	0	3
552	170	3
262	154	3
369	435	3
467	503	3
506	386	3
555	503	3
506	341	3
552	226	3
552	497	3
472	393	3
393	207	3
144	355	3
172	54	3
500	536	3
137	397	3
474	536	3
552	54	3
139	498	3
495	172	3
552	122	3
552	550	3
472	503	3
393	58	3
552	73	3
79	172	3
455	552	3
453	506	3
137	337	3
139	440	3
94	506	3
290	435	3
57	506	3
238	395	3
437	536	3
393	422	3
552	280	3
552	471	3
16	172	3
565	172	3
552	190	3
280	393	3
216	536	3
552	212	3
552	375	3
375	101	3
499	139	3
503	198	3
139	209	3
118	536	3
552	373	3
244	172	3
137	64	3
119	341	3
431	172	3
123	435	3
137	506	3
552	273	3
176	506	3
552	165	3
467	536	3
375	183	3
552	482	3
503	229	3
552	520	3
442	536	3
393	100	3
222	393	3
69	137	3
357	172	3
172	551	3
505	503	3
536	195	3
506	484	3
552	549	3
472	137	3
503	79	3
94	503	3
137	368	3
469	274	3
145	503	3
469	431	3
479	503	3
552	25	3
469	213	3
552	171	3
375	444	3
503	554	3
552	505	3
137	36	3
352	234	3
198	172	3
431	178	3
393	512	3
506	349	3
59	503	3
435	121	3
217	552	3
186	172	3
506	203	3
137	144	3
552	277	3
506	185	3
135	536	3
253	137	3
393	67	3
506	517	3
152	234	3
163	506	3
507	172	3
435	332	3
176	355	3
378	172	3
2	373	3
137	212	3
414	503	3
552	293	3
139	514	3
488	503	3
144	503	3
418	506	3
12	172	3
213	500	3
552	494	3
82	172	3
48	172	3
506	42	3
395	330	3
503	384	3
552	234	3
478	373	3
159	172	3
137	222	3
509	506	3
552	331	3
503	545	3
283	536	3
413	172	3
435	194	3
205	172	3
140	435	3
552	450	3
207	536	3
326	503	3
451	341	3
503	442	3
254	503	3
499	536	3
473	139	3
137	101	3
137	118	3
506	385	3
137	330	3
137	143	3
536	457	3
375	172	3
99	297	3
137	172	3
139	449	3
33	172	3
84	536	3
37	396	3
552	452	3
427	536	3
80	503	3
176	274	3
435	437	3
503	362	3
552	315	3
553	471	3
435	431	3
552	120	3
443	172	3
519	53	3
409	172	3
511	172	3
153	536	3
373	386	3
435	160	3
552	391	3
137	473	3
552	558	3
506	362	3
396	42	3
149	264	3
212	172	3
137	74	3
57	435	3
156	172	3
57	137	3
137	194	3
552	110	3
196	297	3
503	207	3
137	154	3
460	128	3
348	172	3
503	438	3
552	560	3
436	536	3
506	447	3
552	67	3
503	496	3
552	23	3
503	48	3
552	342	3
552	220	3
506	172	3
414	137	3
552	28	3
120	536	3
552	160	3
552	279	3
328	137	3
503	147	3
506	485	3
552	348	3
21	234	3
439	396	3
458	369	3
552	545	3
503	280	3
382	536	3
552	119	3
424	172	3
509	503	3
552	263	3
552	388	3
137	254	3
386	536	3
435	567	3
532	506	3
552	362	3
506	108	3
506	82	3
157	396	3
506	196	3
472	397	3
478	180	3
213	297	3
458	397	3
176	402	3
350	503	3
385	503	3
143	435	3
375	86	3
506	347	3
137	195	3
536	138	3
56	485	3
552	172	3
552	78	3
467	506	3
503	447	3
296	172	3
134	172	3
27	536	3
137	308	3
520	536	3
435	385	3
552	386	3
137	299	3
157	234	3
456	506	3
393	79	3
123	156	3
56	76	3
137	349	3
369	234	3
139	198	3
503	274	3
552	209	3
35	506	3
106	536	3
552	308	3
503	348	3
553	137	3
326	172	3
472	431	3
435	104	3
460	473	3
552	487	3
552	563	3
56	274	3
536	251	3
332	341	3
506	144	3
552	363	3
25	506	3
503	173	3
6	172	3
552	400	3
506	326	3
393	510	3
517	536	3
506	150	3
467	137	3
506	22	3
12	506	3
506	298	3
130	536	3
521	139	3
254	506	3
515	506	3
418	536	3
393	198	3
196	341	3
375	56	3
39	393	3
506	402	3
552	102	3
506	336	3
506	465	3
453	503	3
137	229	3
552	378	3
129	503	3
536	450	3
137	504	3
549	172	3
139	497	3
38	297	3
121	503	3
552	319	3
111	172	3
545	203	3
375	213	3
382	503	3
506	28	3
298	536	3
553	536	3
217	556	3
511	536	3
137	117	3
176	53	3
290	503	3
478	183	3
102	536	3
137	367	3
552	535	3
413	506	3
440	172	3
552	512	3
552	185	3
552	227	3
536	397	3
117	172	3
519	393	3
341	99	3
552	95	3
356	397	3
156	170	3
185	222	3
506	491	3
137	223	3
98	536	3
38	262	3
556	513	3
552	254	3
552	409	3
128	196	3
552	445	3
315	393	3
536	501	3
506	16	3
485	536	3
458	172	3
524	172	3
80	137	3
53	86	3
175	506	3
137	145	3
139	207	3
137	445	3
86	396	3
365	172	3
504	536	3
139	503	3
316	536	3
232	503	3
288	536	3
299	172	3
139	222	3
271	536	3
460	298	3
397	297	3
431	500	3
500	358	3
403	536	3
341	536	3
375	192	3
503	566	3
375	567	3
137	439	3
506	30	3
435	275	3
552	490	3
234	441	3
163	172	3
552	249	3
149	536	3
552	228	3
2	86	3
253	503	3
519	431	3
506	160	3
294	536	3
137	199	3
545	211	3
355	172	3
98	506	3
500	422	3
137	496	3
330	234	3
552	186	3
139	424	3
438	536	3
253	172	3
373	172	3
506	145	3
503	365	3
462	506	3
137	348	3
506	279	3
56	503	3
375	28	3
552	129	3
137	67	3
41	435	3
293	172	3
0	274	3
196	58	3
57	375	3
552	202	3
340	536	3
417	536	3
137	466	3
503	160	3
552	290	3
357	503	3
454	393	3
506	256	3
368	264	3
183	172	3
473	172	3
375	74	3
231	172	3
137	167	3
168	172	3
137	108	3
552	272	3
137	302	3
332	172	3
55	503	3
402	536	3
558	503	3
552	544	3
478	397	3
452	172	3
462	503	3
552	261	3
503	551	3
552	481	3
139	149	3
137	427	3
536	234	3
499	373	3
375	315	3
137	23	3
402	86	3
478	82	3
231	503	3
552	195	3
137	442	3
503	76	3
553	552	3
176	485	3
375	39	3
360	503	3
552	251	3
369	472	3
119	500	3
462	556	3
552	338	3
503	101	3
503	128	3
506	373	3
46	397	3
137	107	3
552	20	3
96	264	3
552	135	3
435	466	3
399	506	3
503	266	3
137	129	3
435	133	3
552	337	3
503	471	3
139	516	3
503	118	3
556	296	3
503	481	3
137	569	3
435	173	3
110	503	3
212	393	3
137	110	3
137	345	3
168	137	3
139	58	3
552	567	3
150	172	3
291	536	3
503	535	3
503	345	3
27	435	3
240	172	3
536	569	3
435	109	3
506	133	3
506	177	3
447	536	3
414	506	3
556	368	3
552	484	3
271	172	3
552	98	3
506	348	3
552	532	3
552	548	3
549	503	3
536	180	3
137	150	3
491	172	3
140	536	3
369	172	3
137	205	3
435	102	3
56	137	3
386	172	3
435	391	3
552	522	3
478	173	3
503	500	3
435	215	3
506	78	3
393	559	3
139	446	3
272	172	3
291	503	3
46	431	3
506	117	3
125	536	3
260	506	3
262	76	3
506	77	3
552	85	3
127	172	3
135	397	3
552	71	3
2	478	3
176	154	3
18	506	3
137	121	3
506	345	3
137	423	3
449	172	3
225	172	3
285	172	3
506	183	3
137	287	3
472	213	3
176	503	3
490	503	3
401	172	3
20	435	3
274	262	3
509	172	3
503	179	3
137	147	3
552	496	3
552	181	3
59	506	3
552	287	3
506	66	3
506	416	3
472	536	3
139	373	3
225	503	3
486	552	3
196	172	3
368	506	3
139	2	3
515	503	3
515	139	3
503	9	3
503	517	3
435	442	3
516	503	3
312	506	3
255	435	3
552	246	3
55	506	3
309	172	3
556	511	3
552	291	3
435	299	3
198	536	3
506	535	3
400	137	3
56	38	3
395	152	3
375	198	3
46	506	3
435	262	3
155	435	3
44	172	3
552	341	3
553	506	3
213	262	3
173	500	3
552	127	3
190	536	3
506	457	3
503	177	3
452	536	3
552	460	3
137	38	3
435	185	3
94	393	3
274	199	3
552	569	3
552	541	3
6	503	3
143	172	3
2	297	3
552	68	3
216	506	3
505	139	3
435	212	3
137	18	3
562	503	3
139	145	3
46	38	3
506	305	3
131	213	3
137	207	3
506	234	3
435	311	3
503	349	3
55	536	3
552	201	3
503	434	3
552	173	3
156	506	3
552	50	3
552	344	3
506	514	3
123	503	3
552	63	3
292	403	3
506	239	3
251	172	3
77	172	3
291	172	3
30	172	3
506	128	3
369	139	3
206	506	3
552	358	3
137	498	3
504	264	3
96	139	3
369	506	3
435	67	3
488	172	3
264	267	3
271	552	3
328	506	3
127	42	3
503	58	3
506	479	3
503	294	3
506	554	3
393	135	3
552	462	3
431	536	3
552	474	3
369	131	3
449	503	3
410	503	3
431	262	3
552	12	3
352	395	3
451	128	3
503	482	3
506	287	3
552	392	3
137	350	3
505	172	3
503	293	3
131	355	3
280	172	3
494	172	3
137	382	3
69	172	3
156	503	3
395	157	3
205	503	3
228	435	3
555	172	3
503	567	3
506	503	3
506	370	3
274	178	3
123	425	3
375	63	3
114	506	3
439	503	3
506	283	3
506	261	3
53	536	3
274	297	3
137	54	3
157	137	3
458	38	3
506	67	3
506	179	3
536	344	3
503	159	3
137	417	3
395	135	3
137	77	3
432	393	3
506	299	3
439	234	3
137	295	3
336	536	3
506	427	3
18	172	3
506	9	3
435	264	3
168	503	3
137	548	3
431	199	3
137	513	3
431	135	3
144	172	3
552	495	3
375	171	3
24	503	3
37	393	3
393	30	3
137	401	3
105	297	3
506	555	3
506	226	3
139	386	3
137	146	3
271	137	3
435	351	3
497	506	3
419	506	3
9	172	3
217	506	3
552	144	3
25	503	3
552	76	3
473	256	3
506	332	3
506	280	3
56	397	3
506	397	3
102	172	3
552	500	3
143	536	3
352	552	3
435	150	3
227	172	3
506	451	3
457	172	3
536	154	3
552	10	3
146	172	3
61	503	3
137	501	3
552	121	3
552	42	3
137	247	3
253	552	3
435	565	3
435	108	3
500	397	3
552	555	3
435	498	3
57	393	3
435	566	3
552	150	3
375	566	3
376	536	3
536	299	3
393	267	3
552	145	3
272	503	3
466	172	3
506	101	3
506	440	3
137	515	3
416	172	3
43	247	3
375	137	3
552	168	3
451	298	3
506	266	3
74	503	3
139	545	3
95	536	3
552	366	3
506	393	3
202	172	3
213	135	3
541	172	3
137	228	3
382	172	3
96	536	3
400	172	3
353	172	3
137	409	3
137	320	3
137	196	3
393	294	3
447	172	3
552	231	3
375	565	3
556	114	3
552	159	3
503	452	3
393	209	3
146	264	3
53	297	3
528	137	3
23	503	3
410	172	3
473	196	3
503	16	3
416	536	3
137	551	3
552	511	3
139	393	3
213	178	3
108	536	3
322	315	3
503	64	3
563	172	3
330	503	3
503	564	3
355	178	3
110	506	3
556	503	3
139	506	3
53	172	3
435	555	3
503	182	3
558	536	3
94	172	3
506	466	3
505	536	3
503	195	3
550	536	3
370	172	3
497	536	3
137	499	3
137	465	3
360	172	3
552	499	3
393	138	3
506	487	3
556	117	3
139	559	3
182	172	3
552	299	3
552	396	3
521	506	3
435	564	3
460	503	3
168	506	3
503	213	3
559	172	3
556	494	3
139	478	3
552	262	3
409	264	3
356	213	3
435	213	3
271	435	3
423	172	3
552	130	3
552	350	3
154	172	3
552	138	3
556	496	3
503	445	3
558	172	3
347	536	3
183	500	3
137	335	3
137	274	3
117	503	3
424	393	3
38	199	3
101	172	3
375	564	3
12	503	3
552	53	3
80	552	3
337	506	3
144	274	3
71	172	3
536	79	3
202	298	3
552	137	3
137	76	3
155	172	3
503	565	3
552	139	3
503	153	3
520	262	3
536	559	3
413	552	3
506	438	3
137	58	3
503	548	3
528	172	3
501	172	3
337	503	3
356	355	3
552	46	3
506	551	3
131	397	3
552	457	3
212	536	3
137	111	3
552	107	3
99	172	3
217	503	3
552	2	3
419	172	3
176	76	3
499	393	3
430	536	3
552	66	3
442	172	3
552	305	3
375	312	3
486	506	3
373	159	3
506	295	3
506	213	3
497	393	3
385	196	3
320	506	3
506	566	3
206	536	3
36	503	3
466	503	3
137	170	3
435	10	3
409	503	3
435	284	3
340	503	3
460	435	3
106	503	3
137	63	3
552	179	3
506	202	3
552	64	3
506	311	3
312	56	3
474	435	3
553	139	3
481	536	3
506	106	3
506	324	3
173	264	3
137	47	3
378	506	3
385	393	3
506	507	3
119	58	3
552	357	3
137	555	3
167	503	3
506	569	3
503	246	3
33	506	3
139	262	3
455	393	3
552	473	3
552	320	3
418	435	3
506	170	3
362	172	3
123	552	3
123	158	3
552	225	3
27	506	3
128	172	3
552	365	3
137	424	3
506	201	3
228	172	3
315	172	3
437	545	3
506	225	3
503	172	3
137	487	3
506	315	3
137	355	3
503	209	3
137	99	3
108	172	3
393	545	3
506	274	3
451	536	3
137	457	3
363	172	3
552	35	3
137	378	3
137	171	3
460	341	3
503	559	3
552	422	3
556	424	3
375	160	3
137	562	3
375	393	3
375	402	3
506	296	3
552	244	3
552	214	3
119	298	3
508	172	3
375	99	3
435	548	3
395	124	3
123	506	3
552	453	3
139	227	3
506	482	3
121	172	3
552	180	3
509	552	3
137	163	3
519	355	3
36	506	3
111	503	3
503	186	3
503	267	3
503	170	3
454	137	3
139	508	3
375	262	3
357	506	3
552	175	3
552	437	3
395	441	3
478	283	3
373	503	3
410	506	3
506	107	3
519	397	3
111	506	3
552	521	3
552	194	3
503	66	3
552	416	3
330	435	3
472	355	3
552	516	3
549	536	3
552	114	3
56	431	3
419	503	3
403	172	3
506	391	3
503	149	3
137	438	3
283	422	3
179	172	3
157	172	3
552	47	3
503	108	3
273	536	3
375	129	3
503	319	3
552	243	3
137	556	3
312	503	3
66	172	3
283	500	3
320	503	3
418	172	3
506	48	3
74	506	3
338	172	3
59	172	3
369	395	3
506	316	3
506	377	3
139	291	3
67	172	3
60	503	3
521	503	3
552	34	3
505	506	3
440	536	3
139	434	3
435	316	3
55	172	3
552	215	3
503	287	3
194	172	3
375	210	3
137	173	3
137	385	3
506	222	3
137	520	3
506	508	3
178	397	3
506	64	3
506	445	3
312	172	3
552	213	3
503	127	3
137	296	3
137	419	3
137	200	3
506	452	3
20	503	3
552	566	3
139	494	3
503	146	3
503	54	3
140	506	3
68	503	3
129	172	3
435	166	3
435	120	3
435	459	3
340	435	3
69	552	3
340	506	3
552	232	3
478	358	3
514	536	3
552	60	3
536	209	3
283	100	3
43	536	3
503	393	3
425	170	3
172	349	3
435	14	3
0	38	3
552	18	3
503	508	3
506	231	3
198	264	3
506	443	3
338	536	3
414	552	3
506	76	3
503	212	3
506	246	3
552	118	3
552	353	3
506	511	3
521	393	3
137	357	3
446	393	3
519	485	3
274	172	3
172	107	3
341	172	3
401	3	3
342	536	3
552	513	3
449	536	3
469	2	3
137	517	3
201	536	3
506	148	3
506	207	3
114	503	3
143	503	3
137	522	3
137	431	3
46	172	3
137	261	3
552	554	3
410	86	3
552	48	3
418	503	3
375	562	3
435	79	3
410	435	3
154	297	3
552	302	3
368	172	3
503	507	3
497	172	3
506	285	3
137	488	3
255	503	3
503	513	3
435	445	3
226	172	3
139	100	3
465	172	3
519	274	3
536	307	3
254	172	3
63	264	3
552	565	3
451	503	3
548	172	3
213	536	3
552	196	3
552	418	3
435	145	3
85	506	3
137	451	3
413	137	3
503	501	3
167	172	3
460	506	3
369	144	3
10	104	4
561	242	4
92	297	4
76	383	4
260	248	4
460	324	4
481	177	4
373	383	4
117	231	4
191	110	4
323	29	4
248	104	4
364	274	4
357	110	4
250	372	4
252	297	4
252	223	4
561	187	4
174	195	4
233	332	4
6	399	4
269	177	4
89	53	4
201	304	4
206	534	4
294	457	4
35	177	4
561	224	4
59	511	4
507	422	4
445	115	4
139	355	4
174	308	4
213	280	4
561	407	4
191	457	4
29	491	4
83	404	4
460	383	4
516	500	4
245	433	4
233	202	4
505	274	4
521	505	4
248	433	4
414	304	4
293	445	4
139	457	4
380	83	4
369	362	4
458	323	4
274	100	4
89	267	4
561	68	4
35	73	4
267	195	4
35	178	4
345	100	4
454	92	4
435	29	4
406	195	4
460	500	4
245	427	4
561	164	4
220	500	4
269	303	4
248	201	4
323	383	4
175	494	4
29	220	4
561	248	4
324	397	4
6	209	4
245	293	4
563	280	4
245	145	4
125	402	4
435	324	4
460	505	4
269	73	4
252	288	4
406	29	4
272	184	4
245	297	4
369	418	4
520	195	4
502	178	4
454	245	4
325	83	4
175	184	4
175	445	4
132	209	4
73	78	4
561	270	4
53	393	4
252	391	4
490	173	4
59	501	4
89	516	4
520	227	4
521	115	4
117	211	4
191	241	4
198	500	4
521	324	4
293	220	4
185	457	4
505	397	4
526	304	4
175	274	4
252	433	4
427	184	4
184	316	4
245	223	4
502	231	4
380	218	4
46	360	4
125	53	4
399	293	4
396	154	4
96	308	4
485	234	4
29	445	4
103	397	4
435	308	4
10	223	4
96	29	4
325	117	4
117	303	4
561	88	4
139	53	4
0	76	4
342	29	4
92	29	4
248	288	4
505	405	4
435	293	4
505	76	4
248	190	4
267	115	4
224	73	4
357	405	4
308	494	4
184	433	4
89	521	4
92	223	4
494	383	4
0	491	4
184	288	4
458	360	4
292	92	4
92	201	4
132	66	4
220	484	4
374	5	4
250	110	4
520	234	4
66	372	4
375	175	4
27	59	4
96	505	4
502	380	4
83	303	4
561	509	4
373	324	4
119	233	4
481	404	4
357	529	4
206	450	4
505	220	4
375	115	4
543	219	4
74	308	4
139	485	4
213	393	4
221	372	4
117	73	4
506	115	4
139	73	4
76	234	4
154	383	4
268	376	4
73	450	4
92	214	4
260	144	4
324	267	4
519	457	4
561	80	4
486	10	4
269	404	4
171	188	4
402	29	4
0	360	4
274	115	4
38	234	4
59	102	4
486	220	4
521	383	4
184	484	4
324	76	4
248	324	4
520	308	4
567	422	4
231	543	4
38	393	4
191	529	4
111	220	4
292	245	4
561	389	4
92	500	4
292	10	4
458	494	4
375	308	4
29	405	4
218	219	4
484	304	4
213	29	4
561	137	4
236	304	4
502	404	4
435	383	4
399	115	4
478	520	4
561	26	4
252	215	4
193	99	4
191	456	4
220	195	4
59	108	4
252	427	4
184	526	4
250	375	4
245	214	4
10	391	4
10	181	4
131	360	4
561	277	4
458	435	4
166	457	4
458	184	4
184	383	4
393	73	4
375	195	4
174	383	4
89	174	4
565	100	4
6	504	4
145	376	4
505	494	4
276	231	4
460	175	4
218	303	4
364	213	4
110	59	4
66	178	4
245	236	4
472	360	4
92	433	4
220	433	4
74	500	4
374	372	4
427	220	4
50	59	4
141	380	4
520	396	4
174	115	4
325	35	4
201	220	4
369	19	4
245	484	4
169	23	4
453	457	4
92	324	4
89	76	4
35	211	4
59	14	4
445	500	4
406	500	4
458	92	4
96	227	4
245	115	4
458	445	4
220	115	4
437	73	4
65	304	4
444	206	4
53	396	4
59	188	4
175	74	4
543	211	4
254	188	4
221	303	4
505	267	4
342	293	4
198	227	4
245	316	4
141	372	4
486	376	4
431	195	4
6	16	4
29	198	4
220	316	4
84	227	4
490	302	4
397	195	4
198	383	4
89	406	4
53	308	4
561	144	4
374	258	4
269	178	4
218	178	4
360	500	4
561	356	4
402	324	4
272	376	4
6	198	4
89	96	4
252	201	4
323	293	4
184	391	4
373	308	4
92	145	4
561	216	4
352	561	4
323	324	4
35	380	4
324	198	4
76	195	4
460	293	4
184	195	4
169	369	4
27	100	4
561	44	4
304	297	4
245	201	4
260	220	4
220	288	4
395	274	4
236	220	4
274	393	4
103	53	4
563	100	4
191	258	4
395	38	4
190	184	4
173	280	4
561	568	4
248	214	4
304	67	4
380	543	4
10	433	4
324	162	4
458	76	4
248	383	4
92	156	4
260	10	4
405	115	4
132	368	4
472	76	4
342	383	4
424	324	4
64	188	4
59	109	4
369	522	4
29	162	4
383	162	4
89	162	4
175	435	4
248	195	4
39	59	4
274	280	4
375	383	4
221	404	4
486	245	4
357	258	4
32	356	4
218	231	4
445	374	4
248	29	4
322	59	4
376	391	4
154	195	4
245	305	4
184	65	4
276	178	4
92	236	4
293	154	4
490	563	4
252	104	4
132	409	4
561	408	4
309	457	4
191	372	4
132	84	4
89	245	4
83	178	4
479	100	4
521	29	4
226	457	4
376	433	4
561	300	4
505	162	4
561	534	4
561	238	4
125	397	4
565	280	4
92	104	4
92	308	4
516	115	4
505	399	4
308	220	4
506	383	4
233	451	4
395	53	4
139	397	4
35	219	4
59	440	4
175	373	4
32	131	4
485	227	4
368	6	4
543	73	4
184	15	4
248	484	4
245	526	4
520	293	4
376	427	4
402	195	4
435	500	4
117	404	4
109	422	4
414	220	4
435	195	4
262	73	4
561	124	4
460	233	4
175	76	4
220	181	4
504	227	4
6	267	4
370	188	4
323	115	4
502	303	4
89	198	4
73	234	4
308	162	4
458	53	4
206	150	4
89	460	4
83	73	4
221	380	4
431	308	4
293	198	4
393	76	4
325	481	4
507	100	4
252	305	4
131	236	4
103	38	4
46	76	4
206	135	4
399	308	4
486	252	4
220	214	4
53	500	4
236	10	4
395	402	4
435	115	4
293	267	4
191	161	4
458	424	4
141	231	4
458	399	4
115	162	4
89	213	4
91	345	4
486	304	4
413	472	4
139	76	4
479	422	4
454	248	4
83	372	4
91	479	4
490	567	4
164	457	4
236	248	4
561	296	4
10	526	4
213	234	4
364	173	4
373	29	4
237	457	4
269	219	4
175	402	4
490	397	4
561	160	4
460	357	4
376	223	4
505	435	4
458	460	4
89	520	4
454	220	4
502	325	4
163	457	4
96	324	4
201	10	4
437	457	4
293	494	4
111	376	4
252	65	4
413	43	4
375	29	4
59	264	4
156	248	4
245	181	4
89	494	4
206	68	4
96	195	4
156	184	4
173	227	4
292	220	4
10	484	4
112	457	4
532	206	4
561	157	4
520	324	4
221	211	4
53	293	4
520	500	4
218	404	4
521	500	4
355	396	4
184	214	4
132	447	4
250	494	4
245	138	4
376	297	4
222	188	4
356	360	4
213	422	4
245	215	4
111	252	4
245	65	4
175	431	4
145	10	4
175	520	4
502	132	4
132	277	4
561	240	4
125	355	4
10	288	4
184	138	4
91	507	4
10	215	4
0	520	4
89	373	4
454	376	4
250	258	4
32	245	4
274	29	4
458	174	4
190	10	4
96	175	4
357	372	4
376	526	4
357	457	4
472	485	4
402	227	4
458	491	4
305	304	4
150	73	4
292	304	4
342	308	4
478	154	4
369	182	4
252	214	4
174	457	4
431	293	4
184	181	4
111	248	4
460	308	4
204	457	4
146	227	4
491	115	4
206	296	4
132	388	4
89	506	4
276	73	4
35	372	4
156	304	4
478	53	4
190	304	4
248	115	4
92	195	4
92	391	4
481	219	4
53	115	4
478	76	4
29	76	4
250	405	4
500	494	4
527	227	4
218	372	4
460	374	4
521	308	4
252	526	4
224	457	4
424	383	4
500	154	4
132	504	4
395	431	4
191	494	4
491	500	4
395	485	4
38	422	4
206	282	4
260	92	4
561	220	4
43	491	4
272	220	4
269	231	4
248	65	4
357	161	4
252	15	4
324	405	4
29	494	4
427	304	4
125	485	4
145	220	4
59	160	4
46	520	4
409	227	4
0	53	4
414	248	4
364	565	4
213	115	4
218	211	4
103	274	4
293	491	4
380	66	4
6	146	4
132	560	4
248	500	4
59	523	4
175	174	4
505	431	4
395	213	4
308	267	4
293	162	4
241	374	4
89	435	4
173	100	4
272	252	4
490	213	4
505	491	4
431	324	4
373	115	4
248	297	4
316	304	4
91	335	4
177	66	4
292	376	4
231	481	4
395	355	4
63	227	4
268	10	4
74	59	4
163	73	4
486	92	4
248	293	4
236	184	4
413	46	4
304	181	4
141	404	4
74	383	4
274	308	4
505	406	4
502	177	4
103	76	4
561	560	4
458	406	4
221	73	4
325	276	4
6	431	4
364	397	4
282	457	4
481	303	4
59	336	4
248	215	4
324	445	4
89	397	4
276	404	4
92	15	4
38	280	4
12	59	4
6	63	4
490	167	4
91	14	4
396	76	4
276	219	4
175	198	4
269	372	4
505	373	4
220	15	4
260	245	4
156	220	4
33	6	4
494	115	4
139	431	4
96	383	4
245	391	4
184	500	4
145	252	4
561	306	4
491	383	4
96	6	4
561	402	4
250	529	4
248	223	4
402	396	4
35	231	4
206	229	4
280	397	4
98	3	4
478	491	4
174	324	4
117	178	4
494	195	4
324	220	4
543	404	4
375	293	4
505	323	4
268	220	4
82	186	4
520	115	4
458	245	4
308	405	4
380	269	4
272	248	4
342	175	4
308	76	4
89	424	4
446	457	4
252	181	4
59	471	4
266	188	4
393	457	4
91	109	4
89	248	4
89	491	4
357	456	4
248	427	4
528	357	4
435	247	4
400	490	4
374	494	4
135	457	4
139	154	4
364	567	4
324	494	4
173	422	4
66	404	4
80	206	4
174	500	4
561	152	4
84	6	4
274	234	4
236	144	4
248	138	4
139	213	4
19	73	4
561	245	4
175	405	4
364	563	4
92	505	4
66	219	4
66	303	4
248	391	4
175	267	4
213	293	4
376	190	4
561	92	4
78	457	4
458	267	4
520	29	4
414	252	4
561	510	4
206	127	4
248	308	4
54	188	4
195	162	4
458	402	4
325	543	4
293	76	4
424	29	4
245	308	4
206	437	4
220	383	4
248	316	4
368	227	4
561	323	4
567	100	4
92	175	4
399	383	4
245	500	4
395	397	4
460	115	4
92	65	4
161	374	4
561	463	4
220	223	4
561	304	4
139	38	4
193	196	4
456	374	4
505	402	4
374	529	4
245	175	4
206	44	4
413	0	4
414	376	4
38	227	4
59	442	4
431	383	4
521	293	4
325	218	4
184	223	4
21	59	4
27	422	4
233	256	4
402	115	4
393	374	4
375	500	4
379	206	4
373	195	4
6	373	4
213	324	4
561	343	4
250	120	4
561	388	4
218	177	4
274	396	4
565	422	4
416	188	4
29	397	4
175	154	4
6	173	4
191	528	4
29	267	4
292	248	4
92	215	4
92	427	4
458	162	4
561	186	4
431	227	4
156	376	4
290	59	4
355	393	4
262	457	4
472	520	4
268	245	4
274	293	4
323	308	4
10	316	4
521	195	4
92	268	4
487	188	4
260	252	4
33	227	4
410	491	4
505	174	4
245	324	4
74	115	4
293	397	4
117	380	4
274	195	4
96	293	4
561	436	4
424	195	4
92	293	4
376	15	4
505	198	4
184	215	4
424	308	4
19	457	4
156	10	4
458	375	4
245	195	4
89	274	4
567	280	4
376	201	4
32	184	4
245	104	4
393	397	4
260	304	4
376	214	4
233	99	4
32	248	4
89	399	4
141	177	4
561	112	4
528	374	4
175	220	4
304	433	4
184	308	4
272	304	4
431	234	4
276	211	4
245	111	4
248	526	4
402	308	4
531	206	4
422	335	4
276	177	4
175	399	4
399	500	4
502	211	4
89	184	4
304	223	4
369	417	4
413	478	4
83	177	4
364	38	4
14	422	4
91	108	4
325	221	4
92	305	4
150	457	4
406	115	4
561	539	4
324	154	4
500	405	4
59	298	4
213	195	4
402	293	4
74	29	4
49	59	4
458	220	4
46	485	4
375	324	4
46	154	4
103	520	4
376	104	4
561	330	4
422	397	4
561	143	4
83	211	4
111	10	4
561	439	4
309	73	4
478	485	4
143	457	4
485	396	4
376	181	4
276	372	4
184	297	4
362	457	4
92	383	4
27	91	4
376	484	4
267	383	4
264	374	4
561	379	4
132	107	4
16	227	4
460	195	4
250	161	4
191	460	4
505	53	4
458	198	4
342	195	4
304	391	4
291	227	4
502	372	4
193	451	4
505	213	4
89	74	4
402	393	4
92	190	4
308	491	4
89	445	4
141	303	4
89	154	4
424	500	4
139	274	4
458	342	4
125	520	4
458	521	4
60	457	4
325	269	4
431	393	4
454	10	4
59	117	4
220	65	4
396	397	4
282	73	4
145	184	4
276	380	4
561	179	4
373	227	4
184	293	4
103	431	4
414	245	4
141	73	4
369	163	4
0	485	4
397	115	4
10	214	4
213	383	4
132	408	4
108	422	4
486	184	4
198	195	4
325	141	4
139	402	4
533	206	4
190	220	4
0	154	4
458	520	4
125	213	4
184	115	4
304	215	4
445	383	4
530	206	4
304	15	4
250	241	4
472	53	4
486	248	4
406	308	4
453	73	4
272	10	4
184	305	4
421	457	4
458	96	4
406	293	4
506	500	4
521	175	4
191	120	4
561	151	4
355	234	4
561	239	4
250	456	4
490	565	4
403	186	4
424	115	4
505	154	4
356	236	4
59	120	4
76	115	4
6	409	4
67	188	4
175	397	4
500	267	4
103	402	4
175	162	4
6	149	4
561	21	4
561	127	4
357	241	4
250	460	4
220	104	4
543	178	4
145	248	4
226	73	4
463	457	4
324	491	4
35	404	4
505	520	4
125	274	4
145	304	4
345	422	4
458	154	4
174	29	4
472	491	4
561	4	4
293	405	4
272	245	4
117	177	4
198	115	4
322	206	4
288	304	4
92	111	4
406	383	4
119	59	4
111	59	4
125	154	4
395	520	4
460	29	4
245	156	4
369	309	4
305	220	4
74	324	4
135	73	4
393	485	4
362	73	4
89	431	4
103	355	4
92	181	4
38	100	4
519	73	4
213	396	4
505	445	4
268	248	4
35	303	4
10	297	4
92	526	4
103	154	4
217	188	4
260	131	4
175	323	4
481	178	4
29	154	4
89	323	4
213	100	4
140	206	4
274	383	4
220	297	4
66	211	4
103	213	4
304	214	4
395	76	4
221	231	4
245	15	4
274	422	4
399	324	4
500	162	4
149	227	4
397	383	4
561	508	4
46	53	4
76	500	4
38	396	4
151	82	4
141	178	4
561	148	4
89	405	4
414	92	4
561	174	4
342	500	4
221	219	4
151	403	4
520	383	4
204	73	4
360	144	4
245	288	4
543	303	4
92	484	4
393	154	4
92	115	4
191	74	4
252	484	4
323	195	4
260	184	4
252	190	4
373	293	4
6	291	4
233	196	4
248	15	4
308	198	4
490	38	4
414	184	4
454	304	4
184	29	4
184	104	4
561	42	4
376	288	4
269	211	4
414	10	4
274	324	4
2	293	4
563	422	4
342	115	4
108	100	4
96	115	4
410	413	4
543	372	4
325	66	4
177	543	4
360	178	4
446	73	4
156	59	4
201	184	4
66	73	4
96	500	4
117	219	4
454	184	4
227	209	4
458	373	4
220	215	4
378	59	4
406	324	4
156	252	4
308	397	4
323	500	4
561	131	4
399	227	4
308	154	4
10	15	4
175	248	4
431	115	4
184	324	4
231	66	4
46	491	4
458	248	4
141	211	4
250	528	4
561	376	4
220	391	4
174	293	4
89	92	4
380	481	4
252	316	4
369	226	4
272	92	4
154	234	4
516	383	4
83	219	4
250	74	4
427	10	4
109	100	4
236	252	4
245	190	4
191	405	4
221	178	4
111	304	4
250	445	4
402	500	4
376	65	4
53	383	4
399	195	4
292	184	4
89	220	4
220	526	4
402	234	4
103	485	4
268	184	4
402	383	4
399	29	4
89	375	4
561	467	4
92	288	4
245	29	4
450	457	4
454	252	4
100	397	4
376	215	4
490	274	4
191	445	4
376	305	4
92	316	4
369	180	4
53	195	4
405	383	4
260	356	4
292	252	4
268	252	4
32	144	4
175	213	4
59	67	4
268	304	4
502	219	4
395	154	4
175	53	4
502	73	4
491	195	4
218	73	4
154	115	4
53	324	4
231	83	4
132	146	4
175	491	4
10	65	4
221	177	4
561	252	4
245	383	4
175	406	4
397	234	4
561	441	4
248	181	4
249	59	4
213	308	4
276	303	4
490	377	4
472	154	4
74	293	4
125	38	4
53	234	4
125	431	4
52	457	4
561	294	4
561	10	4
89	342	4
122	11	4
132	16	4
431	396	4
111	184	4
342	324	4
10	305	4
481	211	4
59	311	4
125	76	4
445	195	4
304	104	4
89	402	4
431	29	4
248	305	4
120	374	4
267	227	4
337	59	4
308	445	4
53	29	4
332	405	5
254	450	5
106	416	5
272	396	5
112	332	5
266	180	5
378	106	5
112	171	5
106	258	5
311	247	5
112	222	5
143	106	5
182	266	5
522	67	5
254	204	5
272	332	5
437	113	5
254	161	5
222	77	5
247	197	5
75	415	5
31	247	5
247	417	5
161	77	5
106	54	5
74	75	5
139	113	5
75	465	5
91	247	5
247	161	5
405	113	5
249	405	5
126	247	5
59	247	5
367	113	5
75	120	5
446	405	5
14	136	5
75	64	5
75	222	5
254	374	5
112	182	5
132	113	5
446	136	5
395	136	5
52	405	5
254	423	5
266	285	5
106	136	5
171	247	5
75	113	5
266	529	5
150	266	5
75	150	5
112	150	5
136	423	5
309	266	5
75	52	5
75	405	5
366	247	5
483	77	5
336	75	5
166	405	5
272	370	5
112	338	5
106	362	5
120	136	5
249	75	5
254	487	5
339	136	5
200	77	5
307	405	5
106	423	5
415	77	5
450	77	5
266	367	5
249	136	5
263	405	5
307	77	5
106	285	5
309	75	5
64	77	5
71	77	5
163	136	5
126	113	5
272	14	5
75	67	5
247	299	5
112	19	5
106	259	5
529	77	5
228	113	5
346	405	5
272	542	5
247	259	5
217	226	5
136	135	5
470	405	5
112	78	5
255	136	5
200	136	5
136	234	5
272	48	5
247	64	5
272	282	5
112	139	5
85	136	5
102	405	5
250	247	5
470	272	5
106	101	5
418	254	5
74	405	5
338	405	5
228	247	5
366	75	5
49	113	5
460	272	5
272	106	5
31	113	5
91	113	5
311	75	5
112	416	5
336	106	5
522	77	5
52	266	5
254	120	5
228	106	5
112	203	5
75	450	5
241	113	5
254	339	5
487	405	5
106	241	5
247	78	5
67	405	5
19	113	5
483	136	5
136	113	5
320	106	5
87	405	5
74	247	5
112	200	5
54	113	5
143	75	5
75	135	5
254	346	5
146	266	5
395	112	5
106	77	5
272	299	5
85	113	5
75	443	5
110	266	5
222	405	5
126	106	5
266	113	5
254	262	5
106	64	5
460	75	5
112	85	5
136	370	5
75	529	5
254	249	5
320	77	5
285	77	5
112	110	5
542	405	5
112	529	5
75	241	5
272	171	5
254	366	5
266	54	5
465	113	5
241	405	5
254	49	5
375	112	5
521	77	5
405	299	5
542	75	5
272	367	5
247	266	5
247	120	5
272	415	5
75	266	5
254	416	5
522	266	5
336	266	5
470	77	5
31	136	5
87	247	5
339	247	5
254	465	5
247	396	5
418	266	5
222	113	5
272	241	5
112	370	5
106	483	5
272	378	5
405	234	5
106	294	5
362	77	5
362	405	5
75	416	5
374	405	5
112	126	5
254	113	5
217	272	5
139	136	5
112	135	5
311	405	5
272	465	5
542	106	5
163	106	5
266	19	5
110	113	5
112	101	5
272	339	5
272	338	5
266	64	5
204	136	5
266	135	5
143	247	5
75	180	5
52	136	5
71	266	5
126	266	5
166	136	5
247	405	5
106	445	5
254	85	5
67	180	5
415	136	5
136	494	5
182	113	5
106	113	5
112	282	5
266	78	5
112	102	5
254	282	5
106	78	5
61	75	5
106	203	5
272	336	5
266	307	5
272	446	5
258	77	5
313	254	5
112	91	5
470	247	5
362	247	5
71	136	5
106	487	5
139	106	5
112	197	5
112	136	5
417	113	5
112	366	5
272	135	5
255	77	5
106	299	5
254	52	5
71	247	5
418	67	5
254	67	5
254	405	5
417	77	5
254	294	5
254	197	5
112	49	5
106	116	5
254	311	5
366	405	5
19	405	5
247	285	5
367	405	5
203	405	5
375	113	5
460	254	5
254	106	5
132	405	5
272	249	5
136	487	5
106	417	5
483	266	5
262	266	5
112	367	5
85	405	5
106	135	5
75	204	5
77	113	5
61	112	5
55	75	5
542	136	5
112	346	5
112	307	5
374	77	5
120	266	5
136	258	5
266	101	5
437	77	5
61	77	5
166	106	5
254	483	5
217	254	5
336	247	5
254	226	5
332	106	5
217	113	5
85	106	5
112	311	5
309	405	5
378	113	5
112	423	5
346	113	5
228	405	5
136	445	5
75	285	5
254	269	5
55	266	5
266	258	5
55	136	5
521	112	5
487	113	5
309	136	5
136	299	5
31	405	5
437	266	5
217	247	5
101	113	5
339	266	5
106	52	5
375	272	5
272	166	5
112	14	5
272	445	5
395	75	5
55	247	5
217	266	5
418	247	5
136	374	5
75	396	5
460	112	5
247	415	5
521	254	5
200	405	5
396	457	5
71	106	5
126	405	5
470	106	5
75	374	5
272	487	5
470	113	5
247	416	5
460	77	5
272	136	5
106	494	5
415	266	5
269	77	5
14	266	5
61	247	5
272	234	5
395	77	5
136	405	5
272	405	5
163	266	5
417	266	5
254	285	5
110	106	5
247	203	5
375	77	5
446	77	5
254	222	5
136	367	5
247	294	5
470	266	5
418	77	5
217	106	5
150	77	5
146	405	5
522	405	5
254	247	5
75	234	5
106	67	5
416	77	5
203	77	5
311	266	5
204	266	5
362	266	5
294	266	5
139	247	5
437	405	5
294	136	5
254	336	5
59	266	5
106	87	5
59	75	5
112	48	5
470	112	5
366	77	5
465	77	5
132	77	5
294	405	5
266	494	5
393	136	5
75	31	5
418	136	5
272	313	5
460	106	5
247	494	5
272	262	5
370	113	5
228	266	5
272	91	5
416	136	5
204	113	5
254	367	5
132	112	5
423	405	5
217	112	5
272	71	5
521	136	5
254	299	5
85	266	5
247	102	5
529	405	5
171	405	5
91	77	5
338	77	5
254	437	5
49	136	5
460	247	5
49	75	5
375	136	5
112	55	5
101	77	5
91	136	5
366	106	5
309	67	5
143	113	5
272	366	5
247	374	5
247	370	5
346	136	5
443	136	5
396	405	5
114	77	5
378	77	5
272	143	5
272	294	5
362	136	5
437	136	5
136	19	5
247	258	5
75	19	5
48	77	5
272	49	5
393	77	5
443	405	5
285	405	5
254	362	5
346	77	5
395	457	5
106	150	5
272	258	5
254	320	5
266	374	5
470	136	5
263	136	5
112	465	5
255	266	5
226	113	5
139	77	5
226	106	5
75	417	5
378	75	5
266	370	5
272	126	5
272	139	5
542	77	5
112	234	5
367	77	5
150	113	5
272	374	5
112	418	5
49	405	5
75	522	5
282	113	5
228	136	5
320	266	5
112	254	5
106	180	5
247	241	5
272	226	5
272	483	5
254	443	5
405	77	5
266	299	5
272	522	5
106	266	5
254	150	5
443	77	5
143	136	5
132	75	5
247	146	5
136	259	5
254	446	5
254	163	5
132	272	5
77	54	5
234	113	5
313	405	5
395	405	5
114	247	5
59	136	5
48	405	5
171	75	5
114	106	5
106	197	5
521	75	5
116	136	5
332	136	5
254	146	5
254	116	5
313	75	5
259	77	5
112	258	5
254	396	5
112	249	5
320	136	5
136	307	5
112	339	5
166	247	5
126	77	5
87	136	5
254	139	5
226	136	5
75	87	5
375	75	5
393	113	5
282	405	5
143	405	5
254	78	5
112	180	5
254	393	5
71	405	5
75	203	5
393	405	5
254	48	5
106	338	5
55	77	5
197	113	5
311	77	5
272	113	5
272	54	5
171	106	5
254	71	5
415	405	5
75	263	5
75	247	5
272	75	5
266	487	5
254	378	5
75	116	5
423	77	5
75	393	5
272	31	5
247	150	5
395	247	5
266	234	5
75	78	5
85	247	5
136	67	5
395	113	5
48	113	5
249	247	5
418	106	5
19	77	5
112	166	5
254	522	5
136	78	5
49	247	5
272	263	5
362	67	5
521	113	5
241	77	5
254	241	5
258	405	5
228	254	5
311	136	5
254	64	5
247	487	5
393	266	5
266	136	5
197	77	5
272	101	5
346	247	5
254	255	5
163	405	5
110	77	5
75	446	5
307	113	5
249	106	5
135	77	5
346	75	5
313	136	5
71	113	5
269	75	5
61	405	5
336	405	5
272	311	5
405	450	5
262	113	5
266	67	5
112	336	5
332	266	5
114	136	5
106	443	5
116	405	5
132	136	5
171	113	5
247	135	5
282	77	5
460	266	5
75	161	5
74	77	5
146	113	5
272	120	5
75	494	5
75	106	5
200	75	5
112	114	5
542	247	5
254	171	5
272	450	5
272	203	5
247	450	5
136	203	5
375	405	5
272	416	5
139	75	5
254	14	5
247	48	5
61	113	5
161	266	5
59	77	5
269	113	5
222	266	5
139	405	5
346	266	5
396	266	5
112	378	5
75	258	5
106	263	5
75	282	5
272	19	5
112	487	5
75	487	5
136	180	5
112	255	5
262	77	5
311	113	5
494	77	5
266	203	5
272	114	5
75	362	5
75	54	5
416	266	5
272	418	5
254	182	5
395	106	5
272	417	5
272	163	5
139	266	5
247	54	5
254	259	5
74	136	5
55	106	5
112	483	5
112	163	5
272	521	5
241	266	5
106	222	5
106	415	5
112	443	5
395	266	5
294	113	5
120	113	5
263	266	5
87	113	5
126	136	5
309	77	5
171	77	5
204	77	5
483	113	5
272	67	5
272	200	5
75	294	5
55	254	5
101	405	5
320	405	5
254	263	5
272	78	5
74	106	5
247	522	5
396	77	5
106	307	5
460	136	5
112	446	5
247	67	5
247	481	5
247	77	5
110	247	5
247	182	5
116	247	5
249	77	5
110	136	5
247	52	5
112	299	5
522	113	5
112	269	5
254	529	5
226	247	5
200	266	5
272	285	5
521	247	5
234	77	5
254	307	5
272	55	5
254	75	5
254	91	5
445	113	5
112	285	5
106	234	5
71	75	5
143	266	5
254	110	5
75	259	5
112	417	5
75	445	5
75	77	5
110	405	5
254	203	5
112	320	5
309	247	5
272	116	5
272	77	5
116	266	5
254	143	5
247	338	5
112	393	5
417	136	5
136	450	5
247	222	5
112	494	5
31	266	5
272	393	5
116	113	5
272	197	5
114	113	5
254	135	5
75	338	5
269	136	5
247	437	5
445	77	5
487	77	5
106	396	5
254	31	5
171	136	5
320	75	5
67	113	5
254	180	5
272	269	5
378	266	5
272	255	5
521	106	5
150	405	5
522	136	5
254	101	5
163	77	5
405	54	5
465	405	5
110	75	5
395	272	5
136	197	5
262	405	5
272	64	5
171	266	5
272	112	5
112	445	5
247	263	5
254	309	5
272	161	5
247	113	5
272	180	5
106	120	5
395	254	5
272	85	5
226	75	5
247	367	5
75	483	5
161	405	5
126	75	5
106	522	5
375	67	5
106	367	5
416	405	5
226	405	5
75	136	5
443	266	5
61	136	5
483	405	5
132	266	5
247	393	5
106	14	5
166	113	5
254	114	5
112	161	5
254	136	5
282	266	5
338	266	5
254	19	5
49	266	5
136	102	5
112	106	5
272	362	5
226	266	5
64	113	5
247	465	5
460	113	5
14	405	5
247	483	5
114	75	5
282	136	5
366	113	5
272	307	5
263	77	5
112	241	5
106	450	5
247	282	5
272	87	5
120	77	5
75	423	5
311	106	5
405	180	5
106	465	5
272	182	5
362	113	5
112	263	5
182	136	5
254	266	5
161	113	5
61	272	5
375	106	5
163	67	5
136	465	5
200	247	5
494	113	5
64	136	5
259	113	5
114	405	5
255	247	5
272	74	5
272	346	5
254	59	5
254	370	5
269	106	5
272	228	5
249	113	5
222	136	5
112	64	5
332	247	5
120	405	5
112	74	5
136	48	5
254	87	5
366	266	5
75	437	5
112	31	5
61	266	5
75	370	5
75	299	5
309	106	5
55	113	5
91	75	5
285	113	5
272	266	5
114	266	5
272	494	5
542	266	5
112	204	5
163	247	5
272	102	5
320	113	5
112	309	5
112	146	5
320	247	5
313	77	5
135	405	5
182	67	5
266	450	5
272	309	5
247	262	5
112	71	5
112	262	5
182	77	5
112	87	5
272	529	5
163	113	5
67	77	5
272	150	5
136	529	5
254	445	5
102	77	5
254	126	5
396	136	5
112	415	5
112	228	5
106	31	5
336	113	5
313	113	5
272	259	5
112	362	5
106	146	5
226	67	5
135	113	5
272	110	5
91	106	5
272	247	5
332	75	5
241	136	5
254	332	5
247	19	5
106	102	5
61	106	5
255	106	5
378	405	5
55	405	5
217	77	5
339	405	5
313	112	5
64	405	5
262	136	5
494	405	5
75	182	5
254	54	5
396	113	5
255	75	5
200	113	5
339	106	5
161	136	5
269	405	5
78	405	5
166	75	5
106	374	5
112	59	5
112	54	5
266	405	5
254	102	5
203	113	5
136	285	5
197	405	5
75	367	5
272	59	5
336	136	5
112	405	5
416	113	5
254	77	5
255	405	5
106	19	5
370	77	5
272	52	5
91	405	5
106	247	5
266	77	5
470	254	5
106	262	5
182	405	5
112	226	5
418	75	5
136	101	5
106	161	5
87	266	5
61	254	5
112	116	5
112	113	5
217	136	5
112	542	5
132	247	5
112	247	5
112	67	5
31	77	5
78	77	5
247	101	5
146	136	5
254	74	5
247	136	5
266	423	5
59	113	5
132	106	5
269	247	5
112	120	5
106	204	5
254	200	5
446	113	5
272	423	5
313	266	5
112	437	5
116	77	5
136	77	5
112	266	5
272	222	5
106	529	5
85	75	5
106	282	5
163	75	5
378	136	5
418	113	5
112	396	5
446	266	5
269	266	5
339	113	5
332	77	5
75	197	5
75	48	5
75	146	5
247	204	5
266	48	5
460	405	5
49	77	5
375	266	5
59	405	5
106	405	5
418	405	5
366	136	5
336	77	5
338	113	5
74	113	5
423	113	5
106	182	5
254	166	5
200	106	5
132	254	5
266	445	5
226	77	5
87	77	5
254	338	5
417	405	5
332	113	5
19	67	5
146	77	5
254	417	5
112	259	5
313	247	5
272	254	5
247	445	5
180	113	5
249	266	5
309	113	5
521	266	5
375	254	5
254	234	5
91	266	5
228	75	5
52	113	5
247	423	5
338	136	5
204	405	5
529	113	5
254	258	5
266	102	5
247	180	5
266	259	5
339	77	5
266	197	5
85	77	5
74	266	5
75	262	5
217	75	5
299	77	5
106	48	5
263	113	5
112	450	5
106	446	5
542	113	5
417	67	5
272	437	5
339	75	5
75	307	5
254	415	5
443	113	5
59	106	5
75	14	5
217	405	5
14	113	5
272	443	5
258	113	5
470	75	5
136	54	5
112	52	5
112	522	5
370	405	5
228	77	5
299	113	5
75	102	5
247	234	5
106	437	5
102	113	5
247	307	5
255	113	5
180	77	5
378	247	5
166	266	5
272	146	5
450	113	5
313	106	5
247	529	5
415	113	5
266	465	5
272	320	5
234	457	5
150	136	5
254	494	5
346	106	5
78	113	5
259	405	5
75	101	5
272	204	5
112	75	5
254	542	5
106	370	5
24	372	6
191	156	6
379	155	6
354	331	6
156	445	6
156	205	6
345	203	6
155	497	6
246	120	6
24	501	6
375	120	6
50	440	6
277	246	6
130	73	6
156	555	6
511	331	6
350	73	6
130	120	6
74	262	6
50	155	6
74	446	6
460	20	6
205	447	6
250	108	6
342	336	6
250	345	6
220	331	6
249	559	6
342	372	6
50	445	6
375	354	6
108	251	6
388	241	6
155	77	6
25	205	6
24	120	6
460	177	6
108	120	6
69	27	6
460	277	6
342	77	6
440	559	6
108	73	6
516	256	6
40	177	6
331	559	6
130	345	6
27	498	6
350	246	6
375	130	6
40	227	6
40	517	6
156	136	6
250	516	6
250	246	6
555	24	6
311	345	6
50	345	6
25	220	6
205	445	6
205	386	6
555	345	6
47	67	6
110	555	6
22	345	6
155	227	6
130	160	6
110	331	6
511	73	6
24	160	6
155	67	6
40	256	6
342	497	6
250	40	6
24	354	6
246	372	6
350	136	6
246	445	6
110	251	6
132	350	6
205	220	6
191	155	6
516	130	6
460	386	6
110	256	6
74	350	6
74	517	6
130	205	6
497	256	6
311	24	6
497	22	6
130	341	6
156	251	6
205	77	6
331	73	6
460	220	6
130	136	6
345	277	6
205	345	6
108	227	6
69	354	6
20	155	6
336	517	6
22	445	6
460	130	6
40	446	6
378	517	6
516	336	6
110	74	6
311	440	6
360	446	6
322	256	6
440	203	6
47	205	6
511	372	6
69	331	6
378	440	6
250	47	6
311	517	6
360	555	6
47	405	6
108	386	6
191	108	6
345	160	6
156	559	6
342	555	6
555	365	6
132	497	6
205	446	6
354	277	6
241	517	6
250	350	6
132	25	6
516	446	6
191	331	6
342	498	6
246	77	6
47	332	6
517	501	6
342	67	6
25	156	6
130	74	6
350	259	6
246	67	6
331	67	6
25	498	6
191	27	6
262	354	6
332	445	6
559	67	6
241	177	6
130	77	6
345	517	6
256	246	6
250	155	6
460	354	6
497	259	6
460	331	6
156	110	6
516	331	6
250	227	6
25	73	6
555	440	6
69	517	6
354	241	6
241	331	6
445	517	6
440	386	6
511	386	6
156	262	6
40	220	6
120	386	6
262	246	6
250	322	6
241	227	6
354	67	6
322	555	6
385	241	6
446	331	6
241	277	6
130	497	6
102	331	6
156	246	6
332	241	6
156	256	6
205	67	6
27	227	6
365	559	6
342	517	6
331	77	6
69	130	6
517	405	6
130	331	6
388	47	6
191	497	6
241	44	6
74	497	6
354	246	6
378	241	6
460	251	6
372	227	6
130	246	6
345	354	6
110	354	6
136	227	6
350	251	6
40	156	6
191	227	6
74	251	6
40	44	6
440	277	6
130	241	6
74	73	6
559	258	6
388	27	6
342	44	6
108	136	6
120	517	6
24	517	6
24	262	6
25	130	6
110	447	6
69	120	6
388	460	6
40	259	6
22	331	6
24	259	6
120	73	6
385	331	6
40	447	6
205	203	6
74	120	6
156	155	6
246	447	6
250	360	6
25	277	6
27	559	6
342	506	6
445	67	6
25	405	6
130	67	6
388	205	6
386	517	6
440	259	6
25	136	6
155	372	6
47	501	6
360	256	6
110	386	6
322	22	6
22	44	6
336	241	6
350	372	6
47	246	6
205	331	6
22	120	6
250	440	6
205	22	6
241	447	6
354	203	6
388	155	6
132	445	6
27	331	6
354	108	6
25	246	6
205	350	6
24	205	6
205	256	6
440	251	6
191	24	6
440	77	6
130	298	6
22	67	6
511	447	6
155	246	6
47	203	6
331	372	6
61	511	6
69	342	6
47	447	6
205	498	6
445	251	6
191	354	6
498	241	6
365	73	6
61	246	6
241	298	6
516	203	6
22	559	6
256	354	6
249	555	6
446	246	6
156	108	6
360	372	6
50	241	6
191	517	6
342	385	6
354	73	6
40	191	6
331	160	6
256	108	6
27	501	6
205	332	6
322	203	6
110	27	6
277	517	6
22	246	6
250	511	6
460	498	6
130	506	6
40	160	6
354	447	6
69	110	6
155	555	6
446	67	6
130	440	6
130	385	6
511	251	6
130	350	6
47	160	6
388	350	6
342	102	6
336	350	6
132	511	6
27	277	6
342	360	6
130	405	6
47	386	6
342	25	6
345	447	6
69	25	6
40	262	6
511	177	6
155	262	6
110	517	6
25	108	6
447	331	6
69	74	6
69	445	6
130	501	6
460	311	6
460	25	6
241	67	6
345	73	6
350	102	6
350	386	6
132	440	6
497	205	6
40	386	6
375	205	6
205	440	6
203	517	6
191	516	6
342	311	6
246	259	6
25	251	6
27	262	6
497	372	6
110	497	6
332	511	6
27	136	6
156	447	6
345	220	6
411	322	6
350	262	6
342	73	6
40	205	6
241	259	6
342	251	6
241	160	6
331	227	6
132	516	6
497	445	6
110	120	6
555	231	6
155	311	6
40	251	6
47	120	6
40	73	6
497	241	6
156	497	6
342	405	6
379	559	6
191	22	6
375	155	6
445	259	6
61	47	6
360	241	6
40	341	6
120	220	6
497	336	6
342	386	6
120	331	6
511	277	6
555	22	6
155	447	6
155	354	6
342	341	6
460	446	6
47	517	6
342	259	6
132	517	6
370	559	6
336	227	6
27	259	6
350	559	6
342	246	6
350	256	6
460	378	6
262	67	6
168	555	6
256	331	6
388	440	6
40	77	6
555	258	6
354	445	6
110	445	6
342	501	6
555	405	6
61	460	6
24	386	6
40	332	6
342	331	6
40	20	6
155	177	6
440	331	6
44	331	6
497	136	6
497	67	6
440	44	6
340	555	6
27	354	6
220	517	6
378	331	6
155	136	6
22	241	6
511	203	6
555	331	6
511	498	6
205	354	6
50	130	6
511	77	6
322	120	6
74	47	6
20	440	6
262	120	6
250	331	6
132	40	6
132	22	6
191	47	6
342	136	6
110	108	6
460	360	6
24	331	6
110	246	6
336	24	6
460	336	6
388	445	6
342	559	6
388	517	6
27	446	6
350	220	6
40	372	6
130	372	6
388	354	6
130	336	6
241	102	6
440	372	6
22	354	6
25	372	6
25	350	6
345	120	6
231	559	6
20	345	6
40	360	6
168	559	6
27	246	6
498	331	6
130	447	6
446	354	6
360	136	6
132	460	6
378	24	6
25	447	6
311	22	6
555	354	6
331	501	6
517	331	6
69	345	6
345	136	6
25	559	6
24	559	6
130	27	6
50	331	6
74	205	6
130	108	6
130	47	6
156	345	6
177	445	6
241	246	6
22	446	6
445	220	6
445	102	6
342	332	6
460	120	6
40	497	6
345	446	6
246	251	6
460	227	6
354	251	6
25	262	6
69	108	6
447	517	6
250	517	6
40	120	6
460	22	6
24	227	6
156	27	6
40	298	6
156	22	6
108	44	6
336	445	6
517	259	6
108	246	6
440	22	6
350	498	6
47	354	6
156	440	6
517	77	6
27	311	6
132	246	6
342	177	6
497	345	6
375	460	6
47	331	6
460	50	6
322	136	6
375	246	6
40	516	6
156	74	6
168	298	6
354	177	6
445	331	6
241	501	6
61	517	6
322	110	6
27	256	6
27	22	6
379	555	6
25	24	6
24	203	6
342	20	6
47	372	6
130	251	6
177	331	6
342	130	6
47	393	6
445	447	6
511	246	6
130	311	6
47	220	6
40	405	6
130	360	6
460	497	6
342	156	6
40	378	6
322	156	6
246	517	6
375	345	6
155	331	6
108	203	6
130	378	6
497	120	6
559	405	6
511	136	6
130	220	6
191	130	6
110	130	6
155	44	6
205	262	6
342	220	6
110	262	6
155	256	6
40	375	6
20	445	6
205	246	6
205	177	6
155	446	6
25	160	6
354	559	6
110	345	6
47	262	6
110	559	6
460	259	6
130	102	6
516	372	6
50	516	6
445	501	6
40	25	6
132	241	6
336	331	6
388	345	6
445	44	6
20	47	6
354	341	6
69	24	6
256	67	6
256	445	6
47	446	6
40	110	6
440	256	6
498	517	6
61	241	6
67	251	6
354	136	6
259	227	6
25	501	6
69	511	6
360	203	6
25	203	6
460	44	6
360	345	6
311	331	6
342	298	6
205	120	6
498	445	6
132	354	6
246	386	6
40	331	6
497	446	6
497	47	6
203	331	6
110	205	6
130	24	6
375	241	6
25	47	6
388	342	6
350	331	6
155	120	6
20	331	6
132	227	6
110	440	6
516	354	6
354	77	6
345	256	6
205	136	6
110	446	6
108	447	6
517	251	6
440	227	6
262	331	6
40	50	6
555	120	6
20	130	6
25	110	6
47	73	6
311	47	6
40	277	6
40	130	6
120	251	6
446	517	6
110	67	6
130	393	6
511	262	6
130	22	6
40	22	6
132	360	6
155	251	6
25	511	6
360	331	6
156	203	6
342	110	6
40	203	6
342	354	6
298	331	6
40	136	6
130	227	6
378	445	6
497	246	6
250	497	6
345	246	6
250	205	6
385	354	6
498	354	6
350	120	6
336	47	6
460	246	6
40	67	6
191	25	6
386	331	6
445	203	6
460	203	6
342	22	6
130	203	6
40	555	6
47	227	6
262	517	6
388	360	6
460	156	6
517	67	6
246	73	6
24	67	6
27	205	6
460	447	6
47	494	6
511	256	6
155	386	6
61	342	6
25	74	6
130	277	6
517	160	6
156	350	6
440	517	6
61	445	6
74	331	6
205	73	6
110	155	6
69	47	6
345	44	6
136	331	6
446	445	6
342	447	6
61	130	6
130	262	6
24	102	6
130	511	6
155	102	6
511	446	6
177	246	6
25	256	6
460	160	6
506	354	6
155	405	6
332	440	6
69	155	6
110	22	6
47	102	6
445	386	6
497	440	6
130	498	6
497	517	6
25	241	6
74	246	6
47	256	6
24	73	6
40	559	6
246	203	6
155	336	6
47	22	6
375	350	6
110	47	6
460	501	6
25	354	6
191	440	6
136	517	6
69	246	6
511	259	6
205	108	6
360	405	6
74	256	6
375	24	6
440	501	6
203	227	6
345	259	6
354	386	6
130	517	6
277	445	6
155	220	6
205	259	6
350	160	6
447	67	6
322	446	6
388	25	6
20	241	6
24	405	6
440	220	6
25	497	6
132	24	6
332	246	6
322	74	6
511	517	6
47	77	6
130	259	6
25	517	6
345	331	6
360	559	6
262	108	6
360	47	6
132	331	6
322	25	6
132	47	6
256	517	6
445	73	6
511	220	6
517	372	6
440	160	6
155	259	6
22	108	6
354	227	6
345	501	6
555	47	6
322	331	6
497	331	6
331	259	6
132	342	6
40	388	6
460	256	6
74	354	6
40	336	6
25	345	6
250	27	6
24	256	6
460	517	6
120	67	6
388	246	6
350	446	6
61	354	6
27	360	6
340	559	6
24	246	6
497	405	6
354	120	6
322	67	6
354	259	6
446	120	6
360	336	6
332	517	6
155	74	6
69	40	6
69	460	6
25	67	6
241	220	6
354	372	6
40	74	6
388	22	6
331	405	6
25	331	6
110	24	6
388	24	6
445	160	6
460	110	6
132	205	6
342	227	6
22	136	6
350	517	6
322	246	6
61	40	6
110	241	6
205	251	6
108	220	6
155	378	6
342	203	6
250	130	6
73	67	6
345	386	6
246	136	6
24	220	6
497	354	6
345	227	6
132	130	6
191	345	6
350	177	6
342	277	6
332	331	6
25	177	6
156	517	6
25	27	6
350	77	6
460	73	6
27	251	6
130	446	6
241	120	6
191	342	6
460	67	6
69	205	6
516	136	6
322	227	6
61	24	6
440	354	6
342	205	6
350	67	6
246	331	6
156	47	6
47	177	6
388	497	6
130	445	6
102	517	6
511	354	6
250	354	6
74	220	6
440	177	6
375	517	6
322	130	6
350	447	6
506	331	6
22	256	6
311	241	6
516	259	6
341	331	6
460	332	6
241	73	6
322	47	6
497	277	6
342	262	6
27	386	6
262	445	6
506	241	6
378	350	6
241	203	6
40	498	6
516	405	6
177	517	6
517	73	6
156	130	6
108	393	6
50	227	6
25	440	6
156	446	6
205	277	6
191	67	6
460	205	6
61	350	6
74	24	6
156	67	6
205	241	6
375	445	6
332	354	6
256	120	6
360	108	6
342	50	6
24	447	6
354	517	6
20	354	6
25	446	6
24	251	6
354	220	6
120	445	6
555	350	6
156	241	6
69	350	6
156	354	6
130	44	6
360	311	6
440	120	6
155	332	6
27	517	6
498	246	6
345	251	6
342	160	6
132	155	6
250	24	6
191	511	6
110	350	6
205	372	6
69	156	6
22	259	6
27	73	6
350	501	6
156	331	6
27	447	6
350	354	6
256	241	6
511	227	6
40	102	6
47	44	6
350	277	6
108	331	6
446	241	6
40	354	6
378	47	6
61	440	6
130	555	6
191	350	6
440	73	6
322	559	6
342	446	6
22	160	6
446	227	6
22	203	6
47	259	6
74	241	6
388	331	6
130	177	6
22	277	6
440	446	6
61	331	6
360	354	6
250	22	6
350	332	6
61	205	6
47	251	6
130	386	6
155	277	6
345	498	6
336	440	6
360	259	6
440	262	6
191	360	6
345	262	6
120	447	6
375	25	6
375	47	6
120	559	6
311	350	6
440	447	6
24	277	6
460	102	6
354	44	6
47	136	6
27	203	6
322	517	6
155	517	6
345	559	6
74	447	6
74	67	6
250	156	6
322	191	6
388	130	6
22	405	6
460	262	6
497	108	6
440	136	6
25	155	6
446	108	6
342	378	6
40	506	6
205	511	6
262	241	6
24	332	6
24	77	6
69	67	6
155	73	6
74	440	6
130	256	6
25	22	6
110	220	6
130	155	6
24	446	6
40	246	6
47	277	6
27	220	6
40	501	6
460	74	6
250	67	6
205	517	6
155	203	6
130	332	6
342	516	6
25	445	6
360	277	6
92	24	6
241	251	6
27	497	6
40	311	6
246	220	6
156	24	6
555	370	6
516	241	6
445	227	6
250	342	6
322	360	6
22	517	6
47	559	6
25	555	6
331	251	6
24	177	6
24	136	6
440	67	6
405	227	6
375	331	6
241	341	6
241	386	6
440	246	6
27	120	6
155	205	6
50	47	6
155	501	6
25	386	6
155	498	6
350	203	6
555	67	6
388	511	6
22	372	6
108	517	6
342	120	6
155	559	6
250	25	6
322	205	6
130	559	6
27	44	6
277	331	6
69	241	6
342	256	6
256	227	6
311	445	6
69	440	6
130	354	6
440	102	6
74	445	6
50	27	6
27	555	6
25	120	6
330	344	7
379	164	7
379	143	7
80	356	7
323	152	7
534	296	7
375	376	7
389	234	7
343	300	7
467	439	7
330	534	7
157	376	7
127	179	7
379	436	7
395	191	7
352	296	7
143	376	7
381	67	7
467	143	7
17	300	7
80	379	7
131	42	7
352	239	7
137	152	7
131	124	7
191	205	7
509	92	7
389	44	7
80	143	7
92	508	7
467	80	7
333	160	7
152	179	7
375	534	7
375	143	7
296	219	7
186	396	7
439	179	7
379	152	7
379	124	7
124	258	7
92	220	7
69	323	7
333	143	7
216	127	7
467	242	7
17	330	7
80	294	7
216	343	7
219	441	7
157	436	7
296	343	7
124	242	7
436	144	7
157	508	7
137	42	7
395	356	7
436	44	7
127	537	7
137	537	7
467	296	7
131	219	7
220	160	7
323	239	7
216	143	7
534	389	7
509	127	7
509	344	7
69	80	7
131	144	7
375	505	7
144	344	7
164	508	7
323	179	7
395	300	7
467	219	7
375	245	7
69	294	7
239	42	7
127	219	7
509	17	7
534	270	7
333	179	7
69	42	7
375	330	7
137	242	7
124	220	7
131	379	7
69	157	7
356	508	7
395	131	7
379	127	7
238	137	7
352	375	7
375	179	7
80	344	7
69	441	7
239	164	7
21	439	7
238	436	7
127	508	7
157	343	7
333	436	7
127	160	7
379	441	7
161	152	7
137	216	7
333	296	7
137	148	7
352	179	7
436	534	7
467	239	7
333	239	7
164	220	7
144	389	7
80	389	7
69	389	7
244	537	7
17	44	7
389	179	7
152	344	7
69	376	7
127	344	7
439	110	7
124	68	7
148	343	7
376	242	7
17	68	7
238	258	7
352	389	7
124	300	7
352	356	7
333	44	7
124	436	7
436	441	7
505	396	7
294	389	7
352	68	7
509	333	7
92	379	7
137	376	7
242	300	7
144	234	7
356	436	7
69	112	7
381	157	7
238	333	7
389	42	7
375	152	7
144	376	7
242	441	7
534	220	7
352	92	7
295	537	7
375	166	7
157	389	7
220	42	7
389	127	7
131	143	7
179	234	7
220	152	7
426	234	7
270	42	7
21	270	7
69	148	7
245	396	7
92	160	7
137	270	7
467	436	7
534	441	7
17	376	7
42	537	7
343	294	7
143	323	7
216	152	7
439	405	7
439	160	7
21	389	7
467	144	7
68	376	7
352	124	7
143	219	7
436	179	7
330	343	7
352	242	7
80	148	7
148	534	7
333	137	7
179	270	7
300	508	7
509	323	7
439	42	7
436	537	7
137	344	7
375	220	7
216	296	7
330	242	7
509	234	7
379	179	7
131	184	7
333	21	7
462	152	7
164	300	7
375	342	7
356	294	7
157	439	7
379	534	7
294	270	7
216	234	7
356	248	7
68	148	7
238	44	7
144	343	7
381	42	7
69	300	7
375	148	7
80	436	7
352	157	7
239	148	7
92	534	7
395	216	7
330	436	7
220	441	7
376	152	7
131	508	7
17	323	7
137	389	7
509	124	7
69	220	7
127	270	7
509	239	7
342	234	7
216	148	7
238	131	7
131	294	7
92	219	7
186	234	7
356	164	7
164	127	7
238	441	7
396	295	7
300	234	7
148	389	7
148	396	7
333	148	7
157	323	7
124	508	7
17	164	7
239	242	7
534	344	7
131	537	7
131	160	7
157	258	7
131	137	7
238	68	7
352	258	7
92	137	7
17	441	7
69	124	7
462	148	7
508	270	7
92	152	7
356	239	7
395	240	7
157	441	7
323	534	7
164	179	7
375	389	7
238	80	7
157	127	7
131	148	7
270	234	7
375	187	7
509	467	7
238	17	7
381	254	7
343	44	7
296	127	7
92	148	7
333	80	7
379	239	7
174	494	7
509	343	7
356	534	7
17	127	7
184	396	7
537	160	7
395	357	7
143	270	7
17	356	7
379	389	7
375	379	7
17	124	7
379	439	7
333	144	7
151	375	7
294	220	7
92	124	7
144	248	7
333	242	7
137	441	7
17	148	7
508	537	7
395	245	7
323	441	7
352	381	7
356	396	7
343	441	7
439	296	7
376	396	7
69	143	7
242	396	7
239	389	7
439	323	7
242	270	7
333	389	7
17	143	7
333	375	7
124	343	7
148	144	7
436	239	7
323	296	7
509	160	7
352	379	7
356	296	7
509	441	7
44	344	7
143	389	7
352	441	7
143	164	7
157	356	7
21	300	7
239	220	7
330	323	7
131	296	7
17	296	7
131	436	7
375	270	7
467	152	7
131	356	7
444	68	7
131	127	7
242	344	7
300	219	7
69	467	7
467	42	7
220	179	7
352	137	7
17	389	7
343	42	7
164	44	7
191	234	7
144	184	7
505	234	7
148	127	7
69	239	7
300	44	7
143	179	7
191	375	7
279	494	7
323	148	7
534	219	7
131	245	7
534	343	7
151	234	7
323	344	7
467	124	7
467	92	7
69	508	7
124	376	7
356	127	7
80	441	7
238	343	7
137	356	7
148	164	7
356	343	7
344	441	7
395	242	7
92	242	7
375	248	7
352	344	7
375	186	7
376	296	7
238	127	7
343	220	7
395	186	7
330	127	7
157	239	7
375	242	7
439	258	7
143	537	7
112	537	7
330	144	7
21	220	7
17	379	7
509	42	7
352	270	7
238	296	7
21	44	7
124	144	7
80	239	7
69	343	7
389	508	7
381	266	7
379	508	7
333	508	7
148	179	7
131	439	7
216	164	7
439	508	7
68	242	7
143	220	7
92	21	7
395	244	7
296	164	7
242	42	7
68	537	7
333	356	7
131	376	7
537	441	7
152	508	7
395	165	7
21	127	7
375	127	7
395	505	7
144	270	7
379	44	7
239	270	7
69	462	7
379	537	7
68	270	7
381	54	7
352	160	7
69	160	7
137	219	7
220	270	7
323	68	7
131	343	7
80	144	7
439	127	7
381	238	7
238	220	7
508	219	7
343	344	7
467	537	7
80	330	7
395	295	7
216	242	7
436	389	7
389	344	7
124	270	7
389	300	7
68	152	7
239	508	7
436	270	7
352	509	7
294	508	7
131	534	7
356	323	7
216	441	7
379	137	7
242	220	7
21	376	7
112	323	7
80	508	7
323	270	7
248	234	7
396	389	7
131	234	7
238	239	7
323	144	7
179	537	7
220	537	7
356	537	7
352	216	7
352	220	7
80	92	7
17	137	7
330	508	7
375	184	7
21	239	7
333	216	7
144	296	7
68	389	7
21	144	7
343	389	7
242	219	7
17	508	7
467	300	7
467	148	7
137	343	7
80	323	7
509	270	7
379	376	7
238	537	7
92	68	7
333	439	7
376	44	7
44	219	7
245	144	7
509	330	7
220	219	7
238	508	7
69	330	7
157	124	7
333	164	7
436	220	7
191	396	7
509	537	7
439	270	7
379	219	7
92	270	7
436	508	7
69	436	7
395	270	7
509	439	7
131	157	7
389	537	7
17	242	7
379	220	7
352	144	7
80	270	7
534	160	7
216	389	7
17	131	7
534	42	7
534	144	7
80	300	7
270	441	7
80	131	7
80	127	7
333	376	7
143	127	7
375	300	7
439	376	7
467	534	7
80	157	7
80	124	7
376	219	7
379	144	7
216	44	7
395	248	7
509	395	7
436	164	7
343	219	7
242	127	7
179	441	7
376	344	7
333	441	7
381	370	7
509	219	7
439	344	7
375	356	7
247	443	7
439	300	7
242	179	7
467	379	7
124	161	7
395	342	7
144	396	7
352	436	7
131	396	7
467	389	7
389	270	7
352	333	7
242	164	7
144	160	7
343	179	7
333	534	7
352	405	7
352	534	7
534	164	7
323	242	7
242	294	7
333	343	7
44	441	7
157	344	7
44	152	7
534	44	7
375	334	7
164	270	7
242	44	7
294	127	7
124	537	7
92	294	7
124	441	7
395	20	7
69	296	7
157	144	7
124	534	7
381	124	7
157	220	7
333	300	7
124	239	7
242	389	7
165	396	7
239	144	7
343	508	7
426	396	7
508	441	7
17	343	7
376	42	7
333	68	7
296	537	7
92	42	7
296	294	7
323	160	7
375	124	7
21	323	7
381	330	7
245	234	7
389	220	7
124	127	7
343	270	7
248	396	7
184	234	7
157	537	7
375	533	7
44	42	7
220	127	7
509	220	7
323	537	7
439	534	7
157	270	7
131	239	7
164	343	7
330	376	7
92	344	7
238	242	7
357	234	7
296	270	7
356	184	7
357	396	7
330	537	7
375	92	7
381	487	7
379	356	7
69	179	7
352	131	7
131	323	7
439	441	7
179	219	7
239	152	7
152	127	7
220	344	7
439	537	7
467	343	7
376	270	7
534	508	7
330	161	7
375	294	7
375	157	7
323	300	7
80	439	7
352	508	7
92	157	7
330	296	7
379	330	7
467	333	7
92	296	7
69	68	7
509	389	7
509	296	7
323	164	7
509	375	7
296	441	7
144	219	7
356	389	7
69	439	7
80	179	7
21	137	7
238	144	7
375	374	7
21	179	7
375	216	7
21	216	7
396	374	7
137	323	7
375	296	7
92	436	7
466	396	7
270	160	7
239	376	7
239	537	7
509	396	7
239	219	7
356	441	7
124	323	7
509	376	7
356	234	7
239	294	7
467	441	7
124	344	7
131	152	7
343	127	7
92	376	7
69	238	7
144	537	7
436	344	7
151	396	7
333	294	7
323	294	7
220	300	7
148	300	7
436	127	7
467	323	7
165	234	7
376	234	7
509	238	7
238	216	7
92	127	7
242	537	7
534	537	7
69	152	7
164	160	7
395	389	7
509	436	7
395	376	7
352	69	7
375	55	7
216	508	7
509	379	7
148	242	7
92	343	7
80	537	7
69	242	7
216	330	7
333	92	7
462	247	7
216	376	7
356	376	7
379	216	7
124	179	7
131	44	7
294	219	7
92	239	7
157	296	7
242	152	7
467	220	7
17	92	7
467	294	7
330	239	7
509	508	7
356	219	7
352	343	7
467	21	7
144	441	7
379	294	7
92	143	7
376	127	7
258	441	7
379	296	7
80	152	7
534	152	7
333	379	7
238	534	7
143	436	7
270	537	7
216	219	7
80	160	7
467	164	7
143	296	7
238	270	7
17	144	7
69	164	7
69	270	7
216	68	7
375	357	7
69	44	7
389	219	7
379	242	7
376	343	7
466	234	7
333	220	7
216	439	7
240	234	7
131	248	7
80	220	7
238	323	7
323	219	7
92	300	7
376	537	7
322	234	7
352	467	7
534	242	7
436	148	7
17	436	7
143	239	7
375	285	7
333	395	7
216	239	7
44	537	7
238	161	7
376	508	7
333	152	7
152	258	7
216	344	7
467	127	7
352	537	7
436	376	7
216	124	7
21	242	7
467	179	7
334	234	7
131	21	7
436	152	7
148	296	7
157	300	7
375	144	7
137	534	7
323	343	7
131	441	7
396	187	7
68	164	7
44	270	7
381	222	7
80	343	7
238	300	7
179	508	7
80	534	7
379	270	7
17	216	7
17	220	7
148	508	7
381	152	7
379	148	7
395	184	7
238	124	7
375	441	7
352	44	7
467	17	7
80	376	7
296	220	7
330	160	7
238	179	7
69	216	7
144	42	7
164	294	7
238	92	7
92	44	7
333	131	7
376	294	7
509	534	7
300	441	7
21	343	7
436	242	7
352	110	7
131	344	7
300	127	7
509	21	7
148	234	7
381	416	7
322	395	7
80	296	7
508	42	7
467	376	7
343	160	7
216	436	7
375	244	7
92	164	7
534	179	7
245	356	7
396	270	7
143	300	7
152	537	7
352	376	7
124	389	7
439	242	7
352	300	7
381	439	7
381	21	7
161	441	7
323	389	7
164	537	7
239	296	7
17	239	7
509	148	7
143	508	7
376	220	7
395	374	7
21	534	7
131	330	7
92	330	7
21	296	7
144	164	7
300	152	7
137	124	7
68	343	7
436	300	7
294	537	7
21	508	7
17	157	7
534	300	7
164	344	7
323	42	7
467	330	7
80	17	7
333	396	7
352	323	7
216	42	7
239	534	7
239	344	7
381	171	7
69	509	7
148	44	7
374	234	7
238	467	7
439	389	7
69	21	7
375	203	7
356	439	7
333	127	7
439	239	7
238	389	7
80	375	7
395	426	7
216	294	7
376	441	7
395	334	7
92	441	7
467	216	7
137	436	7
439	343	7
509	152	7
144	508	7
17	534	7
296	389	7
389	441	7
396	244	7
426	375	7
467	131	7
330	389	7
242	296	7
144	152	7
191	246	7
143	294	7
239	441	7
179	42	7
80	216	7
127	441	7
143	534	7
534	127	7
21	537	7
69	127	7
17	179	7
356	143	7
509	80	7
379	68	7
131	389	7
356	152	7
467	157	7
356	330	7
356	270	7
439	161	7
333	330	7
509	164	7
17	294	7
375	466	7
395	148	7
509	143	7
389	160	7
157	242	7
379	343	7
217	381	7
242	343	7
80	21	7
356	344	7
131	164	7
216	270	7
323	44	7
144	127	7
395	144	7
187	234	7
157	216	7
534	376	7
375	338	7
509	157	7
124	44	7
352	127	7
216	396	7
300	537	7
92	389	7
375	54	7
143	242	7
216	323	7
352	161	7
238	376	7
375	295	7
375	165	7
509	294	7
389	152	7
436	296	7
300	270	7
157	534	7
333	270	7
462	537	7
68	219	7
164	219	7
395	466	7
296	152	7
220	508	7
157	161	7
143	343	7
467	270	7
467	508	7
436	323	7
92	537	7
356	44	7
376	389	7
436	343	7
131	270	7
467	356	7
333	42	7
333	112	7
238	344	7
216	537	7
295	234	7
375	131	7
356	124	7
143	344	7
333	323	7
92	179	7
352	21	7
80	242	7
143	144	7
323	376	7
334	396	7
69	534	7
238	356	7
69	92	7
68	534	7
439	436	7
379	157	7
148	376	7
343	152	7
157	179	7
352	238	7
436	219	7
80	219	7
238	379	7
323	127	7
333	124	7
330	258	7
439	144	7
379	344	7
381	59	7
124	296	7
379	323	7
148	537	7
148	219	7
296	344	7
333	157	7
238	157	7
239	343	7
395	179	7
164	389	7
356	144	7
244	234	7
381	64	7
296	508	7
80	164	7
381	441	7
342	396	7
148	220	7
144	294	7
376	164	7
323	508	7
436	68	7
151	395	7
395	187	7
137	164	7
69	379	7
242	508	7
242	160	7
534	294	7
436	294	7
379	300	7
330	220	7
242	234	7
68	441	7
462	330	7
356	148	7
352	80	7
343	537	7
239	127	7
333	234	7
456	393	8
382	393	8
393	377	8
530	396	8
137	94	8
139	211	8
439	536	8
139	423	8
139	111	8
139	199	8
393	181	8
384	393	8
395	532	8
176	279	8
139	305	8
12	536	8
237	393	8
399	536	8
57	396	8
139	147	8
393	482	8
356	139	8
409	536	8
139	399	8
69	536	8
139	205	8
413	393	8
6	393	8
534	396	8
36	393	8
114	536	8
393	447	8
393	335	8
139	316	8
139	419	8
71	536	8
176	388	8
111	393	8
395	533	8
127	234	8
139	226	8
139	215	8
488	393	8
176	347	8
393	195	8
139	447	8
35	393	8
139	491	8
565	393	8
139	451	8
395	530	8
240	393	8
336	234	8
368	536	8
139	82	8
139	324	8
139	288	8
410	137	8
139	409	8
336	396	8
134	393	8
168	139	8
139	308	8
395	2	8
9	536	8
139	150	8
274	86	8
509	536	8
139	140	8
139	445	8
309	536	8
176	391	8
312	137	8
393	367	8
388	139	8
393	465	8
139	171	8
549	139	8
395	132	8
139	522	8
18	536	8
393	65	8
176	65	8
332	234	8
533	234	8
337	139	8
355	86	8
395	127	8
30	536	8
139	278	8
231	393	8
139	311	8
302	393	8
399	393	8
147	536	8
260	176	8
139	295	8
395	102	8
400	536	8
173	393	8
409	393	8
217	139	8
368	393	8
393	99	8
369	422	8
139	234	8
225	536	8
80	395	8
139	563	8
139	384	8
393	288	8
139	299	8
228	139	8
139	94	8
69	139	8
453	139	8
139	229	8
140	396	8
332	396	8
229	234	8
55	139	8
87	393	8
139	155	8
25	139	8
139	296	8
393	147	8
340	393	8
139	133	8
24	536	8
393	234	8
395	140	8
61	234	8
143	393	8
139	153	8
278	536	8
139	403	8
176	214	8
393	507	8
393	300	8
563	393	8
146	536	8
564	393	8
290	393	8
139	18	8
176	430	8
196	393	8
137	43	8
139	256	8
139	206	8
139	28	8
453	393	8
80	139	8
139	396	8
61	139	8
139	466	8
176	544	8
326	536	8
393	344	8
69	393	8
60	536	8
139	261	8
139	246	8
554	536	8
139	66	8
118	393	8
357	139	8
114	139	8
393	42	8
528	393	8
139	439	8
536	335	8
393	554	8
393	229	8
139	118	8
176	216	8
139	214	8
396	229	8
139	320	8
393	120	8
176	190	8
395	229	8
393	569	8
393	177	8
57	395	8
137	315	8
139	444	8
393	244	8
393	548	8
139	541	8
322	139	8
395	296	8
467	139	8
216	393	8
566	393	8
158	139	8
139	382	8
458	139	8
139	523	8
410	396	8
139	362	8
139	484	8
213	86	8
353	393	8
176	484	8
131	139	8
395	378	8
479	393	8
139	430	8
157	393	8
393	391	8
201	393	8
393	347	8
523	396	8
369	100	8
6	139	8
139	225	8
393	153	8
490	393	8
139	182	8
139	416	8
139	482	8
139	160	8
139	544	8
61	393	8
249	536	8
139	156	8
144	393	8
139	78	8
56	139	8
43	415	8
176	324	8
556	393	8
139	300	8
498	393	8
139	298	8
139	200	8
59	393	8
23	393	8
80	393	8
439	393	8
393	349	8
528	139	8
139	392	8
139	326	8
176	393	8
139	367	8
176	344	8
378	396	8
427	393	8
220	536	8
176	288	8
393	44	8
228	393	8
393	471	8
139	67	8
536	170	8
139	79	8
366	393	8
123	536	8
114	393	8
82	393	8
393	295	8
395	531	8
536	73	8
33	536	8
393	211	8
416	393	8
194	536	8
25	536	8
139	504	8
462	139	8
117	393	8
167	536	8
536	319	8
523	234	8
139	391	8
139	459	8
558	393	8
139	569	8
548	536	8
139	60	8
16	393	8
555	536	8
400	139	8
567	393	8
176	305	8
139	16	8
139	566	8
22	393	8
466	393	8
486	393	8
139	427	8
68	234	8
139	293	8
384	536	8
139	179	8
140	234	8
460	393	8
139	117	8
393	101	8
139	101	8
139	307	8
413	139	8
232	536	8
132	396	8
535	536	8
388	393	8
562	393	8
144	536	8
393	316	8
137	393	8
139	99	8
414	139	8
176	437	8
393	544	8
139	102	8
139	450	8
139	181	8
139	54	8
139	490	8
430	393	8
296	396	8
458	393	8
444	234	8
59	536	8
156	393	8
393	199	8
395	336	8
393	66	8
139	551	8
277	393	8
400	393	8
271	139	8
247	536	8
176	376	8
167	393	8
139	173	8
393	54	8
139	481	8
437	396	8
121	393	8
171	536	8
168	536	8
393	293	8
536	199	8
28	393	8
139	183	8
393	551	8
139	554	8
63	536	8
504	393	8
328	393	8
393	307	8
202	393	8
410	395	8
465	536	8
393	78	8
393	452	8
419	393	8
393	484	8
129	393	8
532	139	8
524	536	8
462	393	8
350	393	8
139	376	8
27	393	8
139	255	8
140	393	8
139	287	8
157	139	8
139	146	8
158	393	8
437	234	8
378	234	8
337	393	8
85	393	8
176	175	8
296	234	8
395	444	8
393	246	8
139	194	8
232	393	8
395	43	8
253	393	8
528	536	8
393	392	8
139	370	8
6	536	8
536	471	8
139	562	8
431	86	8
216	139	8
139	500	8
36	139	8
460	536	8
393	127	8
146	393	8
413	536	8
139	336	8
445	536	8
285	536	8
176	43	8
255	393	8
393	261	8
206	393	8
139	110	8
395	68	8
139	496	8
177	536	8
328	139	8
244	536	8
379	396	8
393	223	8
139	120	8
134	139	8
139	186	8
410	234	8
139	565	8
462	536	8
190	393	8
393	64	8
139	9	8
80	536	8
205	393	8
395	534	8
139	195	8
509	139	8
176	140	8
376	393	8
139	64	8
139	129	8
36	536	8
139	564	8
139	30	8
393	496	8
393	215	8
451	393	8
139	223	8
171	393	8
33	139	8
139	452	8
531	396	8
139	148	8
532	234	8
393	487	8
139	87	8
312	139	8
60	393	8
290	536	8
393	535	8
139	279	8
176	215	8
396	102	8
410	415	8
139	487	8
44	234	8
139	63	8
185	536	8
139	12	8
296	393	8
328	536	8
139	48	8
541	536	8
395	44	8
549	393	8
255	396	8
393	308	8
9	393	8
61	395	8
509	393	8
139	202	8
186	536	8
50	393	8
47	536	8
139	231	8
139	277	8
139	290	8
458	536	8
137	30	8
496	536	8
139	143	8
139	338	8
393	445	8
139	163	8
35	139	8
369	536	8
139	350	8
139	330	8
23	139	8
256	393	8
12	393	8
186	393	8
139	535	8
139	232	8
393	299	8
332	393	8
459	393	8
139	302	8
370	536	8
148	393	8
262	536	8
278	393	8
395	523	8
86	397	8
132	139	8
71	393	8
139	177	8
163	536	8
260	139	8
393	285	8
157	536	8
393	203	8
2	234	8
393	517	8
176	316	8
176	277	8
534	234	8
139	249	8
393	524	8
379	234	8
555	393	8
460	139	8
393	214	8
139	196	8
444	396	8
217	536	8
279	393	8
168	393	8
139	377	8
175	393	8
378	393	8
139	47	8
66	536	8
393	220	8
139	180	8
393	102	8
396	127	8
139	59	8
271	393	8
240	536	8
139	71	8
139	558	8
326	393	8
486	176	8
486	139	8
132	234	8
139	315	8
176	201	8
43	234	8
393	396	8
139	465	8
393	365	8
110	393	8
393	107	8
217	393	8
139	555	8
139	190	8
80	396	8
139	127	8
176	300	8
139	567	8
393	423	8
139	107	8
401	393	8
490	536	8
18	393	8
395	160	8
139	201	8
46	139	8
139	98	8
533	396	8
239	393	8
481	393	8
139	442	8
0	139	8
139	471	8
139	178	8
139	42	8
302	536	8
139	456	8
100	536	8
44	536	8
139	365	8
393	370	8
393	29	8
127	536	8
139	185	8
393	450	8
393	179	8
50	139	8
139	417	8
479	536	8
139	175	8
183	393	8
33	393	8
43	396	8
117	536	8
139	366	8
287	536	8
363	536	8
357	393	8
2	396	8
491	536	8
393	442	8
176	29	8
414	393	8
368	139	8
255	234	8
353	536	8
295	536	8
395	379	8
498	536	8
150	536	8
139	548	8
61	396	8
393	48	8
366	536	8
395	332	8
139	319	8
246	536	8
536	551	8
418	139	8
531	234	8
24	393	8
393	324	8
377	536	8
80	234	8
200	393	8
261	536	8
139	144	8
395	437	8
488	139	8
532	393	8
253	139	8
541	393	8
532	396	8
139	285	8
139	347	8
296	536	8
139	29	8
139	332	8
139	44	8
249	393	8
139	517	8
46	393	8
57	234	8
25	393	8
139	85	8
336	393	8
139	167	8
393	160	8
255	536	8
176	311	8
63	393	8
393	305	8
56	393	8
46	536	8
57	139	8
139	349	8
185	393	8
320	536	8
123	393	8
237	139	8
38	86	8
363	393	8
139	244	8
393	501	8
176	307	8
393	491	8
393	287	8
345	393	8
139	309	8
393	194	8
16	536	8
467	393	8
139	363	8
139	24	8
155	393	8
260	393	8
456	536	8
102	234	8
139	203	8
403	393	8
139	501	8
311	393	8
182	536	8
330	393	8
139	121	8
139	65	8
530	234	8
362	536	8
395	255	8
139	251	8
55	393	8
111	389	9
238	292	9
60	102	9
454	439	9
378	60	9
439	201	9
439	288	9
124	15	9
323	90	9
223	42	9
486	389	9
509	145	9
152	223	9
124	90	9
186	484	9
237	77	9
389	288	9
486	441	9
352	215	9
124	433	9
305	441	9
439	190	9
414	441	9
236	42	9
166	332	9
124	526	9
316	441	9
336	52	9
357	77	9
332	52	9
238	268	9
186	391	9
238	316	9
433	42	9
378	294	9
238	433	9
65	152	9
21	201	9
21	145	9
157	526	9
21	214	9
151	526	9
191	336	9
21	268	9
112	77	9
523	185	9
509	454	9
509	201	9
21	297	9
157	288	9
272	330	9
143	332	9
238	90	9
332	164	9
330	526	9
124	104	9
164	102	9
507	421	9
330	214	9
352	297	9
42	501	9
152	316	9
336	294	9
151	15	9
151	484	9
260	152	9
260	441	9
52	77	9
151	272	9
486	439	9
509	156	9
112	523	9
237	255	9
157	433	9
190	389	9
336	421	9
157	181	9
523	463	9
439	145	9
151	215	9
61	463	9
132	60	9
112	90	9
21	433	9
292	157	9
352	486	9
102	421	9
509	316	9
288	152	9
186	215	9
484	42	9
352	145	9
61	185	9
21	65	9
330	391	9
151	145	9
439	433	9
272	186	9
378	421	9
238	214	9
238	454	9
191	507	9
352	223	9
144	90	9
143	523	9
151	433	9
186	316	9
305	152	9
145	389	9
242	90	9
157	484	9
352	292	9
174	77	9
389	214	9
378	185	9
509	90	9
166	102	9
157	305	9
352	316	9
238	145	9
294	90	9
352	288	9
454	186	9
352	454	9
439	305	9
389	297	9
439	223	9
157	316	9
292	21	9
143	102	9
143	77	9
260	186	9
509	433	9
272	389	9
237	332	9
186	223	9
152	297	9
238	272	9
132	52	9
152	104	9
238	15	9
509	297	9
486	151	9
157	236	9
44	307	9
151	288	9
523	164	9
509	484	9
486	21	9
166	523	9
378	52	9
292	441	9
21	391	9
92	90	9
238	223	9
185	102	9
523	294	9
238	526	9
60	523	9
509	65	9
352	391	9
237	336	9
352	111	9
454	42	9
441	215	9
42	104	9
216	90	9
509	111	9
486	157	9
186	433	9
151	156	9
439	391	9
439	316	9
330	236	9
509	214	9
332	185	9
332	421	9
378	463	9
378	174	9
379	90	9
389	433	9
174	102	9
21	484	9
214	42	9
238	305	9
436	90	9
352	201	9
486	330	9
509	305	9
389	65	9
268	124	9
237	109	9
427	441	9
352	236	9
124	316	9
15	42	9
260	439	9
124	214	9
255	294	9
336	166	9
21	90	9
152	214	9
61	52	9
145	441	9
389	391	9
288	441	9
186	181	9
292	330	9
186	305	9
454	441	9
352	433	9
389	104	9
238	215	9
151	305	9
292	186	9
414	152	9
124	65	9
307	160	9
157	297	9
260	330	9
272	439	9
352	526	9
238	236	9
238	190	9
152	391	9
389	526	9
151	190	9
237	378	9
186	297	9
439	181	9
186	104	9
288	42	9
292	152	9
90	160	9
157	223	9
332	294	9
268	389	9
255	174	9
223	441	9
164	77	9
61	294	9
352	181	9
143	336	9
260	157	9
389	215	9
152	15	9
61	237	9
389	316	9
42	215	9
157	201	9
330	297	9
260	509	9
296	307	9
42	181	9
152	484	9
352	190	9
330	145	9
143	255	9
509	292	9
509	215	9
151	292	9
463	77	9
61	164	9
414	330	9
151	316	9
421	77	9
90	441	9
272	152	9
238	288	9
508	90	9
236	186	9
186	288	9
352	214	9
132	185	9
352	427	9
156	389	9
132	463	9
439	297	9
60	332	9
330	181	9
61	143	9
157	15	9
201	42	9
238	427	9
509	236	9
186	201	9
186	65	9
509	190	9
486	42	9
255	421	9
260	21	9
151	111	9
414	124	9
486	186	9
21	215	9
292	42	9
124	215	9
268	441	9
255	463	9
239	90	9
179	90	9
391	42	9
268	152	9
509	414	9
61	191	9
272	157	9
238	65	9
296	90	9
61	166	9
152	90	9
427	389	9
300	90	9
509	526	9
484	441	9
21	223	9
124	223	9
454	152	9
389	90	9
439	90	9
439	15	9
509	288	9
294	102	9
454	157	9
389	484	9
378	143	9
65	42	9
52	102	9
21	236	9
186	526	9
255	52	9
124	484	9
454	124	9
191	255	9
330	215	9
68	90	9
111	439	9
152	433	9
151	223	9
272	124	9
151	214	9
61	357	9
152	215	9
454	21	9
151	181	9
330	484	9
439	215	9
104	441	9
132	357	9
378	164	9
336	463	9
378	166	9
124	181	9
190	152	9
157	90	9
124	288	9
336	174	9
201	389	9
260	238	9
255	166	9
509	272	9
330	201	9
151	414	9
124	427	9
330	288	9
509	268	9
260	42	9
181	441	9
439	526	9
152	181	9
21	15	9
270	90	9
220	90	9
124	391	9
357	332	9
21	288	9
330	433	9
44	90	9
292	389	9
21	305	9
80	90	9
191	77	9
260	389	9
238	181	9
238	414	9
145	152	9
21	181	9
127	90	9
486	509	9
454	389	9
439	427	9
357	255	9
191	479	9
186	15	9
60	77	9
509	223	9
439	484	9
152	526	9
61	60	9
132	421	9
132	237	9
332	174	9
237	479	9
352	268	9
523	52	9
157	65	9
132	166	9
132	191	9
186	214	9
132	174	9
330	15	9
201	152	9
80	307	9
330	305	9
132	143	9
151	454	9
463	102	9
21	526	9
238	297	9
352	484	9
151	104	9
156	186	9
357	378	9
201	441	9
191	378	9
268	186	9
330	65	9
444	307	9
111	186	9
352	414	9
237	102	9
352	272	9
352	65	9
352	90	9
330	104	9
260	124	9
523	174	9
190	441	9
238	104	9
132	164	9
124	190	9
272	441	9
124	236	9
260	151	9
151	65	9
509	181	9
186	427	9
336	164	9
157	190	9
330	427	9
236	389	9
124	145	9
526	441	9
124	201	9
414	389	9
389	305	9
391	441	9
356	90	9
15	441	9
343	90	9
157	268	9
509	15	9
332	463	9
61	421	9
157	215	9
330	223	9
268	439	9
131	90	9
479	421	9
486	152	9
439	104	9
238	391	9
238	201	9
236	152	9
186	190	9
433	441	9
292	439	9
151	391	9
61	174	9
486	238	9
509	427	9
509	104	9
389	15	9
486	124	9
237	507	9
151	236	9
305	42	9
439	236	9
21	190	9
151	427	9
132	294	9
389	181	9
238	484	9
237	523	9
236	441	9
294	77	9
157	391	9
526	42	9
214	441	9
151	268	9
164	90	9
166	77	9
268	330	9
137	90	9
65	441	9
352	305	9
414	439	9
185	77	9
414	186	9
145	186	9
376	90	9
42	297	9
534	90	9
523	421	9
330	190	9
439	214	9
148	90	9
191	523	9
509	391	9
190	42	9
21	316	9
157	214	9
414	157	9
151	201	9
268	42	9
292	124	9
357	102	9
297	441	9
255	60	9
255	185	9
191	102	9
151	297	9
145	42	9
191	332	9
21	104	9
330	90	9
467	90	9
352	15	9
316	42	9
352	260	9
255	164	9
427	152	9
157	145	9
124	305	9
357	523	9
352	104	9
389	223	9
124	297	9
439	65	9
157	104	9
454	330	9
157	427	9
175	11	10
345	293	10
324	319	10
17	227	10
293	219	10
458	11	10
14	115	10
500	195	10
507	195	10
324	482	10
21	324	10
29	319	10
505	324	10
17	47	10
109	115	10
400	29	10
292	175	10
308	493	10
89	500	10
124	308	10
89	458	10
505	219	10
47	109	10
89	312	10
308	319	10
109	227	10
175	167	10
260	29	10
260	357	10
505	482	10
458	293	10
400	175	10
357	236	10
47	383	10
89	157	10
458	479	10
157	175	10
32	47	10
47	219	10
89	293	10
115	344	10
324	219	10
124	29	10
17	505	10
308	42	10
175	152	10
175	29	10
458	331	10
293	42	10
175	42	10
292	227	10
29	383	10
505	331	10
466	507	10
32	357	10
29	335	10
29	441	10
124	175	10
312	324	10
47	507	10
21	29	10
89	11	10
458	324	10
227	115	10
466	219	10
308	293	10
458	17	10
458	292	10
175	195	10
47	29	10
17	308	10
293	331	10
32	227	10
175	105	10
293	11	10
292	505	10
236	29	10
167	324	10
330	324	10
227	493	10
89	400	10
29	115	10
308	507	10
352	324	10
175	383	10
550	195	10
458	29	10
302	308	10
17	293	10
312	308	10
479	308	10
308	331	10
324	115	10
312	175	10
331	195	10
505	344	10
89	21	10
458	236	10
89	124	10
345	324	10
89	238	10
302	293	10
308	383	10
227	219	10
47	105	10
352	29	10
32	308	10
479	47	10
32	29	10
47	115	10
175	441	10
293	507	10
352	175	10
47	344	10
238	175	10
124	324	10
17	115	10
550	293	10
293	500	10
352	293	10
115	493	10
260	466	10
29	195	10
302	29	10
109	29	10
324	493	10
466	105	10
157	293	10
105	324	10
175	493	10
345	195	10
479	324	10
458	219	10
11	383	10
400	324	10
29	42	10
260	458	10
505	345	10
458	105	10
29	500	10
458	47	10
352	89	10
105	115	10
32	175	10
175	482	10
89	505	10
500	11	10
260	505	10
89	550	10
105	227	10
175	324	10
439	29	10
308	152	10
331	115	10
175	331	10
236	227	10
260	175	10
236	308	10
238	29	10
345	115	10
324	507	10
175	47	10
175	479	10
29	344	10
236	115	10
109	293	10
439	324	10
109	324	10
29	11	10
29	482	10
293	441	10
108	308	10
175	219	10
505	236	10
17	29	10
157	308	10
11	115	10
466	479	10
458	32	10
324	29	10
505	29	10
27	115	10
330	29	10
550	308	10
505	11	10
21	308	10
175	293	10
238	293	10
115	219	10
458	175	10
89	302	10
167	293	10
352	308	10
292	47	10
466	344	10
324	42	10
308	219	10
324	11	10
32	115	10
330	308	10
505	293	10
479	195	10
236	47	10
292	195	10
89	29	10
47	195	10
29	152	10
507	115	10
89	167	10
236	293	10
260	308	10
89	152	10
236	324	10
29	308	10
175	308	10
219	195	10
17	195	10
293	319	10
344	195	10
27	308	10
32	293	10
466	482	10
439	308	10
505	308	10
32	466	10
292	466	10
308	500	10
493	195	10
324	441	10
550	324	10
458	344	10
29	293	10
89	175	10
479	29	10
89	324	10
458	308	10
175	236	10
308	482	10
293	115	10
308	441	10
383	195	10
324	293	10
167	29	10
458	507	10
115	195	10
260	324	10
108	115	10
29	331	10
175	302	10
482	195	10
105	308	10
21	175	10
260	47	10
466	345	10
175	507	10
115	335	10
466	493	10
175	550	10
89	330	10
292	357	10
458	345	10
505	493	10
292	293	10
32	195	10
293	493	10
175	319	10
89	439	10
238	308	10
260	293	10
324	383	10
29	493	10
293	195	10
27	29	10
505	108	10
479	115	10
175	115	10
357	482	10
109	308	10
308	195	10
330	293	10
505	507	10
47	308	10
47	293	10
505	47	10
302	324	10
505	195	10
89	441	10
324	195	10
175	500	10
466	236	10
105	29	10
308	344	10
439	175	10
293	482	10
47	482	10
400	293	10
227	383	10
89	377	10
236	195	10
292	324	10
167	308	10
175	345	10
479	293	10
105	195	10
89	319	10
482	115	10
17	324	10
400	308	10
32	505	10
312	29	10
324	152	10
32	324	10
458	195	10
308	115	10
357	493	10
324	500	10
439	293	10
505	105	10
89	195	10
47	324	10
17	466	10
47	493	10
29	507	10
157	324	10
292	29	10
550	29	10
175	109	10
292	115	10
17	175	10
466	331	10
47	500	10
324	308	10
260	195	10
29	219	10
324	331	10
89	42	10
124	293	10
345	308	10
345	29	10
105	293	10
21	293	10
308	11	10
324	335	10
292	308	10
238	324	10
458	482	10
458	493	10
108	29	10
293	152	10
505	479	10
330	175	10
11	195	10
505	175	10
260	115	10
89	227	10
175	335	10
157	29	10
89	47	10
357	105	10
89	308	10
505	27	10
293	383	10
46	272	11
410	145	11
410	400	11
43	202	11
272	206	11
43	214	11
410	181	11
43	288	11
43	15	11
478	433	11
472	478	11
292	478	11
0	181	11
46	292	11
410	153	11
472	111	11
472	305	11
472	385	11
410	272	11
410	302	11
46	478	11
410	61	11
410	105	11
472	0	11
46	316	11
410	484	11
268	43	11
486	410	11
46	214	11
410	102	11
40	202	11
410	175	11
410	376	11
202	376	11
145	43	11
260	43	11
46	145	11
32	43	11
472	292	11
472	214	11
478	15	11
46	202	11
46	215	11
472	433	11
46	206	11
478	190	11
410	104	11
255	43	11
0	201	11
43	376	11
0	145	11
472	391	11
478	305	11
111	478	11
0	305	11
0	104	11
410	77	11
406	43	11
472	288	11
340	206	11
98	43	11
43	293	11
43	302	11
46	223	11
268	478	11
454	0	11
385	376	11
410	305	11
40	376	11
43	391	11
46	181	11
410	345	11
119	43	11
206	43	11
260	68	11
486	46	11
43	190	11
0	385	11
454	46	11
32	0	11
410	433	11
340	385	11
410	297	11
0	206	11
0	376	11
472	223	11
478	181	11
272	478	11
0	215	11
410	132	11
454	43	11
206	385	11
43	377	11
410	340	11
410	308	11
43	212	11
292	43	11
43	305	11
0	297	11
410	293	11
43	29	11
486	472	11
260	478	11
378	43	11
410	15	11
43	297	11
414	472	11
132	43	11
46	190	11
43	108	11
472	43	11
336	43	11
46	156	11
410	526	11
410	100	11
46	376	11
410	43	11
43	393	11
46	43	11
43	77	11
410	482	11
0	316	11
43	100	11
43	181	11
40	0	11
472	181	11
472	268	11
61	43	11
46	111	11
46	484	11
43	427	11
478	316	11
43	433	11
340	376	11
414	0	11
410	268	11
40	272	11
410	212	11
32	478	11
410	332	11
410	454	11
486	478	11
472	15	11
410	348	11
236	68	11
43	308	11
410	111	11
410	167	11
46	427	11
410	0	11
0	190	11
57	43	11
400	43	11
410	58	11
410	391	11
478	104	11
414	478	11
43	422	11
472	156	11
410	288	11
478	297	11
175	43	11
40	478	11
472	484	11
340	478	11
385	43	11
410	393	11
410	394	11
43	348	11
478	201	11
410	422	11
43	104	11
410	223	11
410	493	11
410	472	11
43	153	11
410	201	11
361	43	11
46	201	11
410	29	11
478	223	11
27	43	11
410	260	11
410	32	11
43	316	11
410	190	11
43	484	11
260	385	11
472	236	11
40	46	11
410	40	11
43	58	11
43	215	11
478	484	11
0	236	11
486	43	11
410	156	11
40	385	11
486	0	11
89	43	11
156	43	11
410	98	11
340	202	11
46	433	11
472	65	11
43	332	11
472	46	11
410	206	11
410	89	11
410	406	11
472	526	11
410	324	11
478	43	11
410	478	11
410	361	11
0	43	11
0	288	11
410	336	11
472	104	11
46	268	11
414	43	11
410	119	11
40	43	11
478	427	11
46	305	11
46	0	11
0	15	11
410	93	11
43	37	11
0	391	11
43	109	11
0	223	11
394	43	11
111	43	11
43	201	11
478	376	11
472	145	11
43	493	11
0	111	11
478	202	11
32	292	11
410	65	11
43	331	11
43	345	11
0	478	11
410	57	11
0	156	11
472	427	11
292	68	11
410	316	11
43	324	11
32	472	11
167	43	11
410	292	11
43	102	11
260	0	11
0	526	11
46	65	11
340	43	11
46	104	11
410	378	11
292	0	11
478	236	11
478	526	11
32	68	11
93	43	11
0	65	11
0	433	11
206	478	11
43	482	11
410	202	11
43	526	11
478	288	11
43	335	11
0	268	11
410	255	11
410	236	11
43	105	11
454	478	11
43	65	11
410	331	11
410	215	11
43	204	11
46	391	11
43	223	11
410	214	11
46	340	11
0	202	11
410	385	11
410	427	11
0	214	11
472	297	11
478	214	11
272	0	11
46	526	11
46	385	11
410	109	11
472	201	11
272	385	11
40	206	11
272	43	11
472	190	11
410	204	11
478	391	11
0	340	11
414	46	11
0	427	11
472	454	11
32	236	11
46	297	11
43	236	11
0	484	11
410	414	11
410	46	11
46	15	11
478	215	11
46	288	11
206	376	11
478	241	12
478	48	12
39	481	12
478	331	12
202	481	12
156	478	12
478	68	12
481	159	12
129	478	12
139	360	12
481	405	12
481	347	12
137	360	12
119	481	12
121	481	12
109	481	12
290	445	12
25	478	12
478	222	12
481	286	12
249	481	12
478	296	12
478	120	12
290	555	12
249	445	12
481	101	12
478	198	12
478	385	12
516	481	12
93	281	12
296	481	12
478	42	12
205	481	12
119	62	12
478	145	12
478	99	12
360	393	12
497	478	12
117	481	12
480	481	12
481	354	12
555	471	12
481	263	12
171	481	12
216	478	12
481	501	12
345	481	12
356	478	12
481	315	12
478	78	12
478	269	12
45	478	12
221	481	12
27	478	12
481	359	12
478	319	12
481	298	12
328	481	12
523	481	12
481	452	12
94	481	12
80	478	12
478	108	12
445	335	12
478	355	12
221	478	12
156	481	12
481	99	12
290	481	12
555	108	12
378	478	12
505	478	12
478	263	12
312	478	12
478	540	12
110	478	12
283	481	12
478	386	12
445	471	12
481	48	12
49	481	12
80	481	12
357	478	12
360	481	12
168	478	12
445	298	12
478	562	12
481	560	12
420	481	12
481	67	12
20	481	12
2	481	12
481	341	12
478	404	12
478	188	12
481	26	12
313	478	12
478	332	12
124	481	12
481	319	12
478	259	12
481	344	12
481	58	12
481	42	12
481	120	12
320	481	12
61	481	12
481	136	12
478	341	12
317	251	12
478	160	12
481	162	12
546	481	12
481	73	12
377	207	12
68	481	12
440	481	12
322	445	12
478	54	12
481	513	12
360	536	12
481	457	12
478	159	12
478	170	12
375	481	12
478	161	12
155	481	12
478	229	12
123	478	12
478	384	12
481	187	12
360	445	12
142	481	12
481	300	12
553	478	12
250	478	12
478	212	12
478	14	12
481	372	12
378	481	12
460	481	12
337	445	12
27	481	12
488	478	12
175	478	12
59	481	12
481	421	12
478	153	12
478	503	12
481	442	12
317	119	12
481	335	12
116	481	12
272	481	12
516	445	12
481	152	12
166	481	12
478	545	12
139	348	12
481	77	12
481	492	12
478	336	12
351	481	12
379	478	12
478	495	12
478	102	12
478	185	12
260	85	12
269	481	12
478	73	12
228	481	12
481	264	12
74	481	12
481	471	12
481	365	12
481	529	12
23	478	12
478	367	12
478	101	12
481	90	12
17	481	12
481	14	12
332	481	12
312	481	12
481	160	12
481	208	12
478	106	12
130	478	12
481	102	12
478	58	12
478	65	12
511	481	12
336	481	12
414	481	12
562	481	12
473	478	12
481	246	12
435	481	12
337	555	12
445	341	12
108	445	12
114	478	12
481	161	12
61	478	12
330	478	12
393	348	12
21	481	12
555	523	12
322	481	12
158	481	12
478	144	12
12	481	12
411	481	12
481	108	12
50	481	12
481	30	12
311	481	12
217	478	12
254	478	12
445	405	12
254	481	12
225	481	12
478	148	12
200	481	12
232	478	12
478	179	12
478	67	12
481	477	12
478	121	12
478	60	12
57	478	12
427	481	12
337	481	12
478	293	12
478	182	12
523	445	12
481	425	12
401	478	12
478	496	12
111	481	12
478	22	12
481	127	12
498	298	12
352	481	12
110	481	12
238	222	13
330	222	13
440	270	13
166	498	13
352	325	13
92	231	13
497	152	13
516	440	13
238	26	13
217	152	13
124	26	13
92	440	13
157	231	13
352	380	13
73	441	13
217	238	13
439	178	13
352	219	13
21	73	13
238	404	13
497	42	13
26	441	13
238	177	13
380	152	13
352	177	13
21	47	13
157	440	13
21	497	13
238	73	13
439	498	13
330	404	13
439	403	13
217	124	13
82	26	13
330	82	13
124	222	13
330	177	13
498	152	13
322	516	13
352	516	13
21	219	13
330	178	13
439	303	13
330	380	13
222	42	13
325	439	13
439	231	13
516	177	13
21	222	13
143	177	13
516	152	13
82	231	13
124	73	13
352	303	13
439	26	13
497	270	13
42	219	13
152	73	13
325	21	13
352	231	13
21	498	13
352	47	13
92	498	13
112	82	13
325	42	13
68	26	13
325	330	13
516	498	13
238	211	13
157	498	13
403	26	13
231	294	13
124	82	13
441	404	13
124	372	13
352	404	13
217	441	13
152	26	13
152	372	13
516	82	13
516	68	13
21	516	13
177	270	13
157	404	13
124	47	13
21	380	13
238	219	13
516	42	13
231	177	13
380	441	13
516	166	13
439	219	13
152	404	13
217	439	13
21	211	13
516	231	13
157	82	13
157	403	13
330	440	13
157	178	13
439	372	13
498	270	13
516	270	13
21	82	13
177	294	13
124	178	13
352	178	13
403	42	13
177	42	13
439	47	13
157	26	13
330	403	13
157	516	13
231	42	13
21	231	13
222	441	13
440	441	13
217	42	13
303	441	13
21	177	13
498	294	13
157	303	13
439	440	13
157	380	13
238	380	13
157	73	13
82	177	13
352	498	13
330	498	13
21	26	13
166	231	13
352	82	13
217	21	13
516	294	13
403	441	13
330	516	13
157	372	13
352	211	13
439	177	13
498	42	13
47	152	13
178	42	13
143	231	13
152	211	13
21	440	13
21	403	13
21	178	13
440	152	13
238	498	13
157	222	13
439	73	13
143	498	13
330	211	13
325	152	13
82	294	13
325	157	13
124	498	13
166	440	13
166	82	13
238	231	13
498	177	13
177	441	13
231	152	13
352	222	13
325	124	13
124	231	13
330	47	13
92	177	13
178	441	13
152	219	13
47	441	13
238	440	13
352	497	13
157	211	13
124	516	13
238	303	13
82	42	13
47	42	13
152	303	13
92	516	13
124	211	13
124	219	13
439	380	13
238	372	13
124	440	13
82	270	13
497	441	13
238	82	13
211	42	13
330	73	13
217	157	13
238	403	13
238	47	13
330	372	13
21	404	13
82	152	13
82	498	13
330	303	13
21	303	13
380	42	13
177	152	13
124	497	13
330	231	13
231	441	13
497	166	13
516	441	13
157	47	13
372	441	13
516	143	13
231	270	13
439	404	13
352	372	13
352	217	13
92	497	13
439	82	13
516	497	13
211	441	13
217	330	13
124	404	13
403	152	13
157	177	13
166	177	13
303	42	13
352	403	13
352	73	13
439	222	13
124	403	13
42	404	13
82	441	13
231	498	13
498	441	13
330	26	13
238	178	13
352	440	13
330	219	13
178	152	13
238	325	13
124	303	13
222	152	13
325	441	13
124	177	13
157	219	13
352	26	13
124	380	13
439	211	13
27	142	14
27	507	14
507	219	14
17	255	14
121	335	14
28	8	14
8	374	14
36	246	14
249	8	14
345	487	14
266	507	14
8	77	14
121	345	14
523	219	14
142	344	14
254	345	14
132	114	14
142	219	14
121	507	14
109	8	14
479	246	14
255	109	14
378	219	14
114	142	14
114	14	14
332	344	14
8	265	14
109	335	14
345	266	14
132	219	14
370	507	14
8	335	14
253	8	14
114	479	14
27	8	14
345	54	14
17	121	14
17	378	14
479	8	14
109	77	14
109	370	14
109	102	14
142	507	14
121	205	14
171	109	14
8	372	14
479	370	14
255	219	14
205	185	14
171	345	14
205	507	14
114	109	14
102	219	14
345	64	14
217	108	14
8	507	14
217	345	14
479	64	14
336	109	14
121	14	14
61	8	14
27	479	14
384	246	14
109	487	14
114	108	14
59	507	14
17	523	14
479	345	14
121	344	14
142	108	14
337	8	14
114	27	14
17	332	14
217	507	14
479	205	14
217	27	14
255	246	14
217	479	14
253	205	14
205	265	14
378	8	14
336	344	14
345	219	14
109	507	14
222	246	14
14	8	14
132	17	14
255	344	14
121	109	14
132	335	14
246	507	14
102	344	14
60	8	14
114	507	14
8	67	14
185	246	14
14	335	14
320	8	14
205	384	14
36	205	14
205	28	14
121	219	14
109	345	14
109	142	14
27	171	14
336	219	14
332	8	14
523	344	14
336	8	14
507	54	14
378	507	14
205	344	14
28	246	14
59	479	14
254	479	14
479	487	14
171	108	14
27	109	14
217	109	14
132	344	14
219	335	14
345	142	14
487	507	14
61	344	14
345	507	14
114	205	14
8	259	14
479	266	14
121	246	14
132	109	14
132	479	14
114	378	14
61	219	14
416	507	14
479	416	14
479	219	14
332	109	14
378	344	14
284	8	14
479	108	14
205	284	14
378	109	14
142	14	14
222	8	14
108	370	14
479	121	14
337	442	14
345	416	14
114	246	14
479	54	14
121	108	14
254	507	14
27	121	14
357	246	14
61	109	14
357	205	14
246	8	14
246	344	14
142	335	14
17	336	14
345	8	14
253	246	14
121	8	14
132	8	14
17	102	14
479	14	14
284	246	14
479	171	14
332	219	14
17	142	14
114	345	14
171	507	14
114	335	14
378	479	14
27	370	14
345	370	14
205	222	14
255	205	14
59	345	14
102	8	14
132	507	14
108	8	14
114	8	14
479	507	14
61	17	14
64	507	14
246	265	14
479	142	14
68	86	15
530	319	15
327	282	15
407	524	15
524	441	15
388	524	15
140	341	15
327	127	15
444	341	15
327	534	15
68	327	15
39	534	15
85	524	15
322	152	15
432	437	15
327	135	15
327	296	15
530	432	15
534	341	15
463	524	15
379	341	15
524	510	15
329	524	15
322	86	15
432	533	15
140	327	15
532	432	15
327	229	15
282	86	15
432	150	15
534	86	15
341	135	15
437	510	15
322	327	15
306	524	15
322	124	15
432	127	15
437	86	15
2	534	15
68	510	15
282	341	15
39	282	15
296	86	15
532	86	15
86	44	15
298	135	15
444	86	15
568	524	15
432	135	15
432	44	15
219	54	15
432	296	15
282	298	15
4	524	15
379	319	15
2	135	15
437	393	15
531	432	15
432	140	15
432	68	15
450	319	15
277	524	15
534	319	15
379	86	15
531	2	15
282	510	15
533	319	15
432	444	15
437	319	15
296	319	15
86	160	15
327	150	15
530	341	15
44	510	15
86	450	15
2	282	15
86	135	15
408	524	15
533	341	15
444	319	15
530	298	15
238	322	15
432	534	15
88	524	15
410	322	15
86	127	15
344	54	15
327	450	15
39	135	15
80	86	15
530	39	15
531	510	15
150	319	15
80	327	15
322	21	15
432	282	15
444	327	15
80	432	15
531	319	15
530	510	15
379	510	15
150	86	15
532	2	15
127	510	15
532	319	15
379	432	15
322	439	15
510	160	15
444	510	15
319	160	15
533	327	15
379	327	15
450	510	15
532	327	15
532	510	15
532	39	15
150	510	15
80	510	15
135	319	15
534	298	15
530	86	15
531	39	15
437	341	15
140	510	15
80	319	15
127	319	15
282	319	15
432	160	15
2	450	15
327	44	15
432	450	15
152	524	15
534	510	15
229	319	15
327	160	15
322	510	15
17	54	15
86	229	15
135	510	15
533	86	15
322	432	15
140	86	15
379	2	15
533	298	15
341	450	15
352	322	15
533	39	15
296	510	15
174	524	15
531	298	15
140	319	15
531	327	15
524	26	15
530	327	15
533	2	15
531	341	15
530	2	15
322	43	15
229	510	15
560	524	15
432	229	15
531	86	15
322	157	15
533	510	15
327	437	15
149	447	16
245	63	16
33	447	16
96	447	16
399	447	16
408	92	16
33	248	16
388	220	16
92	409	16
92	16	16
248	16	16
248	198	16
146	447	16
373	447	16
92	399	16
291	220	16
248	306	16
447	209	16
245	267	16
92	407	16
16	220	16
248	277	16
463	248	16
368	220	16
220	209	16
408	184	16
373	248	16
174	184	16
92	306	16
439	248	16
184	560	16
92	174	16
92	63	16
146	220	16
447	267	16
16	184	16
245	209	16
230	184	16
63	184	16
388	184	16
248	560	16
245	198	16
92	146	16
245	16	16
149	220	16
245	146	16
92	209	16
92	277	16
16	447	16
245	560	16
388	245	16
245	407	16
504	447	16
409	248	16
409	447	16
92	447	16
174	220	16
399	248	16
245	463	16
388	92	16
245	504	16
248	149	16
248	146	16
173	220	16
368	184	16
92	230	16
84	248	16
96	248	16
368	245	16
407	220	16
245	277	16
220	267	16
173	447	16
245	149	16
92	463	16
92	291	16
220	306	16
63	220	16
96	220	16
409	184	16
463	220	16
149	184	16
92	504	16
277	220	16
230	248	16
291	447	16
173	248	16
96	184	16
399	220	16
407	184	16
373	184	16
92	96	16
33	92	16
184	209	16
146	184	16
92	173	16
198	220	16
33	245	16
408	245	16
248	504	16
245	409	16
373	220	16
368	447	16
184	267	16
504	184	16
245	173	16
245	291	16
463	184	16
388	248	16
408	248	16
184	198	16
84	92	16
431	220	16
245	373	16
439	184	16
368	248	16
173	184	16
277	184	16
96	245	16
63	447	16
447	220	16
92	198	16
245	431	16
220	560	16
92	431	16
248	447	16
248	209	16
248	63	16
439	220	16
291	184	16
92	560	16
245	447	16
84	447	16
92	368	16
33	184	16
407	248	16
230	220	16
504	220	16
84	220	16
431	447	16
245	230	16
408	220	16
92	373	16
248	267	16
33	220	16
431	184	16
245	399	16
92	267	16
92	149	16
245	174	16
245	439	16
409	220	16
174	248	16
431	248	16
84	184	16
245	306	16
198	447	16
92	439	16
184	306	16
291	248	16
84	245	16
184	447	16
399	184	16
109	44	17
191	374	17
109	294	17
376	374	17
112	374	17
466	374	17
216	109	17
74	374	17
216	374	17
127	374	17
80	109	17
124	152	17
374	441	17
505	109	17
379	109	17
148	374	17
109	160	17
92	109	17
109	144	17
338	374	17
238	152	17
357	109	17
426	374	17
426	109	17
124	374	17
374	113	17
191	109	17
148	109	17
124	148	17
244	374	17
444	374	17
330	439	17
322	109	17
389	374	17
248	374	17
143	109	17
109	248	17
157	109	17
533	109	17
505	374	17
374	42	17
157	148	17
300	374	17
152	374	17
92	374	17
55	109	17
148	441	17
295	374	17
109	534	17
334	374	17
165	109	17
157	330	17
109	295	17
203	374	17
330	374	17
124	109	17
294	374	17
296	374	17
102	374	17
395	220	17
533	374	17
184	374	17
534	374	17
220	374	17
109	203	17
92	396	17
92	234	17
68	374	17
352	152	17
330	441	17
110	374	17
379	374	17
109	184	17
333	109	17
285	374	17
378	374	17
80	374	17
240	109	17
322	374	17
342	109	17
342	374	17
374	179	17
247	220	17
357	374	17
509	109	17
21	152	17
109	242	17
109	186	17
112	109	17
109	376	17
109	285	17
166	109	17
68	109	17
109	296	17
330	109	17
444	109	17
110	109	17
151	109	17
186	374	17
330	42	17
21	374	17
109	244	17
333	374	17
109	152	17
109	374	17
92	247	17
374	160	17
396	220	17
131	374	17
439	148	17
148	42	17
44	374	17
334	109	17
356	374	17
240	374	17
144	374	17
124	330	17
21	330	17
109	220	17
21	109	17
374	270	17
157	374	17
21	148	17
166	374	17
238	330	17
165	374	17
439	152	17
352	109	17
131	109	17
109	270	17
55	374	17
374	187	17
356	109	17
374	54	17
20	374	17
157	152	17
352	148	17
109	300	17
509	374	17
143	374	17
109	127	17
466	109	17
352	374	17
238	148	17
242	374	17
109	187	17
109	389	17
109	54	17
109	113	17
109	179	17
245	109	17
220	234	17
109	338	17
245	374	17
20	109	17
352	330	17
151	374	17
152	441	17
395	92	17
257	82	18
45	82	18
403	316	18
403	510	18
455	403	18
488	403	18
51	82	18
82	287	18
428	82	18
34	82	18
278	82	18
82	105	18
82	280	18
464	82	18
41	403	18
45	403	18
403	212	18
474	403	18
403	261	18
165	82	18
499	82	18
449	82	18
82	118	18
183	82	18
82	359	18
497	82	18
403	287	18
82	62	18
82	355	18
82	301	18
281	82	18
20	403	18
82	491	18
72	403	18
82	212	18
403	159	18
82	170	18
123	82	18
373	403	18
125	403	18
403	105	18
317	82	18
403	438	18
317	403	18
82	138	18
82	390	18
403	118	18
125	82	18
130	403	18
342	82	18
82	348	18
455	82	18
403	424	18
82	275	18
403	275	18
342	403	18
449	403	18
82	128	18
40	403	18
403	58	18
373	82	18
278	403	18
403	471	18
403	358	18
364	403	18
281	403	18
34	403	18
82	286	18
82	267	18
435	82	18
403	181	18
403	128	18
403	207	18
403	138	18
56	403	18
82	358	18
473	403	18
165	403	18
403	95	18
328	82	18
20	82	18
82	382	18
82	471	18
403	348	18
82	386	18
474	82	18
82	510	18
56	82	18
403	301	18
403	170	18
435	403	18
82	133	18
403	359	18
72	82	18
123	403	18
328	403	18
82	58	18
403	267	18
82	97	18
403	154	18
403	297	18
82	207	18
82	95	18
51	403	18
36	82	18
403	331	18
401	403	18
403	15	18
464	403	18
82	347	18
403	517	18
129	82	18
82	514	18
82	438	18
38	82	18
403	390	18
403	514	18
82	154	18
497	403	18
403	355	18
36	403	18
403	133	18
520	403	18
82	482	18
403	62	18
82	331	18
82	159	18
38	403	18
129	403	18
520	82	18
122	82	18
364	82	18
403	283	18
122	403	18
235	82	18
403	194	18
488	82	18
403	286	18
82	517	18
235	403	18
403	482	18
403	347	18
403	386	18
41	82	18
428	403	18
387	403	18
40	82	18
183	403	18
499	403	18
130	82	18
82	261	18
82	194	18
403	280	18
403	382	18
403	491	18
257	403	18
387	82	18
403	97	18
224	237	19
283	484	19
561	283	19
236	97	19
347	223	19
292	183	19
464	181	19
156	183	19
464	214	19
260	464	19
464	65	19
454	97	19
414	347	19
347	65	19
292	97	19
292	347	19
156	97	19
268	283	19
283	190	19
464	223	19
420	334	19
97	181	19
97	190	19
421	187	19
283	297	19
464	145	19
464	427	19
292	283	19
156	347	19
260	183	19
353	303	19
283	214	19
183	427	19
190	347	19
486	183	19
283	223	19
454	283	19
183	484	19
145	347	19
464	111	19
283	15	19
464	156	19
145	97	19
272	183	19
414	183	19
97	201	19
236	347	19
347	104	19
347	15	19
237	334	19
97	15	19
239	303	19
97	297	19
183	526	19
97	214	19
283	305	19
97	288	19
347	214	19
464	272	19
347	215	19
464	104	19
183	215	19
268	347	19
464	305	19
183	181	19
486	464	19
464	190	19
268	97	19
283	201	19
236	283	19
464	292	19
464	215	19
183	65	19
183	236	19
486	97	19
283	526	19
183	15	19
427	347	19
464	288	19
17	334	19
224	420	19
183	190	19
454	347	19
283	427	19
303	187	19
414	97	19
464	391	19
97	215	19
183	391	19
347	297	19
183	223	19
464	414	19
561	347	19
224	421	19
464	268	19
97	484	19
183	288	19
183	104	19
464	454	19
464	15	19
561	97	19
97	427	19
268	183	19
561	464	19
183	297	19
224	303	19
97	223	19
334	421	19
347	181	19
283	181	19
97	526	19
486	347	19
486	283	19
111	97	19
464	201	19
454	183	19
183	145	19
237	187	19
97	305	19
183	201	19
347	288	19
420	187	19
464	484	19
464	433	19
305	347	19
183	305	19
201	347	19
224	17	19
464	297	19
347	484	19
283	104	19
260	97	19
561	183	19
111	183	19
272	347	19
97	104	19
111	347	19
183	214	19
334	303	19
97	65	19
464	526	19
464	316	19
260	283	19
272	97	19
464	236	19
97	391	19
347	526	19
283	288	19
283	391	19
414	283	19
347	391	19
17	187	19
260	347	19
283	215	19
237	157	20
352	421	20
352	143	20
124	60	20
157	174	20
124	52	20
238	421	20
330	185	20
439	60	20
143	68	20
21	164	20
174	152	20
330	421	20
157	294	20
238	143	20
21	294	20
357	152	20
143	152	20
166	152	20
352	164	20
352	237	20
352	185	20
60	42	20
143	82	20
21	52	20
238	191	20
21	60	20
237	439	20
157	52	20
157	421	20
21	143	20
21	185	20
238	166	20
157	60	20
238	52	20
68	440	20
21	174	20
21	421	20
439	463	20
174	42	20
439	185	20
352	191	20
439	52	20
152	421	20
82	440	20
124	294	20
238	60	20
439	143	20
463	441	20
21	463	20
124	143	20
237	441	20
352	357	20
185	152	20
191	330	20
164	152	20
237	124	20
237	21	20
157	166	20
166	441	20
124	164	20
330	52	20
237	152	20
157	357	20
157	185	20
174	441	20
352	166	20
439	164	20
463	42	20
143	42	20
191	124	20
191	152	20
191	439	20
238	357	20
357	439	20
294	42	20
357	42	20
52	441	20
439	294	20
421	441	20
21	357	20
52	152	20
330	143	20
164	42	20
21	166	20
185	42	20
238	185	20
357	124	20
330	166	20
357	330	20
330	294	20
52	42	20
352	294	20
352	463	20
60	152	20
330	60	20
330	164	20
352	60	20
143	441	20
294	152	20
191	441	20
439	421	20
463	152	20
157	463	20
143	403	20
237	330	20
352	174	20
330	463	20
124	166	20
330	174	20
439	166	20
191	157	20
124	421	20
191	21	20
157	164	20
124	185	20
352	52	20
238	294	20
238	164	20
237	42	20
191	42	20
164	441	20
238	237	20
439	174	20
157	143	20
294	441	20
237	437	21
346	421	21
263	421	21
420	465	21
381	420	21
237	310	21
310	421	21
320	420	21
420	310	21
237	197	21
17	465	21
17	35	21
192	421	21
420	256	21
140	420	21
17	269	21
17	272	21
17	541	21
17	168	21
17	202	21
272	420	21
168	421	21
17	197	21
420	197	21
228	420	21
237	346	21
237	477	21
420	77	21
17	140	21
272	237	21
272	421	21
168	420	21
237	136	21
420	263	21
192	420	21
381	17	21
237	119	21
420	75	21
420	332	21
420	477	21
17	101	21
140	421	21
101	421	21
237	101	21
465	421	21
237	202	21
237	228	21
17	192	21
420	136	21
237	140	21
202	421	21
541	420	21
420	101	21
168	237	21
17	83	21
17	320	21
256	421	21
320	421	21
75	421	21
237	465	21
269	421	21
237	269	21
91	421	21
237	541	21
35	420	21
17	346	21
237	311	21
200	420	21
541	421	21
136	421	21
237	200	21
420	202	21
381	237	21
17	256	21
17	136	21
237	91	21
17	200	21
197	421	21
200	421	21
437	421	21
83	421	21
346	420	21
17	437	21
420	83	21
35	421	21
17	477	21
237	256	21
237	75	21
17	228	21
237	83	21
269	420	21
420	437	21
237	263	21
237	320	21
477	421	21
228	421	21
381	421	21
192	237	21
17	263	21
91	420	21
420	457	21
35	237	21
230	507	22
388	507	22
479	398	22
83	113	22
407	106	22
50	447	22
398	113	22
543	113	22
479	230	22
276	106	22
106	152	22
352	106	22
112	479	22
230	106	22
463	109	22
109	501	22
35	113	22
50	560	22
109	398	22
463	507	22
218	113	22
388	479	22
439	106	22
66	113	22
202	507	22
174	507	22
237	113	22
279	106	22
221	106	22
143	479	22
218	106	22
507	270	22
141	113	22
507	441	22
502	113	22
479	174	22
294	507	22
106	83	22
109	26	22
106	398	22
479	277	22
439	113	22
106	421	22
306	507	22
117	113	22
479	306	22
26	113	22
479	26	22
109	277	22
174	113	22
279	113	22
479	166	22
141	106	22
479	202	22
106	543	22
106	66	22
143	507	22
35	106	22
507	501	22
17	113	22
109	306	22
164	507	22
306	113	22
276	113	22
277	507	22
50	277	22
230	109	22
166	507	22
407	507	22
388	109	22
407	479	22
237	106	22
106	174	22
421	113	22
388	50	22
479	294	22
507	26	22
17	106	22
230	113	22
112	507	22
50	408	22
479	270	22
106	481	22
117	106	22
109	202	22
479	501	22
398	507	22
407	113	22
479	441	22
106	26	22
479	463	22
221	113	22
407	109	22
481	113	22
109	164	22
109	174	22
502	106	22
50	463	22
106	306	22
479	164	22
357	501	23
185	164	23
230	185	23
185	277	23
357	277	23
407	60	23
70	501	23
463	384	23
36	202	23
112	357	23
357	306	23
357	294	23
357	174	23
357	166	23
407	384	23
388	185	23
36	143	23
60	306	23
384	277	23
230	70	23
36	441	23
384	501	23
60	202	23
398	70	23
166	60	23
185	501	23
185	441	23
230	384	23
60	398	23
36	398	23
112	36	23
143	60	23
143	384	23
70	26	23
388	70	23
407	70	23
202	185	23
112	60	23
112	70	23
407	185	23
185	270	23
357	441	23
357	407	23
36	306	23
357	230	23
60	164	23
36	230	23
60	277	23
185	306	23
36	174	23
36	277	23
388	36	23
36	166	23
357	270	23
112	384	23
398	185	23
294	70	23
384	294	23
306	70	23
384	270	23
388	60	23
60	441	23
357	143	23
60	270	23
166	384	23
60	501	23
357	164	23
384	441	23
388	384	23
384	306	23
388	357	23
270	70	23
36	270	23
36	164	23
185	294	23
36	501	23
143	185	23
60	230	23
166	70	23
357	202	23
202	384	23
112	185	23
277	70	23
36	407	23
70	441	23
463	70	23
36	294	23
60	294	23
398	384	23
143	70	23
166	185	23
384	164	23
202	70	23
357	398	23
164	70	23
342	445	24
440	108	24
47	24	24
342	155	24
322	345	24
27	440	24
47	108	24
342	440	24
40	440	24
155	241	24
342	350	24
40	460	24
24	445	24
322	108	24
511	345	24
460	445	24
47	440	24
24	511	24
155	350	24
342	47	24
40	345	24
155	345	24
108	241	24
47	511	24
40	511	24
342	24	24
511	241	24
155	24	24
47	345	24
342	460	24
350	108	24
155	108	24
40	342	24
155	27	24
322	342	24
460	440	24
460	350	24
460	47	24
40	108	24
342	241	24
440	445	24
155	445	24
47	350	24
24	345	24
460	511	24
322	460	24
342	345	24
342	511	24
460	155	24
342	108	24
155	47	24
155	511	24
24	108	24
40	445	24
40	47	24
345	445	24
155	440	24
460	24	24
460	27	24
40	24	24
27	445	24
27	241	24
27	345	24
342	27	24
345	241	24
322	40	24
47	241	24
27	24	24
322	27	24
24	241	24
40	350	24
460	345	24
350	345	24
27	47	24
24	350	24
322	241	24
350	511	24
350	241	24
241	445	24
322	155	24
40	155	24
440	345	24
345	108	24
511	445	24
40	27	24
440	241	24
40	241	24
47	445	24
27	350	24
350	445	24
460	241	24
460	108	24
462	508	25
352	112	25
462	21	25
462	436	25
462	343	25
462	270	25
21	112	25
80	112	25
462	239	25
509	462	25
462	112	25
467	462	25
92	112	25
112	179	25
462	216	25
112	44	25
112	376	25
112	242	25
112	270	25
112	148	25
112	343	25
462	389	25
112	220	25
112	508	25
112	216	25
352	462	25
509	112	25
238	112	25
112	296	25
112	143	25
112	356	25
131	112	25
462	242	25
112	389	25
112	152	25
462	92	25
112	144	25
462	376	25
112	441	25
330	152	25
112	294	25
238	462	25
148	152	25
462	379	25
462	220	25
462	144	25
462	143	25
112	124	25
462	179	25
112	68	25
112	164	25
462	323	25
462	164	25
112	439	25
462	356	25
137	112	25
462	160	25
467	112	25
462	296	25
80	462	25
112	534	25
112	160	25
462	42	25
462	294	25
462	124	25
379	112	25
462	439	25
112	127	25
330	148	25
112	42	25
112	330	25
462	300	25
112	300	25
112	239	25
462	127	25
462	131	25
462	534	25
462	157	25
462	441	25
157	112	25
112	436	25
277	203	26
31	277	26
255	100	26
31	306	26
279	31	26
102	422	26
279	299	26
61	155	26
174	338	26
422	77	26
521	310	26
216	130	26
31	174	26
523	422	26
82	468	26
279	338	26
277	338	26
130	242	26
529	310	26
22	310	26
102	100	26
47	48	26
398	338	26
523	100	26
380	82	26
456	310	26
277	299	26
310	258	26
494	310	26
110	310	26
445	310	26
398	299	26
375	310	26
378	422	26
306	299	26
132	100	26
440	498	26
31	398	26
336	100	26
74	310	26
100	77	26
174	203	26
161	310	26
120	310	26
398	203	26
7	403	26
7	82	26
205	310	26
380	403	26
82	9	26
132	422	26
338	306	26
47	498	26
279	203	26
378	100	26
310	67	26
61	422	26
403	329	26
460	310	26
332	422	26
255	422	26
82	329	26
322	498	26
203	306	26
24	498	26
61	100	26
241	310	26
440	48	26
130	300	26
411	498	26
130	179	26
174	299	26
403	9	26
24	48	26
336	422	26
403	468	26
332	100	26
129	520	27
129	212	27
129	58	27
129	517	27
129	159	27
129	275	27
129	297	27
129	95	27
20	129	27
317	129	27
129	280	27
129	154	27
474	129	27
129	267	27
129	105	27
129	390	27
129	118	27
129	301	27
129	348	27
34	129	27
342	129	27
129	133	27
129	347	27
129	471	27
129	170	27
56	129	27
129	387	27
129	181	27
129	435	27
428	129	27
129	128	27
129	194	27
36	129	27
129	38	27
257	129	27
488	129	27
129	510	27
123	129	27
129	373	27
72	129	27
41	129	27
129	438	27
129	482	27
45	129	27
129	15	27
129	278	27
129	138	27
129	386	27
129	97	27
129	358	27
165	129	27
129	385	27
129	287	27
129	331	27
129	382	27
130	129	27
51	129	27
497	129	27
129	359	27
129	62	27
129	286	27
129	491	27
129	261	27
328	129	27
129	355	27
464	129	27
129	183	27
449	129	27
129	235	27
122	129	27
499	129	27
125	129	27
364	129	27
129	207	27
40	129	27
152	229	28
330	282	28
531	152	28
152	450	28
437	152	28
140	148	28
444	148	28
530	152	28
330	150	28
69	229	28
148	437	28
216	186	28
148	282	28
330	533	28
245	505	28
245	216	28
532	148	28
533	148	28
131	220	28
356	220	28
216	539	28
69	135	28
69	444	28
92	144	28
330	135	28
216	402	28
131	92	28
282	152	28
148	229	28
330	450	28
152	135	28
151	216	28
330	444	28
69	282	28
216	534	28
330	437	28
69	437	28
216	184	28
69	531	28
69	150	28
140	152	28
69	530	28
330	229	28
531	148	28
216	220	28
148	150	28
92	356	28
532	152	28
216	240	28
530	148	28
530	330	28
505	184	28
444	152	28
216	248	28
505	248	28
69	140	28
532	330	28
148	450	28
69	533	28
148	135	28
531	330	28
69	450	28
330	140	28
216	187	28
150	152	28
69	532	28
92	216	28
224	216	28
533	152	28
144	220	28
238	408	29
408	21	29
439	560	29
238	407	29
124	407	29
21	447	29
238	306	29
369	441	29
439	447	29
124	463	29
369	42	29
352	369	29
447	42	29
352	560	29
447	441	29
408	124	29
21	306	29
21	560	29
352	447	29
157	230	29
124	174	29
408	42	29
230	441	29
560	441	29
408	441	29
352	388	29
306	441	29
238	174	29
238	230	29
369	21	29
277	441	29
407	42	29
124	439	29
388	124	29
21	407	29
238	560	29
388	157	29
306	42	29
124	306	29
369	124	29
157	277	29
408	157	29
21	230	29
388	441	29
238	439	29
238	277	29
124	560	29
157	407	29
238	388	29
369	157	29
408	439	29
124	230	29
238	463	29
157	306	29
388	439	29
352	277	29
352	408	29
124	447	29
157	447	29
407	441	29
369	439	29
439	277	29
230	42	29
124	277	29
238	447	29
238	369	29
157	560	29
402	190	30
151	186	30
509	402	30
151	402	30
402	201	30
2	186	30
144	186	30
402	526	30
402	300	30
186	300	30
292	402	30
505	186	30
402	305	30
414	402	30
356	186	30
131	186	30
402	144	30
2	242	30
509	242	30
402	433	30
402	391	30
454	402	30
111	402	30
402	214	30
186	242	30
402	186	30
236	402	30
151	356	30
505	179	30
486	402	30
356	402	30
402	316	30
402	484	30
151	505	30
151	300	30
509	179	30
402	288	30
151	242	30
151	144	30
505	216	30
151	179	30
216	2	30
505	242	30
260	402	30
272	402	30
145	402	30
402	223	30
268	402	30
509	300	30
402	242	30
402	15	30
402	181	30
151	131	30
131	402	30
402	104	30
402	215	30
2	300	30
402	427	30
186	179	30
402	65	30
505	300	30
156	402	30
402	179	30
509	505	30
156	2	31
122	283	31
292	305	31
454	292	31
122	347	31
2	215	31
2	288	31
2	190	31
2	65	31
2	214	31
2	201	31
111	2	31
122	183	31
2	104	31
2	236	31
2	145	31
272	292	31
292	214	31
486	2	31
292	297	31
292	65	31
260	2	31
2	347	31
2	484	31
464	2	31
292	190	31
122	97	31
292	156	31
292	181	31
2	377	31
292	526	31
260	292	31
2	526	31
414	292	31
167	2	31
292	433	31
2	427	31
268	2	31
292	268	31
2	391	31
2	15	31
292	215	31
292	15	31
292	288	31
2	97	31
2	181	31
272	2	31
2	223	31
2	183	31
292	316	31
292	2	31
400	2	31
414	2	31
2	433	31
454	2	31
486	292	31
292	223	31
2	305	31
2	302	31
292	484	31
464	122	31
292	236	31
36	463	32
50	439	32
357	26	32
17	90	32
90	219	32
31	90	32
357	463	32
384	26	32
17	141	32
463	185	32
90	344	32
50	421	32
50	174	32
237	219	32
36	26	32
185	344	32
463	147	32
237	344	32
185	26	32
480	219	32
463	398	32
50	407	32
50	230	32
420	344	32
253	463	32
352	50	32
26	344	32
50	237	32
60	463	32
421	219	32
147	26	32
50	152	32
60	26	32
421	344	32
17	26	32
480	344	32
17	185	32
203	90	32
50	279	32
17	219	32
50	398	32
463	284	32
50	306	32
185	219	32
50	26	32
191	463	32
463	26	32
17	480	32
141	344	32
174	344	32
463	28	32
17	174	32
141	219	32
174	219	32
26	219	32
420	219	32
463	265	32
299	90	32
338	90	32
28	185	33
185	265	33
384	265	33
157	384	33
238	70	33
191	357	33
357	147	33
253	60	33
439	384	33
284	70	33
36	265	33
384	284	33
253	36	33
60	284	33
60	265	33
70	265	33
191	185	33
238	384	33
28	384	33
70	42	33
330	70	33
152	70	33
36	28	33
36	147	33
253	185	33
357	284	33
191	384	33
36	330	33
439	70	33
238	36	33
357	265	33
157	36	33
36	284	33
253	357	33
157	70	33
330	384	33
191	60	33
28	70	33
124	70	33
124	384	33
36	124	33
357	28	33
253	70	33
384	42	33
191	36	33
21	70	33
384	152	33
36	152	33
36	439	33
352	36	33
352	70	33
36	42	33
352	384	33
185	284	33
191	70	33
21	384	33
253	384	33
21	36	33
260	105	34
201	331	34
105	104	34
145	105	34
268	105	34
65	331	34
331	215	34
331	104	34
105	316	34
414	331	34
486	105	34
331	223	34
272	331	34
105	190	34
105	201	34
105	526	34
316	331	34
236	331	34
105	214	34
105	65	34
190	331	34
105	391	34
105	484	34
454	105	34
486	331	34
105	433	34
268	331	34
292	331	34
288	331	34
561	331	34
156	105	34
111	331	34
105	215	34
427	331	34
236	105	34
292	105	34
105	223	34
111	105	34
331	526	34
105	427	34
145	331	34
105	15	34
260	331	34
105	181	34
105	288	34
331	181	34
331	433	34
414	105	34
454	331	34
331	391	34
331	214	34
105	305	34
331	484	34
331	15	34
272	105	34
561	105	34
305	331	34
43	301	35
43	154	35
410	397	35
43	397	35
472	173	35
410	563	35
0	567	35
46	565	35
410	520	35
410	485	35
478	565	35
46	567	35
81	43	35
410	567	35
410	76	35
43	431	35
43	565	35
410	173	35
43	567	35
43	563	35
410	565	35
410	208	35
410	81	35
43	355	35
43	53	35
410	53	35
410	402	35
46	563	35
410	281	35
43	402	35
410	213	35
43	38	35
43	520	35
0	563	35
410	431	35
472	567	35
43	208	35
410	274	35
0	565	35
46	173	35
0	173	35
472	565	35
43	76	35
43	485	35
43	274	35
410	154	35
410	38	35
410	301	35
410	355	35
281	43	35
472	563	35
43	173	35
43	213	35
478	567	35
478	563	35
84	406	36
267	482	36
406	198	36
368	406	36
198	482	36
368	493	36
406	209	36
291	482	36
406	146	36
409	493	36
399	482	36
173	482	36
96	493	36
399	406	36
431	482	36
406	149	36
173	493	36
373	493	36
409	406	36
209	493	36
149	482	36
406	267	36
149	493	36
96	406	36
16	482	36
406	173	36
63	482	36
146	482	36
406	16	36
84	482	36
198	493	36
482	209	36
33	493	36
291	493	36
431	493	36
368	482	36
33	406	36
63	493	36
504	493	36
409	482	36
291	406	36
406	63	36
504	482	36
406	373	36
84	493	36
406	504	36
33	482	36
399	493	36
373	482	36
146	493	36
96	482	36
267	493	36
406	431	36
16	493	36
479	391	37
201	108	37
111	479	37
201	335	37
109	201	37
46	392	37
260	14	37
109	391	37
427	507	37
206	392	37
376	392	37
479	104	37
109	104	37
272	392	37
201	507	37
27	104	37
260	335	37
391	335	37
345	104	37
340	392	37
260	479	37
104	335	37
40	392	37
507	391	37
260	109	37
109	427	37
111	109	37
260	392	37
272	202	37
479	427	37
260	345	37
202	392	37
507	104	37
111	108	37
111	14	37
260	507	37
260	27	37
479	201	37
260	108	37
201	14	37
111	507	37
345	427	37
111	27	37
108	104	37
345	201	37
111	345	37
27	391	37
27	201	37
108	391	37
27	427	37
345	391	37
98	206	38
523	266	38
206	298	38
206	264	38
497	348	38
469	206	38
68	348	38
12	206	38
337	266	38
348	159	38
22	348	38
478	196	38
50	348	38
206	108	38
20	206	38
348	335	38
60	348	38
360	348	38
206	344	38
266	471	38
348	298	38
440	348	38
290	266	38
37	348	38
348	44	38
108	266	38
119	206	38
206	377	38
322	348	38
455	206	38
20	348	38
2	348	38
206	160	38
27	206	38
206	525	38
206	99	38
348	30	38
49	348	38
206	199	38
348	341	38
206	451	38
39	348	38
123	139	38
206	39	38
14	348	38
478	451	38
322	266	38
206	519	38
377	159	38
498	347	39
212	498	39
498	207	39
498	181	39
382	498	39
41	498	39
257	498	39
498	138	39
498	133	39
498	390	39
454	498	39
498	286	39
283	498	39
183	498	39
498	62	39
424	498	39
355	498	39
498	95	39
498	297	39
34	498	39
498	358	39
97	498	39
498	29	39
2	498	39
122	498	39
281	498	39
498	514	39
488	498	39
278	498	39
368	498	39
498	301	39
373	498	39
498	359	39
399	498	39
498	267	39
96	498	39
45	498	39
129	498	39
129	2	39
317	498	39
385	498	39
498	159	39
51	498	39
498	348	39
235	498	39
165	498	39
498	194	39
498	198	39
561	478	40
486	557	40
557	236	40
561	557	40
557	484	40
414	557	40
557	288	40
557	108	40
557	316	40
557	104	40
272	557	40
557	190	40
557	427	40
557	201	40
561	410	40
557	526	40
557	305	40
561	0	40
557	65	40
557	345	40
557	181	40
557	223	40
557	268	40
557	214	40
561	472	40
260	557	40
557	156	40
454	557	40
557	145	40
557	27	40
557	335	40
557	14	40
561	46	40
557	297	40
292	557	40
557	15	40
557	109	40
557	215	40
557	433	40
557	507	40
557	111	40
557	479	40
557	391	40
561	43	40
460	237	41
17	375	41
420	258	41
460	421	41
17	445	41
494	421	41
420	529	41
17	161	41
521	421	41
237	110	41
529	421	41
237	74	41
17	456	41
460	420	41
445	421	41
237	521	41
237	494	41
161	421	41
237	445	41
375	237	41
237	161	41
17	521	41
375	420	41
237	258	41
17	258	41
237	120	41
420	241	41
420	494	41
237	405	41
375	421	41
420	161	41
237	241	41
456	420	41
237	456	41
237	529	41
456	421	41
17	460	41
241	421	41
420	445	41
17	529	41
521	420	41
17	241	41
17	494	41
258	421	41
359	433	42
387	433	42
286	433	42
139	433	42
473	433	42
488	433	42
382	433	42
342	433	42
433	358	42
438	433	42
235	433	42
56	433	42
20	433	42
347	433	42
301	433	42
212	433	42
159	433	42
514	433	42
165	433	42
34	433	42
348	433	42
283	433	42
257	433	42
433	208	42
122	433	42
385	433	42
133	433	42
129	433	42
183	433	42
97	433	42
62	433	42
98	433	42
95	433	42
433	390	42
45	433	42
317	433	42
207	433	42
278	433	42
424	433	42
41	433	42
148	202	43
148	174	43
166	148	43
69	202	43
330	230	43
148	294	43
148	306	43
69	230	43
69	407	43
407	148	43
230	148	43
69	501	43
143	148	43
69	463	43
69	185	43
69	398	43
330	398	43
148	463	43
152	270	43
69	166	43
148	26	43
148	277	43
69	388	43
388	330	43
330	277	43
69	277	43
330	407	43
388	148	43
148	185	43
148	270	43
148	398	43
277	152	43
330	202	43
69	306	43
330	306	43
202	152	43
69	174	43
330	270	43
388	152	43
69	26	43
567	427	44
567	104	44
274	104	44
565	427	44
38	201	44
111	397	44
213	427	44
563	427	44
111	213	44
565	391	44
111	38	44
173	391	44
38	104	44
173	201	44
274	391	44
565	201	44
427	397	44
111	565	44
111	563	44
391	397	44
173	427	44
38	391	44
38	427	44
274	427	44
111	274	44
563	201	44
563	104	44
173	104	44
111	173	44
111	567	44
563	391	44
397	104	44
567	201	44
567	391	44
201	397	44
565	104	44
274	201	44
213	201	44
213	104	44
213	391	44
420	64	45
420	487	45
254	420	45
64	421	45
421	54	45
237	64	45
420	266	45
237	54	45
420	370	45
217	237	45
237	370	45
420	222	45
217	421	45
222	421	45
237	487	45
171	421	45
420	54	45
416	421	45
59	420	45
237	67	45
487	421	45
266	421	45
237	254	45
237	171	45
237	222	45
237	416	45
370	421	45
420	171	45
217	420	45
59	421	45
254	421	45
237	59	45
420	416	45
237	266	45
502	83	46
543	457	46
502	276	46
49	219	46
502	543	46
310	219	46
66	457	46
17	91	46
17	310	46
502	117	46
141	457	46
502	269	46
35	457	46
502	141	46
117	457	46
310	344	46
218	457	46
17	49	46
502	457	46
269	457	46
91	344	46
75	219	46
502	218	46
502	35	46
49	344	46
91	219	46
17	75	46
502	481	46
221	457	46
502	66	46
276	457	46
502	221	46
83	457	46
75	344	46
460	480	47
451	480	47
17	99	47
480	256	47
420	99	47
247	507	47
17	451	47
451	420	47
451	90	47
480	202	47
119	480	47
2	372	47
202	90	47
256	90	47
480	99	47
17	196	47
196	90	47
420	196	47
99	90	47
480	196	47
119	90	47
555	396	48
555	234	48
555	247	48
555	307	48
555	19	48
555	182	48
555	417	48
555	318	48
555	180	48
555	226	48
555	415	48
555	166	48
555	311	48
395	555	48
555	52	48
470	555	48
555	78	48
555	483	48
555	362	48
555	87	48
315	153	49
94	162	49
315	162	49
30	162	49
438	30	49
94	424	49
94	438	49
94	206	49
94	153	49
312	153	49
424	315	49
312	438	49
153	30	49
315	438	49
312	162	49
12	220	50
6	220	50
92	9	50
7	220	50
151	2	50
468	220	50
92	428	50
428	220	50
9	220	50
92	7	50
92	6	50
92	12	50
92	468	50
281	129	51
283	301	51
137	293	51
247	496	51
2	482	51
2	493	51
57	247	51
125	138	51
57	385	51
103	138	51
57	159	51
2	406	51
400	315	52
401	377	52
401	315	52
312	400	52
400	94	52
400	30	52
401	302	52
400	401	52
167	401	52
94	401	52
464	380	53
380	97	53
329	97	53
183	329	53
329	347	53
380	283	53
183	380	53
380	347	53
464	329	53
329	283	53
420	150	54
385	202	54
460	385	54
385	332	54
385	256	54
17	150	54
237	150	54
150	421	54
119	385	54
92	345	55
92	335	55
220	507	55
92	27	55
92	14	55
92	507	55
92	479	55
92	108	55
479	220	55
102	26	56
255	26	56
336	26	56
61	26	56
378	26	56
523	26	56
332	26	56
132	26	56
26	77	56
406	30	57
312	302	57
406	315	57
302	315	57
302	30	57
94	302	57
94	406	57
485	135	58
53	135	58
135	76	58
135	154	58
520	135	58
402	135	58
561	184	58
380	184	59
329	248	59
380	248	59
245	329	59
245	380	59
329	184	59
93	356	60
93	92	60
93	131	60
93	144	60
93	220	60
516	209	61
516	291	61
96	516	61
84	516	61
516	149	61
193	347	62
193	183	62
193	283	62
464	193	62
193	97	62
488	122	63
281	301	63
139	74	63
122	382	63
41	119	63
247	244	64
247	295	64
426	462	64
462	295	64
462	244	64
